class,w,h,xc,yc,area
2,0.0667,0.0583,0.1567,0.6225,0.0038886099999999994
2,0.0467,0.05,0.025,0.065,0.002335
1,0.0367,0.0433,0.3367,0.3183,0.0015891100000000001
1,0.0333,0.0367,0.565,0.905,0.0012221100000000002
1,0.0467,0.0433,0.5567,0.7167,0.0020221099999999997
4,0.035,0.0217,0.4725,0.2975,0.0007595000000000001
4,0.0317,0.025,0.7925,0.3908,0.0007925
4,0.0317,0.0267,0.1675,0.5517,0.00084639
0,0.04,0.0383,0.745,0.1275,0.0015320000000000002
2,0.0317,0.0367,0.9258,0.0917,0.00116339
3,0.0483,0.065,0.2892,0.3608,0.0031395000000000004
3,0.0783,0.0633,0.3242,0.1217,0.004956389999999999
3,0.0517,0.0733,0.4742,0.585,0.0037896100000000005
4,0.03,0.0283,0.4833,0.0592,0.0008489999999999999
4,0.045,0.025,0.0508,0.3775,0.001125
4,0.0283,0.025,0.3225,0.5492,0.0007075
3,0.0567,0.0483,0.365,0.2075,0.0027386100000000003
3,0.055,0.0567,0.8042,0.3217,0.0031185
3,0.06,0.0717,0.8383,0.6658,0.004301999999999999
0,0.0467,0.0283,0.2433,0.0592,0.00132161
0,0.0267,0.0467,0.5433,0.32,0.00124689
0,0.0267,0.0433,0.9117,0.4567,0.0011561100000000001
3,0.0267,0.0717,0.015,0.5808,0.0019143900000000002
3,0.0483,0.1,0.0325,0.4917,0.004830000000000001
3,0.0467,0.0483,0.4333,0.0775,0.00225561
1,0.0399,0.0699,0.589,0.5574,0.00278901
3,0.035,0.0333,0.3975,0.4017,0.0011655000000000003
3,0.045,0.0267,0.6858,0.38,0.0012015
5,0.07,0.0433,0.4067,0.8233,0.0030310000000000003
5,0.0783,0.0367,0.3975,0.2367,0.00287361
5,0.0783,0.0383,0.1708,0.4458,0.0029988899999999997
5,0.0467,0.0467,0.025,0.17,0.00218089
0,0.025,0.0583,0.3592,0.3942,0.0014575
1,0.0683,0.035,0.3242,0.3558,0.0023905000000000003
2,0.04,0.0383,0.825,0.4725,0.0015320000000000002
5,0.075,0.0517,0.1775,0.1658,0.0038775
5,0.09,0.04,0.5517,0.5167,0.0036
5,0.0417,0.0883,0.4508,0.1058,0.00368211
5,0.0767,0.035,0.04,0.6242,0.0026845000000000003
0,0.0267,0.035,0.89,0.2158,0.0009345000000000001
2,0.035,0.035,0.1358,0.9808,0.0012250000000000002
2,0.0417,0.0417,0.9775,0.7775,0.00173889
0,0.06,0.0617,0.5583,0.8958,0.0037019999999999996
0,0.0583,0.0517,0.7108,0.5242,0.00301411
1,0.0633,0.0283,0.205,0.7158,0.0017913899999999997
5,0.1015,0.0449,0.3003,0.6165,0.004557350000000001
5,0.0649,0.0749,0.4318,0.3935,0.00486101
3,0.0699,0.0815,0.7454,0.9276,0.005696850000000001
3,0.0765,0.1015,0.5042,0.5233,0.00776475
3,0.0699,0.1131,0.8935,0.5591,0.007905690000000002
2,0.0433,0.0367,0.41,0.2083,0.0015891100000000001
2,0.04,0.0233,0.3233,0.9867,0.0009320000000000001
2,0.0383,0.0383,0.3192,0.5175,0.00146689
2,0.0467,0.045,0.6467,0.5175,0.0021015
0,0.06,0.0417,0.125,0.2158,0.002502
1,0.05,0.0817,0.0483,0.0792,0.004085
4,0.0617,0.0433,0.3692,0.8817,0.0026716099999999996
4,0.0483,0.08,0.5092,0.7567,0.0038640000000000002
4,0.0633,0.05,0.3683,0.3167,0.003165
4,0.0517,0.0783,0.7525,0.7742,0.00404811
4,0.0667,0.045,0.6567,0.3925,0.0030015
2,0.04,0.035,0.0583,0.3025,0.0014000000000000002
4,0.0333,0.0367,0.8917,0.465,0.0012221100000000002
1,0.0616,0.0366,0.4135,0.396,0.00225456
1,0.0632,0.0366,0.5025,0.7171,0.00231312
5,0.0267,0.0717,0.3683,0.4625,0.0019143900000000002
5,0.0233,0.085,0.43,0.6042,0.0019805
5,0.02,0.0617,0.0433,0.5158,0.001234
2,0.0483,0.0433,0.6708,0.11,0.00209139
2,0.0367,0.04,0.0733,0.0333,0.0014680000000000001
2,0.035,0.0483,0.1875,0.0358,0.0016905000000000002
1,0.03,0.0667,0.2933,0.0767,0.0020009999999999997
1,0.0317,0.07,0.3275,0.2333,0.002219
1,0.0633,0.0283,0.9583,0.3075,0.0017913899999999997
1,0.0283,0.0667,0.5275,0.7517,0.0018876099999999999
4,0.0366,0.0399,0.2313,0.614,0.0014603399999999999
4,0.0383,0.0416,0.1656,0.3153,0.0015932799999999999
3,0.0815,0.0316,0.703,0.9809,0.0025754000000000003
3,0.0998,0.0882,0.9235,0.2704,0.00880236
3,0.0749,0.0832,0.7779,0.5374,0.006231679999999999
4,0.0217,0.0333,0.9608,0.5967,0.00072261
4,0.03,0.0217,0.1233,0.6158,0.000651
4,0.025,0.0283,0.3125,0.4508,0.0007075
0,0.04,0.0517,0.0517,0.2425,0.002068
4,0.03,0.0267,0.6217,0.2167,0.0008010000000000001
0,0.0333,0.0316,0.3943,0.6165,0.0010522800000000003
4,0.0417,0.0283,0.1825,0.7408,0.00118011
4,0.025,0.0383,0.4975,0.9508,0.0009575
0,0.0483,0.0383,0.5275,0.8442,0.00184989
2,0.0567,0.0517,0.575,0.7992,0.0029313900000000003
2,0.0583,0.055,0.7475,0.6775,0.0032064999999999997
0,0.0417,0.045,0.0225,0.7342,0.0018765
0,0.0333,0.0383,0.6283,0.3425,0.0012753900000000002
0,0.0333,0.0367,0.6667,0.785,0.0012221100000000002
2,0.045,0.0483,0.7942,0.9208,0.0021735
2,0.04,0.0333,0.69,0.2033,0.001332
2,0.0317,0.035,0.9825,0.2392,0.0011095
2,0.0367,0.04,0.74,0.73,0.0014680000000000001
3,0.0633,0.065,0.035,0.8192,0.0041145
4,0.0416,0.0366,0.277,0.9784,0.00152256
0,0.0517,0.0283,0.4242,0.1175,0.00146311
0,0.0267,0.0433,0.955,0.2067,0.0011561100000000001
0,0.0533,0.0217,0.085,0.7808,0.00115661
1,0.0416,0.0549,0.4534,0.9443,0.0022838399999999997
5,0.13,0.0767,0.6633,0.29,0.009971
5,0.075,0.1917,0.8525,0.7558,0.0143775
2,0.0483,0.0433,0.495,0.8752,0.00209139
2,0.0483,0.0449,0.8494,0.1938,0.00216867
2,0.0416,0.0466,0.6631,0.4393,0.00193856
2,0.0449,0.0483,0.3985,0.7712,0.00216867
2,0.0483,0.0499,0.1739,0.6622,0.00241017
1,0.0317,0.07,0.1642,0.4733,0.002219
1,0.0583,0.03,0.3208,0.4583,0.001749
4,0.0399,0.02,0.5857,0.7271,0.000798
4,0.0416,0.0349,0.8261,0.6265,0.00145184
1,0.0366,0.0333,0.4925,0.2729,0.00121878
1,0.0416,0.0516,0.7562,0.1073,0.00214656
5,0.1,0.04,0.0567,0.8767,0.004
5,0.055,0.1317,0.0475,0.6092,0.007243500000000001
3,0.0683,0.0667,0.1375,0.23,0.00455561
2,0.0717,0.0667,0.2975,0.4717,0.00478239
5,0.0732,0.0715,0.5275,0.2121,0.005233799999999999
0,0.04,0.0533,0.0867,0.3083,0.002132
2,0.06,0.0683,0.7417,0.7708,0.004098
4,0.0317,0.0367,0.3108,0.7283,0.00116339
1,0.0732,0.0532,0.2446,0.0483,0.0038942399999999998
1,0.0416,0.0582,0.2221,0.3286,0.00242112
2,0.0466,0.0383,0.6739,0.9276,0.0017847800000000001
5,0.0367,0.075,0.855,0.5342,0.0027525
5,0.0833,0.03,0.6033,0.31,0.002499
5,0.0317,0.0683,0.6308,0.8642,0.00216511
0,0.0549,0.0433,0.9692,0.3245,0.0023771699999999996
0,0.0582,0.0333,0.8977,0.7338,0.0019380600000000003
0,0.0399,0.0516,0.6123,0.1889,0.0020588399999999997
2,0.06,0.0683,0.7417,0.1042,0.004098
2,0.0633,0.0533,0.6183,0.7667,0.0033738899999999996
5,0.0416,0.1281,0.6015,0.4983,0.00532896
5,0.0865,0.0349,0.6606,0.2105,0.00301885
4,0.03,0.0333,0.7105,0.0366,0.000999
4,0.03,0.0366,0.2529,0.1348,0.001098
0,0.0633,0.0483,0.175,0.5692,0.00305739
0,0.0517,0.0683,0.0408,0.7458,0.00353111
2,0.0383,0.0367,0.4808,0.265,0.00140561
3,0.0633,0.0517,0.36,0.4475,0.00327261
3,0.065,0.0617,0.5025,0.8625,0.0040105
5,0.0367,0.0683,0.0417,0.6325,0.0025066100000000003
5,0.08,0.0317,0.2183,0.4142,0.002536
5,0.095,0.0417,0.1042,0.8075,0.0039615
5,0.0683,0.0383,0.4358,0.7042,0.00261589
2,0.075,0.0317,0.3225,0.9825,0.0023775
0,0.0316,0.0566,0.7196,0.3295,0.00178856
1,0.0617,0.0317,0.8208,0.7092,0.00195589
1,0.03,0.0367,0.84,0.8783,0.001101
3,0.0532,0.0765,0.614,0.1481,0.004069799999999999
3,0.0815,0.0599,0.4118,0.6223,0.00488185
3,0.0367,0.0483,0.49,0.5508,0.0017726100000000002
4,0.0417,0.0833,0.4475,0.1517,0.0034736100000000002
4,0.0417,0.065,0.2725,0.3275,0.0027105000000000002
2,0.0965,0.1015,0.6872,0.2987,0.009794750000000001
5,0.0782,0.1098,0.7862,0.4193,0.00858636
5,0.0616,0.0599,0.8744,0.797,0.0036898400000000002
5,0.1048,0.0532,0.2737,0.2879,0.00557536
5,0.0599,0.0649,0.1148,0.5133,0.0038875100000000003
2,0.0417,0.0417,0.3908,0.3258,0.00173889
0,0.04,0.0583,0.785,0.1258,0.002332
4,0.0333,0.0399,0.8003,0.4692,0.0013286700000000001
0,0.0517,0.0367,0.0492,0.3783,0.0018973900000000003
0,0.0483,0.06,0.0958,0.6267,0.002898
2,0.065,0.0717,0.2592,0.0442,0.004660500000000001
0,0.06,0.03,0.525,0.38,0.0018
2,0.0433,0.04,0.18,0.9,0.001732
5,0.0899,0.025,0.5241,0.3686,0.0022475
2,0.0616,0.0616,0.4601,0.2022,0.00379456
2,0.0749,0.0899,0.48,0.6855,0.006733509999999999
2,0.0799,0.0765,0.4859,0.406,0.00611235
2,0.0383,0.0349,0.8078,0.5732,0.00133667
2,0.0383,0.0316,0.9775,0.7646,0.0012102800000000002
2,0.0399,0.0383,0.7737,0.9659,0.00152817
3,0.0632,0.0682,0.9651,0.698,0.00431024
0,0.0366,0.0333,0.4326,0.0915,0.00121878
1,0.07,0.035,0.6033,0.3408,0.0024500000000000004
1,0.06,0.03,0.4,0.2517,0.0018
1,0.0333,0.04,0.6433,0.9783,0.001332
3,0.0533,0.0617,0.3,0.8292,0.00328861
3,0.055,0.0567,0.6392,0.7083,0.0031185
2,0.0533,0.05,0.4817,0.825,0.0026650000000000003
2,0.0417,0.0483,0.5975,0.5642,0.00201411
0,0.03,0.0366,0.8669,0.7754,0.001098
0,0.0549,0.0283,0.1456,0.5982,0.0015536699999999998
3,0.0599,0.0616,0.6023,0.5017,0.0036898400000000002
3,0.0549,0.0516,0.4667,0.129,0.0028328399999999997
3,0.0599,0.0882,0.9334,0.6131,0.00528318
0,0.0449,0.0349,0.302,0.4251,0.0015670100000000002
0,0.0333,0.0483,0.8552,0.6348,0.0016083900000000003
1,0.0283,0.0567,0.5175,0.9317,0.00160461
0,0.0433,0.0732,0.8153,0.8819,0.00316956
4,0.0267,0.0317,0.565,0.4175,0.00084639
4,0.035,0.0483,0.6225,0.4842,0.0016905000000000002
2,0.0516,0.0483,0.0824,0.5416,0.00249228
2,0.0499,0.0483,0.4526,0.5433,0.00241017
0,0.0466,0.0582,0.5807,0.089,0.00271212
0,0.0632,0.0749,0.7238,0.2937,0.0047336800000000005
4,0.04,0.0467,0.7133,0.1417,0.0018679999999999999
4,0.0617,0.0333,0.5892,0.0183,0.00205461
2,0.0449,0.0399,0.2304,0.9101,0.00179151
3,0.0333,0.04,0.5167,0.3967,0.001332
3,0.05,0.0383,0.0767,0.5925,0.001915
5,0.0317,0.065,0.3792,0.3075,0.0020605
4,0.04,0.0383,0.69,0.5025,0.0015320000000000002
4,0.035,0.03,0.0842,0.3733,0.0010500000000000002
1,0.045,0.0817,0.1208,0.6925,0.0036764999999999996
1,0.0383,0.0717,0.6575,0.5825,0.00274611
1,0.0383,0.0567,0.1708,0.5267,0.00217161
3,0.0566,0.0632,0.6023,0.5824,0.00357712
3,0.0566,0.0815,0.2579,0.8195,0.0046129
5,0.0699,0.03,0.0366,0.2696,0.002097
5,0.0449,0.1331,0.7845,0.8735,0.00597619
3,0.0667,0.0817,0.6,0.4825,0.005449389999999999
3,0.0567,0.0617,0.79,0.8058,0.00349839
2,0.045,0.045,0.8608,0.9758,0.002025
2,0.045,0.0567,0.5592,0.7467,0.0025515
1,0.035,0.06,0.3958,0.585,0.0021000000000000003
1,0.035,0.0617,0.7175,0.4958,0.0021595
0,0.065,0.0433,0.3675,0.0233,0.0028145
0,0.06,0.085,0.6833,0.2108,0.0051
4,0.0617,0.0433,0.0358,0.455,0.0026716099999999996
4,0.0483,0.08,0.1758,0.33,0.0038640000000000002
4,0.0517,0.0783,0.4192,0.3475,0.00404811
4,0.0483,0.0417,0.1408,0.2875,0.00201411
4,0.0333,0.0633,0.0183,0.4117,0.00210789
1,0.065,0.07,0.9658,0.6317,0.00455
1,0.0633,0.0917,0.895,0.9025,0.00580461
1,0.0383,0.0466,0.6631,0.7404,0.0017847800000000001
1,0.0732,0.0399,0.3062,0.782,0.0029206799999999997
1,0.0416,0.0948,0.1672,0.1672,0.00394368
2,0.0466,0.0349,0.4226,0.2804,0.0016263400000000002
5,0.0333,0.075,0.9667,0.4492,0.0024975
3,0.0516,0.0616,0.9609,0.6115,0.00317856
4,0.0317,0.0333,0.3442,0.3183,0.00105561
2,0.0399,0.0366,0.7953,0.4725,0.0014603399999999999
0,0.045,0.055,0.6458,0.0308,0.0024749999999999998
0,0.05,0.0317,0.3783,0.3492,0.001585
0,0.0283,0.0517,0.9508,0.5575,0.00146311
5,0.0383,0.0883,0.9092,0.2192,0.0033818900000000002
1,0.0533,0.0583,0.1767,0.7308,0.00310739
1,0.0367,0.065,0.6317,0.8392,0.0023855000000000005
0,0.0467,0.065,0.1417,0.7342,0.0030355
0,0.035,0.0717,0.5092,0.4492,0.0025095000000000004
0,0.05,0.0633,0.5283,0.9167,0.003165
0,0.0517,0.0717,0.8575,0.7592,0.00370689
4,0.045,0.0367,0.8275,0.6883,0.0016515000000000002
4,0.0333,0.0383,0.28,0.6842,0.0012753900000000002
4,0.045,0.0533,0.1758,0.57,0.0023985
0,0.0467,0.0333,0.0683,0.4167,0.0015551100000000002
4,0.035,0.025,0.5575,0.2808,0.0008750000000000001
4,0.0317,0.0283,0.3108,0.1125,0.0008971099999999999
4,0.0367,0.02,0.56,0.055,0.0007340000000000001
5,0.075,0.0267,0.8092,0.4333,0.0020025
5,0.0583,0.0267,0.7458,0.57,0.00155661
5,0.035,0.0683,0.0742,0.5842,0.0023905000000000003
4,0.0183,0.02,0.9725,0.6667,0.000366
4,0.0233,0.0267,0.4033,0.8933,0.00062211
4,0.0317,0.025,0.3042,0.3408,0.0007925
4,0.0183,0.0233,0.2125,0.6133,0.00042639
2,0.045,0.045,0.6208,0.1708,0.002025
5,0.0366,0.1032,0.8336,0.9451,0.00377712
5,0.0633,0.03,0.325,0.16,0.0018989999999999999
5,0.0417,0.0183,0.2492,0.2442,0.00076311
5,0.0416,0.0749,0.8627,0.6398,0.0031158399999999995
5,0.0383,0.0699,0.2072,0.6273,0.00267717
5,0.0316,0.0799,0.1755,0.8968,0.0025248400000000004
0,0.0567,0.03,0.03,0.6867,0.001701
0,0.0366,0.0283,0.782,0.8894,0.00103578
2,0.0367,0.0383,0.095,0.4725,0.00140561
4,0.0333,0.04,0.295,0.3383,0.001332
4,0.0367,0.0433,0.8433,0.265,0.0015891100000000001
0,0.0467,0.0517,0.7067,0.4575,0.00241439
3,0.0583,0.0617,0.6908,0.6192,0.0035971099999999997
3,0.0383,0.0417,0.7692,0.2925,0.0015971100000000001
2,0.0417,0.0367,0.8675,0.5283,0.0015303900000000002
2,0.045,0.0517,0.6375,0.8175,0.0023265
1,0.0449,0.0799,0.8245,0.9334,0.0035875100000000004
1,0.0732,0.0499,0.5291,0.7038,0.00365268
1,0.0715,0.0483,0.5982,0.5283,0.00345345
3,0.0599,0.0732,0.8769,0.9551,0.00438468
1,0.05,0.0867,0.2183,0.1233,0.004335
2,0.0567,0.0617,0.5367,0.5408,0.00349839
3,0.0483,0.045,0.4675,0.1575,0.0021735
3,0.0483,0.05,0.2625,0.3033,0.0024150000000000005
3,0.04,0.0467,0.3317,0.5933,0.0018679999999999999
4,0.04,0.0533,0.6183,0.5117,0.002132
4,0.0333,0.025,0.4783,0.6908,0.0008325000000000001
3,0.03,0.0567,0.2933,0.5117,0.001701
3,0.0333,0.0417,0.48,0.1492,0.0013886100000000002
3,0.0417,0.0417,0.0708,0.8108,0.00173889
2,0.0317,0.035,0.2975,0.4758,0.0011095
2,0.0417,0.035,0.5158,0.5558,0.0014595
2,0.0367,0.035,0.6733,0.2292,0.0012845000000000003
2,0.0383,0.0467,0.7042,0.745,0.00178861
1,0.0617,0.0317,0.4992,0.2742,0.00195589
4,0.0449,0.0566,0.1789,0.4526,0.00254134
4,0.0349,0.0433,0.1556,0.0449,0.00151117
5,0.0366,0.0815,0.208,0.9309,0.0029829
5,0.0266,0.0666,0.5607,0.0483,0.0017715600000000001
0,0.0333,0.0583,0.5067,0.4992,0.00194139
0,0.0533,0.0283,0.8033,0.7042,0.0015083899999999999
0,0.0267,0.0433,0.4417,0.96,0.0011561100000000001
3,0.0649,0.0283,0.3136,0.9825,0.0018366699999999999
3,0.0599,0.0649,0.1913,0.876,0.0038875100000000003
3,0.0616,0.0666,0.6414,0.5474,0.004102560000000001
3,0.0532,0.0499,0.6789,0.6506,0.00265468
4,0.045,0.0667,0.1625,0.325,0.0030015
5,0.0666,0.0433,0.6456,0.6456,0.0028837800000000003
4,0.045,0.05,0.3092,0.0417,0.00225
4,0.0567,0.07,0.0967,0.1783,0.003969
4,0.0383,0.05,0.6425,0.0883,0.001915
1,0.0582,0.0349,0.0541,0.2354,0.00203118
4,0.0316,0.0483,0.2687,0.1839,0.0015262800000000003
4,0.0333,0.0283,0.0233,0.6547,0.0009423900000000001
4,0.025,0.0316,0.515,0.52,0.0007900000000000001
2,0.0583,0.0583,0.0308,0.2058,0.00339889
0,0.0717,0.05,0.8708,0.3333,0.003585
5,0.0467,0.0317,0.7417,0.0175,0.0014803899999999998
3,0.0267,0.0533,0.015,0.955,0.00142311
1,0.0483,0.03,0.9742,0.3117,0.001449
4,0.03,0.0333,0.685,0.3783,0.000999
4,0.0467,0.0317,0.7883,0.7758,0.0014803899999999998
0,0.025,0.0417,0.0442,0.2142,0.0010425
0,0.0267,0.06,0.1733,0.6433,0.0016020000000000001
0,0.0267,0.065,0.445,0.7358,0.0017355
0,0.0233,0.0533,0.6067,0.65,0.00124189
4,0.0317,0.0367,0.4892,0.7133,0.00116339
4,0.0333,0.0267,0.1467,0.4183,0.0008891100000000001
4,0.03,0.0333,0.7433,0.355,0.000999
4,0.0267,0.0317,0.555,0.2642,0.00084639
5,0.0183,0.0967,0.3342,0.9383,0.00176961
5,0.025,0.1133,0.4358,0.9067,0.0028325
2,0.0367,0.0417,0.3017,0.9425,0.0015303900000000002
5,0.065,0.0533,0.4008,0.8733,0.0034645
4,0.0283,0.035,0.4308,0.0442,0.0009905
4,0.0267,0.03,0.7,0.1017,0.0008010000000000001
4,0.0333,0.0367,0.3217,0.1317,0.0012221100000000002
4,0.04,0.0283,0.4633,0.8358,0.001132
3,0.0417,0.0817,0.3558,0.4075,0.0034068899999999997
3,0.0433,0.0883,0.7017,0.3592,0.00382339
5,0.0632,0.025,0.5191,0.8311,0.0015800000000000002
5,0.0566,0.0316,0.0316,0.5566,0.00178856
4,0.0333,0.03,0.49,0.555,0.000999
4,0.02,0.0367,0.865,0.4817,0.0007340000000000001
4,0.0317,0.0233,0.2208,0.6133,0.00073861
4,0.03,0.025,0.895,0.7492,0.00075
2,0.035,0.0383,0.8158,0.6675,0.0013405000000000001
2,0.0317,0.04,0.5442,0.19,0.001268
2,0.0383,0.0283,0.4058,0.8292,0.00108389
5,0.0333,0.0933,0.2617,0.8983,0.00310689
5,0.0333,0.035,0.26,0.9808,0.0011655000000000003
1,0.0367,0.0333,0.505,0.7283,0.0012221100000000002
1,0.0417,0.0517,0.2408,0.8942,0.00215589
0,0.06,0.0617,0.5583,0.2292,0.0037019999999999996
0,0.0667,0.0533,0.6983,0.7233,0.0035551099999999998
0,0.0617,0.0417,0.6758,0.3575,0.00257289
3,0.0817,0.1233,0.5692,0.6033,0.01007361
3,0.07,0.0983,0.3433,0.1792,0.006881000000000001
2,0.0416,0.0483,0.3136,0.9193,0.00200928
1,0.0633,0.0283,0.615,0.1342,0.0017913899999999997
1,0.0633,0.0283,0.87,0.0492,0.0017913899999999997
1,0.0617,0.0217,0.4392,0.4358,0.00133889
1,0.0333,0.0633,0.085,0.5167,0.00210789
1,0.0633,0.03,0.4267,0.3283,0.0018989999999999999
5,0.0599,0.0649,0.4459,0.1689,0.0038875100000000003
5,0.1032,0.0416,0.2679,0.0225,0.00429312
0,0.0583,0.03,0.6375,0.4367,0.001749
1,0.0683,0.0417,0.2125,0.5892,0.00284811
5,0.085,0.0417,0.5358,0.2275,0.0035445000000000003
4,0.0333,0.04,0.6267,0.8383,0.001332
4,0.0183,0.025,0.5542,0.5592,0.0004575
1,0.03,0.0633,0.935,0.665,0.0018989999999999999
4,0.03,0.0267,0.5567,0.1067,0.0008010000000000001
4,0.0267,0.0333,0.3767,0.5233,0.0008891100000000001
4,0.025,0.025,0.0742,0.2658,0.0006250000000000001
3,0.08,0.065,0.5183,0.6008,0.005200000000000001
3,0.06,0.055,0.195,0.7908,0.0033
2,0.04,0.04,0.855,0.6617,0.0016
2,0.0383,0.0383,0.8508,0.1842,0.00146689
1,0.0533,0.04,0.1117,0.1133,0.002132
1,0.0483,0.04,0.2308,0.3317,0.0019320000000000001
2,0.0367,0.0383,0.5283,0.8258,0.00140561
3,0.0566,0.0682,0.7671,0.3353,0.0038601199999999994
3,0.0765,0.0765,0.3228,0.3794,0.00585225
3,0.0749,0.0632,0.5566,0.3694,0.0047336800000000005
4,0.025,0.035,0.1708,0.3608,0.0008750000000000001
0,0.0349,0.0483,0.9043,0.525,0.00168567
0,0.0316,0.0499,0.7662,0.3727,0.0015768400000000001
1,0.0399,0.0333,0.4709,0.2047,0.0013286700000000001
1,0.0349,0.0316,0.4018,0.5732,0.0011028400000000001
2,0.0433,0.0466,0.6223,0.1814,0.00201778
2,0.0367,0.0467,0.8133,0.445,0.00171389
1,0.0533,0.0383,0.0583,0.2008,0.00204139
1,0.0317,0.07,0.4992,0.14,0.002219
1,0.0583,0.03,0.6558,0.125,0.001749
1,0.0333,0.035,0.7467,0.9808,0.0011655000000000003
5,0.03,0.0517,0.1567,0.0675,0.001551
5,0.0533,0.025,0.4167,0.1208,0.0013325000000000001
5,0.035,0.04,0.3625,0.3667,0.0014000000000000002
2,0.0467,0.0467,0.5417,0.0883,0.00218089
2,0.0417,0.0467,0.6842,0.385,0.00194739
2,0.05,0.05,0.3033,0.5683,0.0025000000000000005
5,0.0433,0.0582,0.4626,0.0957,0.00252006
4,0.025,0.025,0.7292,0.3358,0.0006250000000000001
2,0.0383,0.0333,0.0908,0.075,0.0012753900000000002
2,0.0367,0.04,0.3967,0.17,0.0014680000000000001
2,0.04,0.0483,0.34,0.6592,0.0019320000000000001
2,0.0433,0.0433,0.3993,0.4393,0.00187489
2,0.0516,0.0483,0.0923,0.2288,0.00249228
4,0.0266,0.0283,0.4592,0.8494,0.0007527799999999999
4,0.0316,0.03,0.3852,0.5141,0.0009480000000000001
1,0.0333,0.0715,0.2962,0.3519,0.00238095
0,0.0632,0.0616,0.5025,0.2471,0.0038931200000000003
0,0.0516,0.0732,0.1805,0.4426,0.00377712
0,0.0433,0.0532,0.1431,0.7537,0.0023035599999999996
0,0.0449,0.0599,0.6314,0.6938,0.0026895100000000004
4,0.0516,0.0782,0.911,0.2271,0.0040351200000000005
4,0.0349,0.0366,0.7346,0.5241,0.00127734
2,0.05,0.045,0.46,0.8408,0.00225
0,0.085,0.0317,0.5558,0.4358,0.0026945000000000003
0,0.0583,0.0217,0.9642,0.6642,0.00126511
0,0.02,0.0367,0.79,0.98,0.0007340000000000001
0,0.0483,0.025,0.5458,0.9442,0.0012075000000000002
4,0.0283,0.0316,0.7213,0.6381,0.00089428
1,0.0517,0.0717,0.0475,0.7542,0.00370689
1,0.0567,0.04,0.3283,0.7767,0.002268
1,0.0483,0.0433,0.6947,0.2812,0.00209139
4,0.0317,0.0233,0.8858,0.6133,0.00073861
4,0.0283,0.0367,0.0908,0.6917,0.0010386100000000001
3,0.0733,0.0883,0.9167,0.7375,0.006472390000000001
3,0.0765,0.0799,0.5158,0.4576,0.00611235
1,0.0383,0.0715,0.495,0.7313,0.00273845
3,0.0483,0.0433,0.7097,0.6705,0.00209139
5,0.0517,0.06,0.0458,0.4283,0.003102
0,0.0467,0.0333,0.525,0.76,0.0015551100000000002
0,0.0483,0.03,0.3725,0.8983,0.001449
1,0.0467,0.0283,0.5167,0.7242,0.00132161
1,0.055,0.035,0.4508,0.3625,0.0019250000000000003
1,0.035,0.055,0.7275,0.5192,0.0019250000000000003
4,0.015,0.0467,0.8725,0.79,0.0007005
2,0.0666,0.0699,0.7987,0.8935,0.004655340000000001
2,0.0682,0.0499,0.2521,0.7854,0.00340318
2,0.0582,0.0532,0.0308,0.4077,0.00309624
5,0.0699,0.0316,0.4859,0.1539,0.0022088400000000005
5,0.03,0.0516,0.1764,0.2421,0.001548
1,0.0567,0.0417,0.59,0.5592,0.00236439
1,0.0567,0.045,0.9517,0.4142,0.0025515
5,0.0683,0.0367,0.6275,0.1267,0.0025066100000000003
5,0.0783,0.03,0.8975,0.1583,0.002349
5,0.03,0.0516,0.8403,0.2421,0.001548
5,0.0516,0.025,0.5815,0.1889,0.0012900000000000001
1,0.0483,0.03,0.7392,0.35,0.001449
1,0.0533,0.0267,0.1617,0.5267,0.00142311
1,0.065,0.0283,0.7342,0.5775,0.0018395
1,0.0767,0.0367,0.38,0.4367,0.0028148900000000004
3,0.07,0.0717,0.835,0.2808,0.005019000000000001
3,0.0667,0.055,0.805,0.8258,0.0036685
1,0.0366,0.0499,0.0749,0.6406,0.00182634
1,0.0516,0.0316,0.7196,0.9493,0.00163056
5,0.03,0.0517,0.1567,0.7592,0.001551
5,0.0517,0.025,0.4158,0.8125,0.0012925000000000002
0,0.0266,0.0582,0.3844,0.673,0.00154812
2,0.045,0.045,0.3758,0.1875,0.002025
2,0.045,0.0467,0.4825,0.51,0.0021015
0,0.0582,0.0466,0.8012,0.213,0.00271212
0,0.0532,0.0516,0.8203,0.9676,0.0027451199999999998
2,0.11,0.1,0.525,0.78,0.011000000000000001
2,0.0533,0.0533,0.9183,0.29,0.00284089
2,0.0767,0.0517,0.6683,0.0275,0.00396539
2,0.0467,0.05,0.84,0.54,0.002335
2,0.05,0.0583,0.5167,0.8175,0.002915
2,0.0417,0.0417,0.6542,0.4992,0.00173889
2,0.0417,0.035,0.3075,0.5375,0.0014595
0,0.0433,0.0283,0.2167,0.0875,0.0012253899999999998
0,0.03,0.0517,0.89,0.4458,0.001551
2,0.0833,0.0767,0.9367,0.5967,0.00638911
2,0.0667,0.0817,0.7067,0.3592,0.005449389999999999
2,0.035,0.0433,0.3942,0.6583,0.0015155000000000001
2,0.0383,0.045,0.0842,0.3375,0.0017235
2,0.0367,0.0417,0.355,0.8908,0.0015303900000000002
2,0.0267,0.0383,0.7733,0.5908,0.00102261
2,0.0317,0.04,0.8892,0.275,0.001268
2,0.0317,0.04,0.4658,0.3617,0.001268
4,0.0366,0.0399,0.797,0.1664,0.0014603399999999999
4,0.0483,0.0449,0.4551,0.9742,0.00216867
2,0.0349,0.0333,0.4651,0.8136,0.0011621700000000001
2,0.0416,0.0349,0.6364,0.5799,0.00145184
2,0.0765,0.0799,0.6988,0.4077,0.00611235
2,0.0749,0.0782,0.3636,0.5283,0.00585718
2,0.0367,0.0317,0.02,0.9008,0.00116339
2,0.0283,0.0317,0.0625,0.2808,0.0008971099999999999
2,0.04,0.0383,0.2233,0.6992,0.0015320000000000002
4,0.035,0.0433,0.1775,0.265,0.0015155000000000001
4,0.04,0.0417,0.4517,0.1808,0.001668
4,0.0383,0.035,0.1308,0.4342,0.0013405000000000001
1,0.0633,0.0433,0.725,0.49,0.0027408899999999997
3,0.0449,0.0616,0.8727,0.1922,0.0027658400000000003
3,0.0399,0.0982,0.7587,0.0757,0.003918179999999999
3,0.0399,0.0483,0.2629,0.9626,0.00192717
4,0.0366,0.0433,0.812,0.8785,0.00158478
4,0.0266,0.025,0.5125,0.6231,0.000665
4,0.0316,0.03,0.698,0.4809,0.0009480000000000001
2,0.07,0.0733,0.455,0.085,0.005131000000000001
2,0.0733,0.1,0.61,0.1733,0.007330000000000001
1,0.03,0.05,0.4167,0.6117,0.0015
4,0.0366,0.025,0.7554,0.9759,0.000915
4,0.0349,0.0333,0.2837,0.6057,0.0011621700000000001
4,0.0283,0.0316,0.5799,0.5566,0.00089428
0,0.0483,0.05,0.5392,0.7,0.0024150000000000005
0,0.0582,0.0333,0.5649,0.1631,0.0019380600000000003
3,0.0567,0.055,0.8833,0.1808,0.0031185
0,0.0333,0.0533,0.8433,0.2067,0.00177489
0,0.035,0.05,0.6225,0.7167,0.0017500000000000003
1,0.0333,0.065,0.7883,0.6275,0.0021645
1,0.0333,0.0467,0.2817,0.97,0.0015551100000000002
4,0.0383,0.0483,0.5832,0.7879,0.00184989
4,0.0316,0.0566,0.47,0.7371,0.00178856
4,0.0416,0.0283,0.3386,0.5765,0.00117728
4,0.0349,0.0349,0.0923,0.8993,0.00121801
4,0.0233,0.025,0.42,0.0375,0.0005825
4,0.02,0.0217,0.3367,0.1508,0.00043400000000000003
4,0.0467,0.08,0.32,0.1217,0.0037359999999999997
4,0.0683,0.0567,0.6358,0.2617,0.00387261
1,0.0366,0.0749,0.2363,0.525,0.0027413399999999997
1,0.0566,0.03,0.6023,0.0682,0.0016979999999999999
5,0.0532,0.1098,0.1714,0.9418,0.0058413599999999994
3,0.1298,0.0982,0.3195,0.1156,0.01274636
3,0.1215,0.1048,0.2521,0.6098,0.0127332
4,0.0267,0.025,0.4317,0.1608,0.0006675000000000001
2,0.0599,0.0715,0.7188,0.129,0.0042828499999999995
2,0.0832,0.0632,0.0632,0.3411,0.00525824
4,0.05,0.0383,0.595,0.2308,0.001915
4,0.04,0.0333,0.8167,0.0783,0.001332
4,0.0383,0.0517,0.2792,0.0675,0.00198011
3,0.0666,0.0599,0.5557,0.2529,0.003989340000000001
3,0.0699,0.0699,0.5491,0.6589,0.0048860100000000005
3,0.0549,0.0283,0.7097,0.0158,0.0015536699999999998
5,0.0316,0.0965,0.3386,0.8037,0.0030494000000000003
0,0.0483,0.0599,0.2354,0.3744,0.0028931700000000005
5,0.1033,0.05,0.9467,0.165,0.005165
3,0.0717,0.07,0.2692,0.9633,0.005019000000000001
2,0.0466,0.0349,0.3411,0.5899,0.0016263400000000002
2,0.0399,0.0349,0.3577,0.1972,0.00139251
2,0.0433,0.0433,0.3145,0.9151,0.00187489
3,0.0516,0.0616,0.297,0.6115,0.00317856
3,0.0499,0.0566,0.6972,0.5957,0.00282434
0,0.0449,0.0699,0.1705,0.2296,0.00313851
0,0.0732,0.0449,0.579,0.5266,0.00328668
0,0.0699,0.0599,0.5574,0.0682,0.0041870100000000006
5,0.0783,0.0367,0.0642,0.8033,0.00287361
5,0.0767,0.03,0.385,0.29,0.002301
0,0.0582,0.0349,0.49,0.9576,0.00203118
0,0.0333,0.0582,0.3594,0.5782,0.0019380600000000003
1,0.045,0.0517,0.5742,0.0642,0.0023265
1,0.0617,0.035,0.6058,0.5425,0.0021595
2,0.0383,0.035,0.5675,0.6275,0.0013405000000000001
0,0.0333,0.05,0.1117,0.47,0.0016650000000000002
1,0.0367,0.0367,0.68,0.8433,0.0013468900000000003
2,0.05,0.065,0.6667,0.6642,0.0032500000000000003
2,0.0983,0.1,0.1375,0.7033,0.00983
3,0.0616,0.0366,0.8527,0.7171,0.00225456
3,0.0383,0.0366,0.9276,0.1647,0.00140178
4,0.03,0.0317,0.5133,0.6592,0.0009509999999999999
1,0.0467,0.0783,0.025,0.3492,0.00365661
2,0.0683,0.065,0.7542,0.9658,0.0044395
2,0.0433,0.0366,0.797,0.4742,0.00158478
2,0.065,0.0667,0.0342,0.0883,0.0043355
4,0.05,0.05,0.3417,0.8717,0.0025000000000000005
4,0.0517,0.035,0.3125,0.5175,0.0018095000000000003
4,0.0433,0.05,0.11,0.19,0.002165
1,0.0567,0.04,0.5417,0.7533,0.002268
1,0.0333,0.0467,0.815,0.6367,0.0015551100000000002
5,0.0317,0.0667,0.3725,0.56,0.00211439
5,0.075,0.0683,0.7242,0.1725,0.0051224999999999994
2,0.0467,0.035,0.91,0.1875,0.0016345
2,0.0467,0.035,0.975,0.4992,0.0016345
5,0.0499,0.0732,0.2013,0.6672,0.00365268
1,0.0516,0.1115,0.7546,0.6747,0.0057534000000000005
1,0.0549,0.0998,0.3386,0.1032,0.005479019999999999
1,0.0682,0.0466,0.5316,0.5441,0.00317812
1,0.0832,0.0516,0.5857,0.8078,0.00429312
4,0.0717,0.0667,0.6825,0.8033,0.00478239
4,0.0483,0.0467,0.3758,0.5733,0.00225561
1,0.0633,0.025,0.2267,0.6558,0.0015825
1,0.0583,0.0317,0.6308,0.1925,0.0018481099999999998
0,0.0317,0.0333,0.7842,0.0183,0.00105561
5,0.0567,0.0633,0.07,0.1467,0.00358911
5,0.04,0.0367,0.1067,0.98,0.0014680000000000001
3,0.1115,0.1015,0.9043,0.0524,0.011317250000000001
3,0.0915,0.1414,0.5765,0.3735,0.0129381
3,0.1248,0.0849,0.2421,0.713,0.01059552
3,0.1331,0.1165,0.5092,0.0599,0.01550615
0,0.075,0.0567,0.4225,0.7617,0.0042525
4,0.0333,0.04,0.53,0.05,0.001332
4,0.0383,0.0383,0.3475,0.8675,0.00146689
4,0.0467,0.04,0.4583,0.74,0.0018679999999999999
5,0.0649,0.0532,0.5965,0.1281,0.0034526799999999996
4,0.0267,0.0283,0.385,0.5825,0.00075561
4,0.035,0.04,0.4992,0.4567,0.0014000000000000002
4,0.0367,0.05,0.88,0.2567,0.0018350000000000003
4,0.0317,0.04,0.5292,0.9,0.001268
2,0.0417,0.0417,0.6692,0.3408,0.00173889
1,0.0532,0.0399,0.7654,0.2762,0.0021226799999999996
1,0.0582,0.0333,0.49,0.7105,0.0019380600000000003
1,0.0532,0.0349,0.4326,0.2288,0.0018566799999999999
0,0.05,0.04,0.7917,0.7183,0.002
1,0.0733,0.03,0.5417,0.1583,0.002199
1,0.0683,0.0267,0.4808,0.5483,0.00182361
4,0.0366,0.0266,0.0899,0.015,0.0009735599999999999
4,0.0333,0.0316,0.8519,0.5815,0.0010522800000000003
4,0.0283,0.0283,0.8627,0.1639,0.00080089
4,0.0283,0.025,0.7812,0.129,0.0007075
1,0.0483,0.0733,0.4725,0.5433,0.0035403900000000005
1,0.0467,0.06,0.325,0.2167,0.002802
5,0.0266,0.0416,0.2363,0.4251,0.00110656
5,0.0499,0.03,0.3661,0.7887,0.0014969999999999998
0,0.035,0.035,0.3592,0.2958,0.0012250000000000002
5,0.0733,0.025,0.5567,0.2042,0.0018325000000000001
1,0.0417,0.0683,0.2392,0.4075,0.00284811
1,0.0567,0.065,0.1917,0.0408,0.0036855
1,0.0483,0.05,0.4575,0.4367,0.0024150000000000005
1,0.0417,0.08,0.6608,0.8283,0.003336
4,0.045,0.045,0.2358,0.5242,0.002025
4,0.045,0.0467,0.1792,0.3683,0.0021015
4,0.0417,0.0333,0.5092,0.7633,0.0013886100000000002
4,0.0367,0.05,0.5417,0.2033,0.0018350000000000003
4,0.0383,0.0317,0.6992,0.5225,0.00121411
4,0.0567,0.0467,0.905,0.4533,0.00264789
4,0.035,0.0433,0.1758,0.3017,0.0015155000000000001
5,0.0815,0.0449,0.9559,0.6165,0.0036593500000000004
2,0.0467,0.0417,0.21,0.5892,0.00194739
2,0.04,0.0433,0.1783,0.905,0.001732
2,0.0467,0.045,0.3933,0.7225,0.0021015
2,0.0417,0.0383,0.7458,0.7625,0.0015971100000000001
3,0.0767,0.0833,0.84,0.86,0.00638911
3,0.0667,0.075,0.6583,0.8342,0.005002499999999999
1,0.0532,0.0666,0.3977,0.4725,0.0035431200000000003
1,0.0449,0.0566,0.723,0.574,0.00254134
1,0.0333,0.065,0.255,0.9608,0.0021645
2,0.0632,0.0516,0.3111,0.9709,0.00326112
2,0.0749,0.0699,0.0691,0.7687,0.00523551
2,0.0317,0.0367,0.9258,0.7583,0.00116339
0,0.05,0.055,0.085,0.2142,0.0027500000000000003
0,0.055,0.05,0.2292,0.5267,0.0027500000000000003
0,0.0433,0.0733,0.515,0.4633,0.00317389
0,0.04,0.0583,0.94,0.0308,0.002332
0,0.0417,0.0383,0.3975,0.7475,0.0015971100000000001
0,0.0317,0.0483,0.2092,0.0258,0.00153111
0,0.0517,0.0383,0.1225,0.4208,0.00198011
0,0.045,0.0317,0.4608,0.6375,0.0014264999999999998
1,0.0267,0.07,0.8017,0.6733,0.0018690000000000002
1,0.0567,0.02,0.8367,0.895,0.001134
1,0.035,0.0717,0.9808,0.1858,0.0025095000000000004
2,0.0633,0.0667,0.1483,0.53,0.004222109999999999
1,0.0349,0.0599,0.8411,0.3245,0.0020905100000000003
1,0.03,0.0815,0.2263,0.0774,0.002445
1,0.0549,0.0333,0.8328,0.5607,0.00182817
1,0.0467,0.0617,0.28,0.2642,0.0028813899999999997
1,0.0317,0.0817,0.4158,0.1858,0.0025898899999999996
1,0.0767,0.0367,0.0883,0.5267,0.0028148900000000004
1,0.04,0.0583,0.7417,0.3992,0.002332
1,0.0467,0.0683,0.15,0.4042,0.00318961
1,0.04,0.0717,0.4167,0.7142,0.002868
1,0.0833,0.0417,0.8483,0.6792,0.0034736100000000002
1,0.0467,0.035,0.2783,0.5808,0.0016345
1,0.0533,0.0417,0.3133,0.8058,0.00222261
5,0.115,0.0383,0.2642,0.7692,0.0044045
1,0.0717,0.0283,0.7658,0.8942,0.0020291099999999998
1,0.065,0.0233,0.3175,0.3333,0.0015145000000000002
5,0.0599,0.0383,0.7072,0.6897,0.0022941700000000003
5,0.0699,0.0316,0.4859,0.8444,0.0022088400000000005
5,0.03,0.0516,0.1764,0.9326,0.001548
5,0.0517,0.0767,0.5542,0.3633,0.00396539
5,0.0583,0.0233,0.6325,0.0383,0.0013583900000000001
4,0.035,0.0317,0.1592,0.8675,0.0011095
3,0.0349,0.0433,0.1156,0.3461,0.00151117
1,0.0383,0.075,0.5342,0.7342,0.0028725
1,0.0333,0.08,0.7317,0.75,0.002664
1,0.0433,0.0817,0.3367,0.4042,0.0035376099999999996
2,0.0417,0.0517,0.4608,0.1208,0.00215589
5,0.0266,0.0815,0.6755,0.8844,0.0021679
5,0.025,0.0516,0.3852,0.8228,0.0012900000000000001
5,0.0699,0.0233,0.3211,0.5208,0.0016286700000000002
5,0.025,0.0416,0.1689,0.7795,0.00104
5,0.0617,0.0383,0.0725,0.8542,0.00236311
5,0.0667,0.0433,0.1117,0.2367,0.0028881099999999997
5,0.0683,0.0367,0.2808,0.5817,0.0025066100000000003
5,0.0417,0.0867,0.7475,0.8167,0.00361539
1,0.0517,0.0933,0.8608,0.6783,0.00482361
1,0.035,0.0583,0.4442,0.8775,0.0020405
2,0.0383,0.0333,0.7592,0.075,0.0012753900000000002
0,0.0367,0.03,0.9467,0.445,0.001101
0,0.035,0.04,0.3525,0.3667,0.0014000000000000002
2,0.0433,0.0449,0.2479,0.8611,0.00194417
2,0.0532,0.0483,0.2729,0.1972,0.00256956
3,0.055,0.055,0.9675,0.3642,0.003025
3,0.0483,0.0667,0.4892,0.7517,0.0032216099999999998
1,0.0333,0.0699,0.812,0.614,0.0023276700000000004
1,0.0316,0.0649,0.0957,0.3636,0.0020508400000000004
1,0.03,0.0932,0.223,0.609,0.002796
4,0.0483,0.0367,0.5675,0.31,0.0017726100000000002
4,0.0433,0.03,0.8,0.49,0.0012989999999999998
4,0.0467,0.035,0.7433,0.3458,0.0016345
3,0.0732,0.0732,0.2047,0.9401,0.00535824
3,0.0765,0.0732,0.4459,0.5624,0.0055998
5,0.0417,0.0833,0.2325,0.0483,0.0034736100000000002
5,0.0417,0.0833,0.9758,0.1,0.0034736100000000002
4,0.0467,0.03,0.75,0.3967,0.001401
2,0.0383,0.0367,0.8308,0.5167,0.00140561
2,0.0417,0.0467,0.3942,0.8367,0.00194739
4,0.0367,0.04,0.3017,0.9533,0.0014680000000000001
4,0.06,0.0467,0.7483,0.55,0.002802
2,0.0433,0.0433,0.34,0.3317,0.00187489
3,0.055,0.0617,0.9058,0.7142,0.0033935
3,0.075,0.0517,0.4942,0.7175,0.0038775
3,0.0583,0.08,0.9692,0.92,0.004664
3,0.08,0.065,0.1917,0.9175,0.005200000000000001
3,0.0783,0.0533,0.0408,0.7333,0.00417339
2,0.0433,0.0483,0.545,0.0575,0.00209139
2,0.0367,0.0383,0.85,0.3992,0.00140561
2,0.0383,0.0333,0.8508,0.1083,0.0012753900000000002
5,0.0349,0.0749,0.1439,0.4667,0.00261401
1,0.0549,0.0433,0.0524,0.2529,0.0023771699999999996
3,0.0483,0.0649,0.708,0.6398,0.00313467
3,0.0782,0.0632,0.673,0.8785,0.0049422400000000005
3,0.0516,0.0732,0.5233,0.416,0.00377712
3,0.0917,0.0933,0.8125,0.3233,0.00855561
3,0.0649,0.0499,0.2671,0.7687,0.00323851
5,0.0765,0.0416,0.1215,0.9077,0.0031823999999999997
2,0.0817,0.0667,0.9308,0.1683,0.005449389999999999
0,0.0349,0.0366,0.1805,0.787,0.00127734
0,0.0333,0.0316,0.6855,0.4834,0.0010522800000000003
4,0.0349,0.0532,0.1023,0.2479,0.0018566799999999999
5,0.0483,0.0732,0.1489,0.0732,0.00353556
0,0.065,0.0167,0.7558,0.5583,0.0010855
4,0.035,0.0267,0.7225,0.165,0.0009345000000000001
0,0.0517,0.0467,0.5658,0.38,0.00241439
0,0.0333,0.0267,0.8833,0.275,0.0008891100000000001
4,0.04,0.0317,0.365,0.4758,0.001268
3,0.0733,0.0733,0.795,0.06,0.005372890000000001
3,0.0767,0.0733,0.5517,0.4383,0.0056221100000000005
1,0.0517,0.0733,0.6458,0.78,0.0037896100000000005
1,0.0667,0.1,0.28,0.6967,0.00667
1,0.0733,0.0367,0.2667,0.535,0.0026901100000000003
1,0.0783,0.0317,0.2508,0.7325,0.0024821099999999996
1,0.08,0.0417,0.5967,0.3375,0.003336
3,0.055,0.0383,0.6275,0.5558,0.0021065
3,0.0533,0.0317,0.8283,0.4375,0.00168961
0,0.0383,0.0549,0.7862,0.9576,0.00210267
0,0.0483,0.0699,0.1938,0.8519,0.0033761700000000004
0,0.0649,0.0449,0.5932,0.4018,0.0029140100000000003
0,0.0566,0.0582,0.411,0.5183,0.0032941199999999998
1,0.0433,0.0617,0.2733,0.2792,0.0026716099999999996
0,0.035,0.0583,0.4725,0.1208,0.0020405
1,0.035,0.07,0.8525,0.3867,0.0024500000000000004
4,0.045,0.04,0.7925,0.1033,0.0018
5,0.0683,0.04,0.5592,0.765,0.002732
5,0.0733,0.0267,0.48,0.18,0.00195711
5,0.0183,0.06,0.4358,0.2617,0.001098
4,0.0399,0.025,0.8569,0.2371,0.0009975
5,0.0917,0.0417,0.6725,0.4108,0.0038238900000000004
2,0.0333,0.0367,0.5733,0.8567,0.0012221100000000002
2,0.03,0.04,0.765,0.685,0.0012
2,0.0367,0.0383,0.9667,0.8908,0.00140561
4,0.0316,0.0366,0.1755,0.8586,0.00115656
5,0.0917,0.0417,0.4758,0.4775,0.0038238900000000004
5,0.0417,0.05,0.0758,0.0267,0.002085
5,0.0383,0.0566,0.0208,0.4626,0.00216778
1,0.0583,0.0833,0.4608,0.795,0.0048563899999999995
1,0.0567,0.0683,0.1333,0.5392,0.00387261
1,0.0566,0.03,0.7521,0.3145,0.0016979999999999999
1,0.0566,0.0316,0.376,0.8661,0.00178856
1,0.0732,0.0316,0.421,0.9459,0.00231312
1,0.0549,0.0366,0.9676,0.3295,0.00200934
1,0.0483,0.03,0.4484,0.2646,0.001449
3,0.0666,0.0682,0.8053,0.4201,0.00454212
1,0.0567,0.0683,0.2383,0.3975,0.00387261
1,0.0667,0.065,0.465,0.4492,0.0043355
1,0.0417,0.0867,0.4792,0.7983,0.00361539
2,0.0449,0.0782,0.9742,0.4018,0.0035111800000000005
2,0.0666,0.0582,0.5225,0.3453,0.0038761200000000007
4,0.0483,0.02,0.7842,0.8767,0.0009660000000000001
4,0.07,0.0133,0.5783,0.49,0.0009310000000000001
4,0.015,0.0467,0.3408,0.4567,0.0007005
2,0.0449,0.0566,0.2671,0.6439,0.00254134
2,0.0466,0.0466,0.4942,0.0516,0.0021715600000000003
2,0.0449,0.0449,0.8111,0.3769,0.0020160100000000004
1,0.0333,0.0783,0.4133,0.3775,0.0026073900000000002
2,0.0467,0.0417,0.4117,0.2108,0.00194739
2,0.0367,0.0333,0.07,0.5167,0.0012221100000000002
2,0.0317,0.0367,0.3608,0.5167,0.00116339
2,0.0367,0.0233,0.695,0.9867,0.0008551100000000002
3,0.0683,0.0667,0.8042,0.23,0.00455561
3,0.0582,0.0666,0.9359,0.2213,0.0038761200000000007
3,0.0667,0.065,0.3867,0.3642,0.0043355
3,0.0383,0.0599,0.7396,0.2346,0.0022941700000000003
3,0.0433,0.0549,0.5125,0.5932,0.0023771699999999996
3,0.0499,0.0349,0.2596,0.2121,0.00174151
3,0.03,0.0417,0.3767,0.4025,0.001251
3,0.0533,0.035,0.935,0.2058,0.0018655000000000002
3,0.0333,0.045,0.76,0.7342,0.0014985
2,0.0633,0.0583,0.2033,0.5442,0.0036903899999999996
2,0.065,0.0617,0.9658,0.6692,0.0040105
5,0.0666,0.03,0.7088,0.6273,0.001998
5,0.0566,0.03,0.3145,0.8652,0.0016979999999999999
4,0.0367,0.0417,0.07,0.2275,0.0015303900000000002
4,0.03,0.0367,0.31,0.2983,0.001101
4,0.0333,0.025,0.755,0.7708,0.0008325000000000001
0,0.0367,0.035,0.82,0.7758,0.0012845000000000003
0,0.035,0.03,0.6375,0.2233,0.0010500000000000002
0,0.0433,0.045,0.7067,0.2992,0.0019485
2,0.07,0.06,0.7033,0.075,0.004200000000000001
2,0.0433,0.0733,0.0233,0.5933,0.00317389
2,0.0617,0.0717,0.2542,0.5975,0.00442389
2,0.07,0.075,0.495,0.9608,0.00525
2,0.0467,0.0467,0.1867,0.625,0.00218089
2,0.0483,0.0467,0.5092,0.5183,0.00225561
2,0.0583,0.0533,0.0308,0.4483,0.00310739
2,0.055,0.0517,0.4392,0.5225,0.0028435
0,0.0616,0.0616,0.673,0.0324,0.00379456
0,0.0599,0.0799,0.2729,0.1797,0.00478601
5,0.0467,0.0267,0.7117,0.8383,0.00124689
5,0.0566,0.0316,0.6972,0.5566,0.00178856
5,0.0532,0.02,0.4509,0.9018,0.001064
5,0.0316,0.0649,0.1556,0.505,0.0020508400000000004
4,0.0366,0.02,0.609,0.9867,0.000732
4,0.03,0.0383,0.1165,0.4834,0.001149
1,0.0567,0.03,0.0617,0.3617,0.001701
1,0.0467,0.0333,0.55,0.8933,0.0015551100000000002
1,0.07,0.0367,0.7467,0.7617,0.0025690000000000005
1,0.0416,0.0666,0.2221,0.3195,0.00277056
2,0.0782,0.0699,0.6697,0.3511,0.005466180000000001
2,0.0599,0.0616,0.6423,0.0973,0.0036898400000000002
2,0.0715,0.0666,0.4002,0.4376,0.0047619
5,0.03,0.095,0.4333,0.1992,0.00285
1,0.0433,0.0383,0.3561,0.1456,0.00165839
1,0.0366,0.0383,0.5075,0.5799,0.00140178
1,0.0416,0.0499,0.6747,0.1314,0.00207584
5,0.09,0.0583,0.3967,0.2642,0.005247
0,0.0367,0.05,0.02,0.41,0.0018350000000000003
0,0.055,0.0267,0.2375,0.805,0.0014685000000000002
0,0.045,0.0317,0.6408,0.8358,0.0014264999999999998
2,0.0467,0.0433,0.6317,0.4267,0.0020221099999999997
5,0.0366,0.0399,0.3644,0.9384,0.0014603399999999999
1,0.0283,0.0567,0.1842,0.3983,0.00160461
1,0.0517,0.035,0.1925,0.6708,0.0018095000000000003
1,0.04,0.045,0.84,0.7192,0.0018
2,0.0533,0.0617,0.5333,0.5092,0.00328861
5,0.095,0.035,0.5658,0.2058,0.0033250000000000003
5,0.1033,0.035,0.6817,0.2075,0.0036155000000000007
5,0.105,0.0517,0.5125,0.0475,0.0054285
5,0.0367,0.12,0.98,0.1683,0.004404
3,0.0849,0.0865,0.7413,0.6905,0.00734385
3,0.0749,0.0815,0.495,0.8943,0.00610435
3,0.0715,0.0715,0.5782,0.4285,0.005112249999999999
3,0.0599,0.0732,0.5441,0.198,0.00438468
0,0.045,0.0283,0.5392,0.5775,0.0012735
1,0.0466,0.0815,0.1963,0.0774,0.0037979000000000003
1,0.0449,0.0832,0.1622,0.2113,0.00373568
5,0.0366,0.0915,0.8802,0.277,0.0033489
5,0.0649,0.0349,0.6531,0.7163,0.00226501
5,0.0466,0.0449,0.6672,0.3236,0.0020923400000000003
5,0.0732,0.0433,0.1115,0.7171,0.00316956
5,0.0516,0.0616,0.0541,0.52,0.00317856
0,0.0466,0.0433,0.7105,0.1015,0.00201778
0,0.045,0.06,0.3192,0.48,0.0026999999999999997
2,0.0467,0.035,0.2417,0.1875,0.0016345
2,0.05,0.035,0.3083,0.4992,0.0017500000000000003
1,0.08,0.0433,0.875,0.455,0.003464
1,0.065,0.0267,0.9125,0.1417,0.0017355
3,0.0333,0.05,0.1417,0.5683,0.0016650000000000002
1,0.045,0.0817,0.7875,0.6925,0.0036764999999999996
1,0.0283,0.0667,0.4742,0.655,0.0018876099999999999
5,0.0349,0.0566,0.4884,0.5724,0.00197534
2,0.0483,0.0549,0.8261,0.683,0.00265167
2,0.0416,0.0449,0.6997,0.9077,0.00186784
2,0.0532,0.0516,0.5341,0.5366,0.0027451199999999998
5,0.0383,0.08,0.9692,0.2517,0.0030640000000000003
5,0.085,0.035,0.7325,0.3658,0.0029750000000000006
2,0.045,0.0417,0.2042,0.2675,0.0018765
2,0.05,0.05,0.87,0.9017,0.0025000000000000005
2,0.0483,0.0533,0.2592,0.81,0.00257439
1,0.035,0.06,0.4908,0.145,0.0021000000000000003
1,0.0783,0.0417,0.6808,0.4925,0.00326511
3,0.035,0.0367,0.3275,0.3667,0.0012845000000000003
1,0.0566,0.0649,0.4725,0.2005,0.0036733399999999998
5,0.0267,0.065,0.9833,0.3208,0.0017355
4,0.0333,0.0399,0.2745,0.2646,0.0013286700000000001
2,0.03,0.0349,0.0166,0.0574,0.001047
3,0.0483,0.0583,0.9742,0.4025,0.00281589
3,0.0433,0.0417,0.955,0.3325,0.00180561
3,0.0399,0.0399,0.8103,0.391,0.0015920099999999998
3,0.0516,0.0566,0.485,0.7371,0.00292056
5,0.07,0.0433,0.0733,0.2567,0.0030310000000000003
5,0.0533,0.0617,0.4383,0.6342,0.00328861
5,0.0733,0.0383,0.725,0.7858,0.0028073900000000003
5,0.0833,0.035,0.65,0.5642,0.0029155
5,0.0683,0.03,0.2658,0.5683,0.002049
5,0.0733,0.035,0.4917,0.9592,0.0025655000000000005
4,0.0283,0.0383,0.0425,0.3825,0.00108389
4,0.0333,0.0367,0.2283,0.6467,0.0012221100000000002
4,0.0233,0.0283,0.3217,0.2475,0.00065939
4,0.03,0.0317,0.5367,0.5542,0.0009509999999999999
4,0.03,0.0267,0.0517,0.55,0.0008010000000000001
4,0.0233,0.0317,0.8817,0.1458,0.00073861
5,0.0865,0.0399,0.4043,0.5258,0.0034513499999999997
5,0.0882,0.0266,0.718,0.9834,0.0023461199999999997
3,0.0617,0.0267,0.3192,0.015,0.00164739
4,0.04,0.025,0.8067,0.7642,0.001
3,0.0449,0.0582,0.0507,0.3935,0.00261318
3,0.0416,0.0516,0.2354,0.3087,0.00214656
3,0.0483,0.0715,0.5865,0.1855,0.00345345
0,0.0433,0.04,0.18,0.505,0.001732
0,0.05,0.0417,0.6383,0.1392,0.002085
2,0.0682,0.1048,0.9626,0.5399,0.00714736
2,0.0632,0.0782,0.7354,0.7895,0.0049422400000000005
1,0.0782,0.0682,0.4867,0.1273,0.00533324
1,0.0666,0.0516,0.1764,0.4401,0.0034365600000000004
5,0.0767,0.0417,0.8783,0.0925,0.00319839
0,0.03,0.0833,0.565,0.5567,0.002499
0,0.02,0.0567,0.3367,0.9633,0.001134
0,0.0367,0.0183,0.02,0.7908,0.0006716100000000001
0,0.0233,0.0467,0.0567,0.5467,0.00108811
3,0.055,0.0583,0.1808,0.8208,0.0032064999999999997
4,0.0267,0.0333,0.675,0.165,0.0008891100000000001
4,0.025,0.02,0.9475,0.2567,0.0005
0,0.0417,0.0417,0.6492,0.9558,0.00173889
0,0.0467,0.0317,0.0683,0.4758,0.0014803899999999998
3,0.0815,0.0932,0.3702,0.2529,0.007595800000000001
2,0.0383,0.035,0.3875,0.1842,0.0013405000000000001
2,0.045,0.0367,0.2492,0.4867,0.0016515000000000002
2,0.0417,0.0417,0.6508,0.3358,0.00173889
3,0.0516,0.0566,0.5133,0.0765,0.00292056
3,0.0449,0.0566,0.9742,0.4176,0.00254134
3,0.0632,0.0582,0.2729,0.4151,0.0036782400000000006
5,0.0317,0.0933,0.6442,0.43,0.00295761
5,0.035,0.085,0.8858,0.3958,0.0029750000000000006
5,0.0417,0.0783,0.5175,0.4692,0.00326511
2,0.0383,0.035,0.2342,0.2942,0.0013405000000000001
2,0.0417,0.0433,0.9775,0.665,0.00180561
2,0.0367,0.045,0.98,0.2308,0.0016515000000000002
1,0.0683,0.0283,0.8508,0.6642,0.0019328899999999998
4,0.04,0.0333,0.5917,0.0817,0.001332
5,0.05,0.0867,0.1083,0.3733,0.004335
5,0.0617,0.0667,0.8458,0.6517,0.004115389999999999
3,0.0483,0.0449,0.8644,0.312,0.00216867
3,0.0383,0.0582,0.9609,0.5166,0.00222906
0,0.0483,0.0317,0.5308,0.1125,0.00153111
2,0.0483,0.0583,0.3808,0.8242,0.00281589
2,0.0499,0.0466,0.0782,0.7937,0.00232534
3,0.07,0.0667,0.5283,0.1767,0.004669
0,0.0316,0.0466,0.9393,0.9434,0.0014725600000000001
0,0.0316,0.0499,0.6381,0.5208,0.0015768400000000001
0,0.0499,0.0283,0.4443,0.089,0.00141217
4,0.0383,0.0317,0.9508,0.5292,0.00121411
4,0.0367,0.0367,0.1333,0.3483,0.0013468900000000003
4,0.0383,0.045,0.2608,0.4592,0.0017235
0,0.0333,0.0499,0.8852,0.5308,0.00166167
2,0.0433,0.0367,0.9417,0.5417,0.0015891100000000001
2,0.0383,0.0383,0.8508,0.8508,0.00146689
0,0.0366,0.0566,0.1664,0.0899,0.00207156
0,0.0532,0.0449,0.4875,0.0241,0.00238868
0,0.035,0.04,0.2475,0.7,0.0014000000000000002
0,0.0317,0.04,0.6158,0.7083,0.001268
0,0.0417,0.0633,0.8142,0.615,0.0026396099999999997
0,0.0567,0.0483,0.505,0.8692,0.0027386100000000003
0,0.0416,0.0266,0.4684,0.4376,0.00110656
1,0.065,0.0517,0.3358,0.5442,0.0033605
1,0.0583,0.12,0.7108,0.8583,0.006996
0,0.0333,0.06,0.3033,0.1417,0.001998
0,0.03,0.0533,0.4517,0.045,0.001599
0,0.065,0.03,0.7392,0.8417,0.00195
4,0.03,0.0366,0.5857,0.4659,0.001098
2,0.04,0.0433,0.6017,0.8167,0.001732
2,0.0383,0.0383,0.2608,0.7708,0.00146689
5,0.0383,0.0732,0.7679,0.599,0.00280356
5,0.0815,0.0333,0.5349,0.802,0.0027139500000000006
5,0.0682,0.0632,0.4185,0.5308,0.00431024
4,0.03,0.0283,0.6972,0.6464,0.0008489999999999999
5,0.0349,0.1115,0.119,0.8661,0.00389135
0,0.0399,0.0349,0.386,0.5033,0.00139251
0,0.0349,0.0532,0.52,0.0666,0.0018566799999999999
0,0.0466,0.0433,0.0449,0.1015,0.00201778
0,0.0499,0.0333,0.9717,0.2097,0.00166167
0,0.0399,0.0532,0.5774,0.1231,0.0021226799999999996
0,0.0333,0.0466,0.3611,0.4609,0.0015517800000000002
4,0.0383,0.035,0.1658,0.8675,0.0013405000000000001
2,0.0399,0.0466,0.2063,0.6639,0.00185934
2,0.0483,0.0483,0.2488,0.3968,0.0023328900000000002
1,0.0865,0.0582,0.4509,0.4002,0.005034299999999999
4,0.045,0.0583,0.7975,0.4175,0.0026235
4,0.04,0.0483,0.14,0.5542,0.0019320000000000001
4,0.04,0.04,0.4767,0.7783,0.0016
5,0.0483,0.0915,0.8827,0.703,0.00441945
5,0.0383,0.0333,0.4784,0.98,0.0012753900000000002
1,0.0933,0.065,0.235,0.1058,0.0060645
1,0.0717,0.0517,0.5508,0.1658,0.00370689
2,0.03,0.0399,0.5025,0.7388,0.001197
2,0.0399,0.0399,0.183,0.406,0.0015920099999999998
2,0.0366,0.0316,0.02,0.7696,0.00115656
0,0.0467,0.0317,0.3417,0.7408,0.0014803899999999998
2,0.0383,0.0467,0.1842,0.5717,0.00178861
2,0.0417,0.0417,0.8908,0.2108,0.00173889
4,0.035,0.0233,0.9308,0.6067,0.0008155000000000001
4,0.045,0.0283,0.8342,0.3775,0.0012735
2,0.055,0.0567,0.8542,0.285,0.0031185
1,0.09,0.0467,0.53,0.03,0.004203
1,0.0733,0.0517,0.4667,0.2892,0.0037896100000000005
0,0.0333,0.0383,0.3067,0.2725,0.0012753900000000002
1,0.0433,0.0883,0.04,0.6308,0.00382339
1,0.06,0.0283,0.2767,0.2925,0.0016979999999999999
0,0.0717,0.0417,0.1908,0.1825,0.0029898900000000003
0,0.0567,0.0383,0.6233,0.6058,0.00217161
4,0.0767,0.05,0.2267,0.0867,0.0038350000000000003
5,0.07,0.035,0.25,0.5242,0.0024500000000000004
5,0.06,0.0267,0.8267,0.6183,0.0016020000000000001
0,0.0683,0.0433,0.2292,0.8283,0.00295739
0,0.0433,0.0717,0.5267,0.4192,0.00310461
0,0.0583,0.0683,0.0675,0.4408,0.00398189
4,0.0433,0.0317,0.6367,0.1008,0.0013726099999999998
4,0.0417,0.04,0.8075,0.1667,0.001668
4,0.0266,0.0416,0.5341,0.3686,0.00110656
1,0.0967,0.0467,0.6433,0.9517,0.00451589
0,0.0317,0.025,0.2825,0.4475,0.0007925
0,0.0433,0.0333,0.2433,0.055,0.0014418900000000001
0,0.035,0.0617,0.8042,0.3692,0.0021595
1,0.0433,0.1017,0.7917,0.5492,0.00440361
4,0.0483,0.04,0.2342,0.9533,0.0019320000000000001
4,0.0433,0.0267,0.1717,0.5667,0.0011561100000000001
5,0.05,0.1033,0.195,0.1783,0.005165
5,0.1183,0.035,0.0742,0.6458,0.0041405
5,0.0467,0.1,0.825,0.3967,0.00467
5,0.0467,0.09,0.6467,0.4317,0.004203
5,0.065,0.0683,0.9542,0.4192,0.0044395
5,0.0283,0.065,0.5258,0.7642,0.0018395
5,0.0533,0.0517,0.2533,0.6692,0.0027556100000000004
3,0.0533,0.035,0.27,0.2058,0.0018655000000000002
3,0.0533,0.035,0.355,0.2792,0.0018655000000000002
3,0.055,0.04,0.5892,0.5733,0.0022
3,0.0333,0.045,0.095,0.7342,0.0014985
3,0.0567,0.0717,0.3817,0.3308,0.00406539
3,0.0433,0.0483,0.9183,0.4575,0.00209139
3,0.0867,0.0483,0.83,0.8208,0.0041876100000000005
0,0.0367,0.0567,0.4567,0.8467,0.00208089
5,0.1,0.04,0.2817,0.1,0.004
5,0.0417,0.0633,0.4692,0.18,0.0026396099999999997
5,0.0633,0.0367,0.8833,0.3267,0.00232311
5,0.1033,0.04,0.66,0.48,0.004132
4,0.0317,0.0183,0.3742,0.6642,0.00058011
1,0.0467,0.0667,0.2517,0.9267,0.0031148899999999995
2,0.0499,0.0599,0.9717,0.7754,0.0029890100000000003
1,0.06,0.0883,0.6467,0.4475,0.005298
1,0.0633,0.0967,0.4167,0.0717,0.006121109999999999
1,0.0433,0.08,0.8233,0.7633,0.003464
1,0.045,0.055,0.9758,0.1808,0.0024749999999999998
0,0.0349,0.0566,0.1705,0.8785,0.00197534
0,0.0333,0.0466,0.1664,0.5324,0.0015517800000000002
4,0.0317,0.0433,0.0175,0.055,0.0013726099999999998
4,0.025,0.0317,0.2158,0.1658,0.0007925
5,0.045,0.0767,0.4658,0.5933,0.0034515
5,0.0383,0.075,0.1442,0.7425,0.0028725
5,0.0433,0.0783,0.645,0.8325,0.0033903899999999996
5,0.0267,0.045,0.015,0.8792,0.0012015
1,0.0917,0.0483,0.3225,0.8608,0.00442911
1,0.0567,0.0333,0.1233,0.445,0.0018881100000000001
0,0.0582,0.0549,0.6547,0.2438,0.00319518
0,0.0333,0.0549,0.8769,0.1606,0.00182817
1,0.0516,0.1115,0.9326,0.5283,0.0057534000000000005
1,0.0433,0.0632,0.6273,0.5441,0.0027365600000000003
2,0.0383,0.0349,0.475,0.2421,0.00133667
2,0.0416,0.0316,0.6464,0.4334,0.00131456
2,0.0399,0.0383,0.4409,0.6348,0.00152817
1,0.0517,0.0717,0.8075,0.4208,0.00370689
1,0.05,0.05,0.5617,0.4667,0.0025000000000000005
1,0.085,0.0483,0.2242,0.4758,0.004105500000000001
0,0.05,0.03,0.51,0.095,0.0015
0,0.0433,0.0317,0.435,0.3192,0.0013726099999999998
5,0.0633,0.0267,0.2367,0.5267,0.0016901099999999999
5,0.05,0.0517,0.3317,0.2542,0.0025850000000000005
3,0.035,0.0783,0.9808,0.8275,0.0027405
3,0.0533,0.09,0.0283,0.49,0.004797
3,0.0567,0.09,0.5333,0.6533,0.005103
3,0.0483,0.085,0.7975,0.1658,0.004105500000000001
3,0.0567,0.0367,0.6,0.98,0.00208089
3,0.035,0.0467,0.6708,0.955,0.0016345
3,0.0333,0.0883,0.0183,0.9342,0.00294039
3,0.0733,0.0683,0.4567,0.6575,0.00500639
3,0.075,0.0833,0.5075,0.1,0.0062475
3,0.0667,0.075,0.325,0.0742,0.005002499999999999
5,0.04,0.0483,0.9167,0.2175,0.0019320000000000001
4,0.0267,0.0317,0.9467,0.3692,0.00084639
4,0.0283,0.0267,0.6558,0.75,0.00075561
5,0.0499,0.0416,0.7804,0.916,0.00207584
3,0.0467,0.0433,0.3517,0.1,0.0020221099999999997
3,0.0433,0.0383,0.5933,0.2092,0.00165839
3,0.0317,0.035,0.9825,0.7592,0.0011095
1,0.0617,0.0417,0.7425,0.1842,0.00257289
1,0.0783,0.0467,0.0708,0.1833,0.00365661
1,0.0267,0.045,0.015,0.7008,0.0012015
1,0.035,0.06,0.1558,0.6767,0.0021000000000000003
1,0.03,0.0817,0.7717,0.9242,0.0024509999999999996
1,0.055,0.0333,0.1642,0.44,0.0018315000000000002
4,0.03,0.0349,0.4958,0.2804,0.001047
5,0.09,0.0333,0.5183,0.565,0.002997
5,0.0717,0.0217,0.8092,0.7508,0.00155589
5,0.0617,0.03,0.3858,0.4267,0.0018509999999999998
5,0.0383,0.1533,0.4008,0.49,0.00587139
5,0.0883,0.0283,0.3308,0.7875,0.00249889
1,0.0699,0.0316,0.7321,0.2754,0.0022088400000000005
5,0.0633,0.0333,0.2983,0.37,0.00210789
5,0.06,0.035,0.1017,0.1508,0.0021000000000000003
3,0.1267,0.0567,0.265,0.03,0.00718389
3,0.1117,0.12,0.4258,0.5317,0.013404
3,0.0917,0.1417,0.7558,0.2008,0.01299389
3,0.135,0.145,0.8225,0.5292,0.019575
4,0.045,0.025,0.6208,0.7108,0.001125
4,0.0283,0.025,0.8925,0.8825,0.0007075
4,0.0233,0.0233,0.3511,0.8686,0.0005428900000000001
4,0.0233,0.03,0.8436,0.5225,0.000699
4,0.0233,0.0266,0.0965,0.8136,0.00061978
4,0.0233,0.025,0.1331,0.5083,0.0005825
1,0.1017,0.0333,0.8325,0.2067,0.0033866100000000004
1,0.0717,0.1117,0.2525,0.0808,0.00800889
2,0.0532,0.0649,0.97,0.7928,0.0034526799999999996
3,0.04,0.0567,0.2217,0.04,0.002268
3,0.065,0.0317,0.6692,0.9092,0.0020605
2,0.045,0.0333,0.5708,0.605,0.0014985
2,0.0383,0.0383,0.8058,0.4892,0.00146689
4,0.0266,0.0333,0.7804,0.1331,0.0008857800000000001
4,0.0283,0.025,0.7329,0.6048,0.0007075
5,0.025,0.075,0.8458,0.4092,0.001875
1,0.0783,0.0467,0.5525,0.515,0.00365661
1,0.06,0.035,0.4017,0.2742,0.0021000000000000003
4,0.0333,0.0517,0.4333,0.5325,0.0017216100000000002
4,0.05,0.0433,0.5583,0.3717,0.002165
4,0.045,0.04,0.1375,0.43,0.0018
3,0.0383,0.0383,0.3908,0.1875,0.00146689
3,0.055,0.05,0.7375,0.5133,0.0027500000000000003
1,0.0667,0.0267,0.5633,0.1983,0.00178089
1,0.0583,0.0317,0.9642,0.7258,0.0018481099999999998
3,0.0467,0.0617,0.4683,0.1408,0.0028813899999999997
3,0.045,0.1133,0.6975,0.3517,0.0050985
3,0.05,0.0433,0.7017,0.0483,0.002165
5,0.1183,0.0183,0.2275,0.6642,0.00216489
0,0.0367,0.0567,0.165,0.9117,0.00208089
5,0.0599,0.1298,0.4542,0.3411,0.0077750200000000005
5,0.0632,0.0765,0.4908,0.6789,0.0048348
5,0.0899,0.0849,0.3444,0.7263,0.0076325099999999995
4,0.0349,0.0316,0.2787,0.718,0.0011028400000000001
4,0.0416,0.0316,0.2088,0.3103,0.00131456
3,0.0483,0.045,0.1325,0.6892,0.0021735
3,0.0383,0.0583,0.0358,0.4842,0.00223289
2,0.0749,0.0333,0.6747,0.0183,0.00249417
4,0.0267,0.0583,0.3033,0.1158,0.00155661
4,0.0533,0.0217,0.7783,0.4975,0.00115661
4,0.0583,0.03,0.7742,0.87,0.001749
1,0.0433,0.1015,0.5391,0.8777,0.00439495
1,0.1065,0.0433,0.208,0.827,0.00461145
3,0.055,0.0567,0.1375,0.3217,0.0031185
3,0.0583,0.0717,0.1708,0.6658,0.00418011
3,0.065,0.05,0.7308,0.2317,0.0032500000000000003
0,0.0483,0.0317,0.3575,0.9825,0.00153111
0,0.0333,0.0533,0.7817,0.69,0.00177489
0,0.0483,0.05,0.8025,0.12,0.0024150000000000005
0,0.0317,0.055,0.5058,0.2375,0.0017435
5,0.0733,0.0217,0.0583,0.5125,0.0015906100000000001
5,0.0267,0.04,0.7783,0.8967,0.0010680000000000002
5,0.0217,0.0517,0.2675,0.9658,0.0011218900000000002
1,0.0466,0.0399,0.7121,0.9767,0.00185934
1,0.0599,0.03,0.8702,0.8852,0.001797
1,0.0366,0.0266,0.8236,0.5857,0.0009735599999999999
3,0.065,0.03,0.6858,0.0167,0.00195
3,0.06,0.065,0.8083,0.1242,0.0039
3,0.0617,0.0667,0.3558,0.4533,0.004115389999999999
3,0.0533,0.05,0.3183,0.35,0.0026650000000000003
1,0.0633,0.0383,0.3417,0.5342,0.00242439
1,0.0383,0.0717,0.5025,0.9342,0.00274611
1,0.0317,0.075,0.8242,0.4592,0.0023775
1,0.0433,0.0817,0.31,0.9042,0.0035376099999999996
1,0.0417,0.0567,0.7225,0.105,0.00236439
1,0.0567,0.0633,0.545,0.27,0.00358911
5,0.0267,0.04,0.245,0.5633,0.0010680000000000002
4,0.0383,0.0417,0.9025,0.6492,0.0015971100000000001
4,0.0433,0.0567,0.84,0.8917,0.00245511
5,0.0715,0.0366,0.4584,0.1498,0.0026168999999999997
5,0.0666,0.0316,0.3178,0.3686,0.0021045600000000005
5,0.0316,0.0732,0.0757,0.2246,0.00231312
5,0.0815,0.0283,0.3902,0.4301,0.00230645
5,0.0765,0.0283,0.5308,0.3686,0.0021649499999999997
5,0.0516,0.0599,0.2854,0.5724,0.00309084
3,0.0582,0.0599,0.3769,0.6123,0.00348618
4,0.0633,0.06,0.1,0.0317,0.0037979999999999997
4,0.0533,0.0417,0.7367,0.4558,0.00222261
4,0.0533,0.0383,0.1133,0.4542,0.00204139
1,0.035,0.1033,0.2058,0.86,0.0036155000000000007
1,0.09,0.0567,0.11,0.5417,0.005103
1,0.055,0.1017,0.2408,0.1842,0.0055935
1,0.0783,0.05,0.4608,0.3167,0.003915
1,0.0567,0.0533,0.1633,0.0333,0.00302211
0,0.0433,0.0433,0.4,0.855,0.00187489
0,0.0467,0.0333,0.6017,0.04,0.0015551100000000002
0,0.05,0.04,0.6933,0.5783,0.002
5,0.0316,0.0649,0.505,0.8561,0.0020508400000000004
5,0.02,0.0433,0.421,0.7804,0.000866
1,0.0549,0.1015,0.7562,0.8161,0.00557235
1,0.0782,0.0499,0.5366,0.6839,0.0039021800000000003
1,0.0566,0.0532,0.8336,0.9667,0.0030111199999999995
3,0.11,0.0767,0.4417,0.1583,0.008437
3,0.0933,0.0433,0.585,0.9767,0.00403989
4,0.0283,0.025,0.7008,0.4975,0.0007075
4,0.0267,0.03,0.9517,0.6483,0.0008010000000000001
4,0.0217,0.025,0.8825,0.0375,0.0005425
4,0.03,0.03,0.67,0.6683,0.0009
2,0.04,0.055,0.0517,0.8008,0.0022
2,0.065,0.0683,0.6358,0.1142,0.0044395
1,0.085,0.0333,0.3025,0.045,0.0028305000000000006
1,0.0633,0.0283,0.6233,0.8392,0.0017913899999999997
1,0.0583,0.12,0.7108,0.1917,0.006996
4,0.0233,0.055,0.8683,0.4308,0.0012815
4,0.06,0.0233,0.7667,0.8783,0.001398
4,0.02,0.0317,0.34,0.4475,0.000634
4,0.0367,0.025,0.6933,0.4108,0.0009175000000000001
2,0.0582,0.0715,0.6547,0.6165,0.0041613
2,0.0582,0.0699,0.3536,0.4343,0.00406818
2,0.05,0.0467,0.9217,0.2067,0.002335
3,0.0417,0.0367,0.6875,0.865,0.0015303900000000002
3,0.0333,0.0333,0.8783,0.3017,0.0011088900000000002
3,0.0483,0.04,0.7175,0.0333,0.0019320000000000001
3,0.03,0.0217,0.4633,0.4342,0.000651
5,0.0733,0.0217,0.5917,0.1792,0.0015906100000000001
5,0.0217,0.0517,0.8008,0.6325,0.0011218900000000002
1,0.0316,0.0749,0.4734,0.3918,0.0023668400000000003
1,0.0333,0.0566,0.614,0.7255,0.0018847800000000002
1,0.0632,0.0266,0.5341,0.9101,0.0016811200000000001
1,0.0349,0.0649,0.5782,0.0341,0.00226501
2,0.0483,0.0582,0.0541,0.3519,0.00281106
1,0.0383,0.095,0.6175,0.9008,0.0036385000000000002
1,0.0683,0.0433,0.4008,0.2433,0.00295739
3,0.065,0.055,0.8292,0.7008,0.003575
3,0.0583,0.0567,0.7075,0.3617,0.00330561
0,0.0349,0.0715,0.8211,0.896,0.00249535
0,0.0499,0.0632,0.802,0.4293,0.0031536800000000003
0,0.0499,0.0715,0.4742,0.5865,0.0035678499999999996
2,0.0499,0.0632,0.4193,0.5424,0.0031536800000000003
2,0.0483,0.0433,0.272,0.8087,0.00209139
2,0.0433,0.0449,0.3311,0.1972,0.00194417
2,0.03,0.0333,0.8353,0.4509,0.000999
4,0.0383,0.04,0.3608,0.7133,0.0015320000000000002
4,0.035,0.0467,0.2208,0.1483,0.0016345
2,0.065,0.0667,0.0342,0.755,0.0043355
3,0.0499,0.0316,0.6023,0.1622,0.0015768400000000001
3,0.0649,0.0316,0.6614,0.4235,0.0020508400000000004
0,0.0533,0.0417,0.25,0.9725,0.00222261
0,0.0367,0.07,0.7617,0.4833,0.0025690000000000005
2,0.065,0.07,0.0342,0.2567,0.00455
2,0.06,0.0667,0.2517,0.605,0.0040019999999999995
2,0.0533,0.0433,0.4133,0.7917,0.00230789
2,0.0617,0.045,0.7675,0.8642,0.0027765
4,0.0383,0.03,0.6958,0.8583,0.001149
4,0.035,0.035,0.7508,0.2825,0.0012250000000000002
0,0.0417,0.035,0.4642,0.3625,0.0014595
0,0.0583,0.045,0.8475,0.1358,0.0026235
5,0.0467,0.1,0.065,0.73,0.00467
5,0.065,0.0683,0.1942,0.7525,0.0044395
4,0.0349,0.0416,0.698,0.2338,0.00145184
4,0.0416,0.0483,0.7013,0.5699,0.00200928
1,0.0715,0.0882,0.3669,0.1256,0.0063063
1,0.0932,0.0649,0.0965,0.0441,0.00604868
1,0.0699,0.0849,0.5025,0.5815,0.0059345100000000005
2,0.0349,0.0316,0.1073,0.8644,0.0011028400000000001
2,0.0316,0.0283,0.688,0.881,0.00089428
1,0.0567,0.0283,0.57,0.4825,0.00160461
1,0.0533,0.0417,0.3133,0.1408,0.00222261
4,0.045,0.0433,0.8475,0.285,0.0019485
4,0.0617,0.0433,0.3808,0.38,0.0026716099999999996
2,0.0416,0.0383,0.5632,0.3735,0.0015932799999999999
2,0.0416,0.0366,0.3103,0.5424,0.00152256
2,0.0349,0.0399,0.1689,0.2696,0.00139251
2,0.0399,0.0349,0.8087,0.6115,0.00139251
1,0.0549,0.0433,0.718,0.2529,0.0023771699999999996
2,0.06,0.0517,0.8383,0.2025,0.003102
2,0.0567,0.06,0.7383,0.7883,0.003402
2,0.0433,0.0433,0.6572,0.6689,0.00187489
2,0.0417,0.0467,0.0525,0.185,0.00194739
2,0.0467,0.0467,0.3767,0.1883,0.00218089
0,0.0583,0.0767,0.7608,0.5783,0.00447161
0,0.0549,0.0383,0.2022,0.5832,0.00210267
0,0.0567,0.045,0.0883,0.4175,0.0025515
0,0.0733,0.0617,0.2933,0.2742,0.00452261
0,0.0549,0.0383,0.8677,0.5832,0.00210267
0,0.045,0.045,0.6858,0.7342,0.002025
2,0.0483,0.0533,0.1542,0.71,0.00257439
2,0.05,0.0417,0.3233,0.8675,0.002085
3,0.05,0.0517,0.7583,0.2225,0.0025850000000000005
3,0.0633,0.0617,0.5167,0.2175,0.0039056099999999995
3,0.0717,0.0717,0.1825,0.4608,0.00514089
3,0.0633,0.0683,0.4617,0.3875,0.00432339
0,0.0367,0.0567,0.4983,0.3783,0.00208089
0,0.0533,0.05,0.1767,0.4467,0.0026650000000000003
3,0.0517,0.0567,0.4842,0.925,0.0029313900000000003
3,0.0433,0.0567,0.0233,0.5833,0.00245511
3,0.0633,0.0583,0.725,0.5858,0.0036903899999999996
4,0.0416,0.0483,0.921,0.4035,0.00200928
4,0.0532,0.0466,0.8319,0.9734,0.00247912
4,0.0649,0.0416,0.4035,0.6065,0.00269984
4,0.0466,0.0732,0.1997,0.8436,0.00341112
0,0.0583,0.0283,0.1692,0.1342,0.0016498899999999998
4,0.0349,0.0416,0.5832,0.0591,0.00145184
4,0.0416,0.0499,0.3785,0.7671,0.00207584
4,0.0283,0.0449,0.7646,0.7047,0.00127067
2,0.0283,0.0533,0.0158,0.8667,0.0015083899999999999
2,0.0333,0.0567,0.0183,0.5467,0.0018881100000000001
3,0.0732,0.0882,0.416,0.7962,0.00645624
4,0.0367,0.0233,0.8883,0.2017,0.0008551100000000002
1,0.04,0.0367,0.9783,0.7517,0.0014680000000000001
5,0.095,0.03,0.8042,0.66,0.00285
4,0.02,0.035,0.91,0.4025,0.0007000000000000001
4,0.0333,0.0283,0.4217,0.4275,0.0009423900000000001
4,0.025,0.04,0.1575,0.6367,0.001
1,0.11,0.05,0.675,0.2433,0.0055000000000000005
1,0.0983,0.0533,0.1025,0.66,0.00523939
1,0.045,0.0667,0.5442,0.4667,0.0030015
1,0.05,0.0817,0.8083,0.4125,0.004085
5,0.0567,0.0317,0.3,0.4442,0.00179739
5,0.0533,0.02,0.5483,0.0983,0.001066
5,0.0333,0.065,0.8433,0.4958,0.0021645
5,0.0466,0.0233,0.025,0.2696,0.0010857800000000002
0,0.0417,0.0417,0.6492,0.2892,0.00173889
0,0.04,0.0583,0.865,0.4025,0.002332
4,0.045,0.0417,0.1142,0.4225,0.0018765
4,0.0367,0.04,0.3017,0.2617,0.0014680000000000001
4,0.05,0.0417,0.8867,0.5158,0.002085
4,0.0266,0.0466,0.2879,0.6206,0.00123956
4,0.0266,0.03,0.1165,0.8918,0.0007979999999999999
0,0.0283,0.05,0.2775,0.04,0.001415
1,0.03,0.0649,0.8636,0.6148,0.001947
1,0.03,0.0649,0.9484,0.8694,0.001947
1,0.0233,0.0632,0.5624,0.4393,0.0014725600000000001
1,0.0649,0.0349,0.4817,0.0857,0.00226501
1,0.0316,0.0649,0.6697,0.4268,0.0020508400000000004
5,0.0433,0.1,0.1183,0.475,0.00433
5,0.1083,0.0433,0.2575,0.6367,0.00468939
5,0.0367,0.0683,0.28,0.8908,0.0025066100000000003
2,0.0366,0.0383,0.8186,0.8062,0.00140178
1,0.0666,0.0433,0.9185,0.7754,0.0028837800000000003
1,0.0715,0.0449,0.6448,0.926,0.00321035
2,0.0516,0.0416,0.327,0.9676,0.00214656
4,0.045,0.0583,0.4508,0.0842,0.0026235
4,0.04,0.04,0.13,0.445,0.0016
0,0.0517,0.04,0.0758,0.41,0.002068
0,0.0283,0.0567,0.4725,0.1917,0.00160461
2,0.0467,0.0533,0.3683,0.8117,0.00248911
2,0.0517,0.0517,0.2075,0.2675,0.0026728900000000002
2,0.0433,0.0467,0.445,0.41,0.0020221099999999997
2,0.045,0.04,0.6858,0.7833,0.0018
5,0.05,0.0733,0.7967,0.3333,0.0036650000000000003
2,0.0483,0.04,0.2458,0.5633,0.0019320000000000001
2,0.045,0.0433,0.1442,0.7967,0.0019485
5,0.0667,0.03,0.55,0.775,0.0020009999999999997
5,0.0267,0.07,0.9717,0.145,0.0018690000000000002
3,0.05,0.045,0.5917,0.3025,0.00225
3,0.0833,0.0467,0.2633,0.4633,0.00389011
0,0.0383,0.0283,0.1356,0.6431,0.00108389
2,0.0433,0.0367,0.2,0.5267,0.0015891100000000001
2,0.0733,0.0667,0.4833,0.72,0.00488911
2,0.07,0.0633,0.345,0.36,0.004431
5,0.08,0.035,0.9317,0.1242,0.0028000000000000004
1,0.06,0.0433,0.5883,0.7133,0.0025979999999999996
1,0.0833,0.0517,0.745,0.9525,0.00430661
2,0.0349,0.0333,0.7978,0.2812,0.0011621700000000001
2,0.0399,0.0366,0.2712,0.3195,0.0014603399999999999
2,0.0416,0.0349,0.9692,0.0474,0.00145184
0,0.035,0.04,0.7808,0.3667,0.0014000000000000002
5,0.1381,0.0599,0.1057,0.7687,0.00827219
0,0.0399,0.0416,0.8702,0.7446,0.0016598399999999999
5,0.03,0.115,0.18,0.2975,0.00345
5,0.03,0.0467,0.0867,0.385,0.001401
0,0.02,0.0467,0.28,0.025,0.0009339999999999999
0,0.0233,0.0517,0.4417,0.5392,0.00120461
0,0.0467,0.02,0.12,0.255,0.0009339999999999999
2,0.0467,0.0383,0.18,0.4625,0.00178861
3,0.0517,0.0417,0.7042,0.2925,0.00215589
3,0.04,0.0417,0.33,0.3758,0.001668
3,0.055,0.0417,0.1442,0.0225,0.0022935
1,0.0283,0.0582,0.1739,0.5466,0.0016470599999999999
1,0.0599,0.0316,0.6905,0.8444,0.0018928400000000002
1,0.0566,0.0333,0.6223,0.2496,0.0018847800000000002
4,0.03,0.0433,0.74,0.8183,0.0012989999999999998
4,0.04,0.0267,0.9517,0.5033,0.0010680000000000002
2,0.05,0.045,0.8783,0.5058,0.00225
2,0.05,0.0517,0.3167,0.8142,0.0025850000000000005
3,0.0467,0.0533,0.665,0.285,0.00248911
5,0.0717,0.0217,0.1425,0.7508,0.00155589
5,0.055,0.0217,0.3458,0.7375,0.0011935000000000001
5,0.065,0.0233,0.4042,0.9017,0.0015145000000000002
1,0.0566,0.0333,0.6223,0.9135,0.0018847800000000002
1,0.0349,0.0616,0.4967,0.6015,0.00214984
0,0.035,0.0283,0.7758,0.1308,0.0009905
0,0.0267,0.0533,0.5983,0.8533,0.00142311
5,0.0417,0.1017,0.0992,0.7192,0.00424089
5,0.065,0.0433,0.1792,0.5317,0.0028145
5,0.0383,0.065,0.3258,0.1175,0.0024895
5,0.0417,0.105,0.4792,0.3408,0.0043785
0,0.0583,0.045,0.3142,0.4692,0.0026235
2,0.0383,0.0333,0.7146,0.4409,0.0012753900000000002
2,0.0233,0.0499,0.985,0.198,0.00116267
2,0.0466,0.0449,0.2463,0.7912,0.0020923400000000003
0,0.03,0.045,0.0867,0.1192,0.0013499999999999999
2,0.0582,0.0566,0.713,0.8536,0.0032941199999999998
5,0.06,0.065,0.5517,0.8325,0.0039
5,0.1033,0.04,0.73,0.9783,0.004132
4,0.0317,0.0283,0.8192,0.4192,0.0008971099999999999
4,0.0317,0.0283,0.8975,0.5942,0.0008971099999999999
4,0.04,0.045,0.355,0.3108,0.0018
2,0.0666,0.0582,0.8403,0.3785,0.0038761200000000007
2,0.0483,0.0499,0.9725,0.9351,0.00241017
2,0.0567,0.0467,0.905,0.1117,0.00264789
2,0.0483,0.04,0.8608,0.5417,0.0019320000000000001
2,0.0367,0.035,0.8067,0.8458,0.0012845000000000003
2,0.0433,0.0417,0.8617,0.7508,0.00180561
2,0.0467,0.0517,0.1967,0.7258,0.00241439
2,0.0383,0.035,0.3875,0.8492,0.0013405000000000001
2,0.0433,0.0433,0.59,0.6517,0.00187489
2,0.0417,0.0367,0.3342,0.6367,0.0015303900000000002
5,0.04,0.025,0.0917,0.4292,0.001
5,0.08,0.03,0.7633,0.5417,0.0024
5,0.0283,0.0483,0.4558,0.2992,0.00136689
5,0.065,0.03,0.7092,0.15,0.00195
2,0.0417,0.0483,0.6858,0.0808,0.00201411
5,0.125,0.03,0.0642,0.1967,0.00375
5,0.0817,0.0283,0.7342,0.3742,0.0023121099999999996
5,0.035,0.1133,0.9308,0.405,0.0039655
5,0.035,0.1233,0.5575,0.6817,0.004315500000000001
0,0.0483,0.0567,0.4075,0.7433,0.0027386100000000003
0,0.0333,0.0617,0.1433,0.1675,0.00205461
0,0.05,0.055,0.3967,0.2508,0.0027500000000000003
0,0.035,0.055,0.6425,0.9475,0.0019250000000000003
1,0.0416,0.0765,0.4517,0.5973,0.0031823999999999997
1,0.0333,0.0715,0.6389,0.9459,0.00238095
4,0.0449,0.0532,0.7862,0.1148,0.00238868
0,0.0633,0.0617,0.495,0.7542,0.0039056099999999995
0,0.0517,0.0733,0.8175,0.5583,0.0037896100000000005
0,0.045,0.0533,0.8558,0.2467,0.0023985
0,0.045,0.06,0.3658,0.3067,0.0026999999999999997
0,0.0616,0.0449,0.4917,0.7962,0.0027658400000000003
0,0.0532,0.0483,0.208,0.3619,0.00256956
0,0.0499,0.0516,0.6722,0.109,0.00257484
3,0.0599,0.0483,0.5141,0.3419,0.0028931700000000005
0,0.0333,0.0567,0.4767,0.1767,0.0018881100000000001
0,0.0567,0.0317,0.0967,0.3075,0.00179739
0,0.0467,0.0367,0.7817,0.75,0.00171389
5,0.0417,0.065,0.6458,0.3525,0.0027105000000000002
2,0.0767,0.08,0.2983,0.5933,0.006136000000000001
2,0.075,0.0783,0.6342,0.4725,0.005872499999999999
4,0.0433,0.0433,0.13,0.5683,0.00187489
4,0.045,0.0433,0.2858,0.5117,0.0019485
4,0.0483,0.035,0.4508,0.8725,0.0016905000000000002
0,0.03,0.0517,0.4533,0.7325,0.001551
0,0.0467,0.0217,0.0733,0.8042,0.00101339
0,0.0383,0.0233,0.2492,0.3783,0.0008923900000000001
3,0.0483,0.0516,0.5067,0.5449,0.00249228
5,0.0533,0.0317,0.5883,0.6408,0.00168961
5,0.0517,0.0383,0.4325,0.6508,0.00198011
5,0.03,0.055,0.5567,0.3008,0.00165
5,0.0183,0.0517,0.9025,0.5475,0.0009461100000000001
5,0.0633,0.03,0.505,0.8433,0.0018989999999999999
3,0.0749,0.0899,0.0524,0.2662,0.006733509999999999
1,0.0467,0.0333,0.2167,0.3233,0.0015551100000000002
1,0.0283,0.045,0.0158,0.5692,0.0012735
0,0.0599,0.0483,0.8087,0.475,0.0028931700000000005
0,0.0449,0.0549,0.683,0.1173,0.00246501
0,0.0483,0.0682,0.272,0.6963,0.00329406
0,0.03,0.0333,0.71,0.295,0.000999
0,0.0467,0.0333,0.1933,0.4267,0.0015551100000000002
0,0.0483,0.03,0.0408,0.565,0.001449
5,0.025,0.0467,0.7958,0.2383,0.0011675
5,0.0583,0.0217,0.7425,0.8175,0.00126511
3,0.0567,0.0583,0.77,0.1692,0.00330561
3,0.0417,0.045,0.6592,0.0875,0.0018765
3,0.055,0.0617,0.2392,0.7142,0.0033935
2,0.0749,0.0815,0.074,0.5483,0.00610435
2,0.1098,0.0998,0.1398,0.6456,0.010958039999999999
1,0.0599,0.0699,0.7737,0.2895,0.0041870100000000006
1,0.0349,0.0549,0.9359,0.4817,0.00191601
1,0.03,0.0549,0.6123,0.3419,0.0016469999999999998
1,0.0383,0.0749,0.4384,0.4168,0.00286867
1,0.0633,0.0467,0.8667,0.86,0.0029561099999999996
1,0.0683,0.0617,0.8858,0.2125,0.00421411
5,0.0367,0.105,0.1633,0.0542,0.0038535
0,0.0233,0.03,0.5533,0.95,0.000699
0,0.0317,0.0317,0.9158,0.8925,0.00100489
1,0.03,0.0717,0.325,0.0425,0.0021509999999999997
1,0.025,0.0667,0.6675,0.1517,0.0016675
1,0.0567,0.0283,0.8767,0.8758,0.00160461
4,0.0233,0.035,0.9767,0.2425,0.0008155000000000001
4,0.0317,0.0333,0.6058,0.715,0.00105561
4,0.03,0.0267,0.5567,0.4183,0.0008010000000000001
3,0.0666,0.0699,0.619,0.3627,0.004655340000000001
1,0.045,0.08,0.1725,0.0667,0.0036
1,0.0733,0.05,0.4683,0.2967,0.0036650000000000003
1,0.0717,0.0483,0.3992,0.4725,0.00346311
4,0.0567,0.025,0.885,0.3042,0.0014175000000000001
4,0.02,0.0517,0.5033,0.7792,0.001034
4,0.0283,0.0567,0.1308,0.775,0.00160461
3,0.0517,0.05,0.3908,0.535,0.0025850000000000005
3,0.0867,0.0633,0.4667,0.76,0.005488109999999999
5,0.0366,0.0682,0.6223,0.7945,0.00249612
5,0.0399,0.0832,0.6739,0.3677,0.0033196799999999998
5,0.0948,0.0416,0.5599,0.6198,0.00394368
5,0.0682,0.0383,0.2288,0.723,0.00261206
4,0.0549,0.0366,0.4218,0.381,0.00200934
4,0.0366,0.0366,0.0899,0.7005,0.00133956
0,0.0717,0.055,0.3692,0.1392,0.0039435
0,0.06,0.0417,0.7933,0.2158,0.002502
4,0.0517,0.0383,0.4042,0.0458,0.00198011
4,0.0617,0.0417,0.5308,0.2542,0.00257289
4,0.0883,0.045,0.8775,0.1808,0.0039735
4,0.0617,0.0567,0.6375,0.065,0.00349839
1,0.0383,0.0383,0.1556,0.6797,0.00146689
2,0.0467,0.0483,0.4933,0.0908,0.00225561
0,0.0267,0.065,0.1117,0.2042,0.0017355
0,0.0233,0.0533,0.2733,0.1183,0.00124189
4,0.0433,0.035,0.9333,0.2642,0.0015155000000000001
4,0.0433,0.0317,0.1033,0.4342,0.0013726099999999998
4,0.0417,0.04,0.2742,0.5,0.001668
2,0.0366,0.0399,0.4809,0.8702,0.0014603399999999999
2,0.0383,0.0466,0.1789,0.7321,0.0017847800000000001
2,0.0383,0.0433,0.693,0.817,0.00165839
0,0.05,0.0317,0.9483,0.6825,0.001585
3,0.0549,0.0899,0.9692,0.5108,0.00493551
3,0.0566,0.0899,0.4642,0.3478,0.005088339999999999
3,0.0483,0.0849,0.2022,0.8344,0.004100670000000001
1,0.03,0.0567,0.8517,0.3983,0.001701
1,0.0533,0.035,0.86,0.6708,0.0018655000000000002
1,0.0617,0.0367,0.9192,0.0717,0.0022643900000000002
2,0.04,0.05,0.51,0.7917,0.002
4,0.0533,0.0383,0.8717,0.1208,0.00204139
5,0.0333,0.095,0.3383,0.8858,0.0031635000000000005
5,0.0533,0.0433,0.6633,0.7717,0.00230789
0,0.0333,0.0517,0.6833,0.0525,0.0017216100000000002
5,0.0366,0.0765,0.6572,0.1314,0.0027999
5,0.0366,0.0682,0.2895,0.3686,0.00249612
5,0.0799,0.0316,0.1131,0.5865,0.0025248400000000004
5,0.0948,0.0416,0.2271,0.1938,0.00394368
4,0.04,0.045,0.8883,0.5875,0.0018
4,0.025,0.025,0.7025,0.8125,0.0006250000000000001
2,0.0417,0.0417,0.1358,0.6742,0.00173889
2,0.045,0.0467,0.2692,0.2583,0.0021015
2,0.0417,0.055,0.7258,0.2575,0.0022935
1,0.0433,0.0499,0.4143,0.7804,0.00216067
4,0.0349,0.0233,0.0691,0.3943,0.0008131700000000001
4,0.0433,0.0283,0.1647,0.6231,0.0012253899999999998
0,0.0383,0.0682,0.6481,0.7496,0.00261206
0,0.0383,0.0466,0.302,0.025,0.0017847800000000001
4,0.0283,0.0283,0.3492,0.5258,0.00080089
4,0.0233,0.0367,0.965,0.5283,0.0008551100000000002
4,0.0466,0.0682,0.8336,0.6764,0.00317812
4,0.0466,0.0765,0.4443,0.4542,0.0035649
4,0.0616,0.0666,0.5998,0.2346,0.004102560000000001
4,0.0599,0.0749,0.5175,0.8611,0.00448651
1,0.0499,0.0582,0.1897,0.9676,0.00290418
1,0.0499,0.0982,0.6023,0.6581,0.00490018
1,0.0733,0.0617,0.635,0.0325,0.00452261
1,0.0967,0.0533,0.9267,0.105,0.00515411
1,0.0683,0.0283,0.3192,0.3308,0.0019328899999999998
1,0.0233,0.0517,0.805,0.6725,0.00120461
0,0.0349,0.0599,0.5,0.3261,0.0020905100000000003
0,0.0433,0.0399,0.1514,0.4958,0.00172767
3,0.065,0.065,0.8358,0.5608,0.0042250000000000005
3,0.07,0.0617,0.6017,0.3492,0.004319
1,0.085,0.0433,0.6008,0.5467,0.0036805
1,0.0683,0.0433,0.7342,0.81,0.00295739
1,0.0533,0.0283,0.105,0.0642,0.0015083899999999999
1,0.0617,0.0283,0.6442,0.1658,0.00174611
1,0.03,0.04,0.8817,0.0217,0.0012
0,0.0433,0.0433,0.7333,0.2883,0.00187489
0,0.055,0.0417,0.4792,0.5475,0.0022935
5,0.0567,0.06,0.515,0.1483,0.003402
3,0.0583,0.0667,0.5892,0.12,0.0038886099999999994
3,0.055,0.06,0.7475,0.1117,0.0033
3,0.0383,0.0333,0.2858,0.3317,0.0012753900000000002
3,0.1183,0.11,0.8942,0.76,0.013013
2,0.0483,0.0417,0.5542,0.3458,0.00201411
2,0.0317,0.04,0.1192,0.3067,0.001268
0,0.03,0.06,0.8,0.8317,0.0018
0,0.0333,0.0617,0.27,0.6725,0.00205461
0,0.0349,0.0682,0.9792,0.2671,0.00238018
0,0.0466,0.0316,0.3927,0.9027,0.0014725600000000001
0,0.0316,0.0582,0.2088,0.272,0.0018391200000000003
5,0.0433,0.0467,0.2033,0.0983,0.0020221099999999997
5,0.0667,0.0633,0.7667,0.1017,0.004222109999999999
5,0.05,0.0567,0.5433,0.3217,0.0028350000000000003
5,0.065,0.0383,0.0342,0.2725,0.0024895
5,0.0567,0.0883,0.3917,0.7308,0.00500661
5,0.0233,0.0566,0.2246,0.0865,0.00131878
4,0.0317,0.0367,0.6108,0.645,0.00116339
0,0.065,0.0433,0.9492,0.72,0.0028145
4,0.0417,0.0417,0.7158,0.8475,0.00173889
4,0.0417,0.06,0.6208,0.3817,0.002502
5,0.0483,0.0216,0.6082,0.2205,0.0010432800000000002
5,0.1,0.0383,0.4267,0.2325,0.00383
5,0.045,0.105,0.5475,0.1225,0.004725
2,0.075,0.0817,0.4042,0.2692,0.006127499999999999
2,0.08,0.065,0.6417,0.0408,0.005200000000000001
0,0.0283,0.0583,0.6208,0.5258,0.0016498899999999998
2,0.0333,0.0367,0.2417,0.5233,0.0012221100000000002
2,0.03,0.04,0.4333,0.3517,0.0012
2,0.0367,0.0383,0.635,0.5575,0.00140561
1,0.0383,0.0767,0.5025,0.3367,0.0029376100000000002
2,0.0633,0.0517,0.3567,0.4125,0.00327261
2,0.055,0.0567,0.4708,0.0617,0.0031185
2,0.0566,0.0483,0.3661,0.2654,0.00273378
2,0.0417,0.04,0.4858,0.1933,0.001668
1,0.0333,0.0749,0.0266,0.7163,0.00249417
5,0.0466,0.0266,0.9517,0.1631,0.00123956
1,0.035,0.055,0.3025,0.2292,0.0019250000000000003
1,0.0383,0.0633,0.8475,0.5017,0.00242439
3,0.0567,0.0633,0.4617,0.4517,0.00358911
3,0.0567,0.09,0.8683,0.0833,0.005103
3,0.0583,0.0467,0.2225,0.81,0.00272261
3,0.0467,0.0733,0.7083,0.295,0.00342311
3,0.0517,0.0567,0.3575,0.8883,0.0029313900000000003
1,0.0366,0.0483,0.7488,0.7612,0.00176778
1,0.0383,0.0715,0.5682,0.2654,0.00273845
1,0.0433,0.0549,0.5241,0.7962,0.0023771699999999996
1,0.0467,0.0817,0.4633,0.1875,0.0038153899999999997
1,0.1017,0.0333,0.4875,0.54,0.0033866100000000004
1,0.055,0.0883,0.8058,0.4442,0.004856500000000001
5,0.0267,0.045,0.2133,0.9758,0.0012015
4,0.0233,0.055,0.3367,0.0975,0.0012815
4,0.06,0.0233,0.235,0.545,0.001398
4,0.0367,0.025,0.1617,0.0775,0.0009175000000000001
0,0.0583,0.0283,0.5142,0.0158,0.0016498899999999998
0,0.0433,0.0517,0.8633,0.1725,0.00223861
3,0.0633,0.055,0.8633,0.7542,0.0034815
5,0.035,0.045,0.0225,0.3008,0.001575
5,0.075,0.05,0.6375,0.555,0.00375
4,0.0466,0.0799,0.6772,0.8785,0.0037233400000000003
4,0.0682,0.0566,0.3619,0.7388,0.0038601199999999994
4,0.04,0.0533,0.3783,0.1717,0.002132
4,0.0433,0.0633,0.5883,0.045,0.0027408899999999997
0,0.0317,0.03,0.9825,0.7833,0.0009509999999999999
0,0.0732,0.0433,0.8037,0.5391,0.00316956
0,0.0699,0.0416,0.5441,0.9592,0.00290784
0,0.0499,0.0283,0.3245,0.7113,0.00141217
1,0.0267,0.095,0.015,0.2292,0.0025365
1,0.0783,0.065,0.2625,0.1375,0.005089499999999999
0,0.0583,0.035,0.0825,0.6108,0.0020405
5,0.045,0.0517,0.3875,0.2225,0.0023265
5,0.0383,0.0633,0.4142,0.5283,0.00242439
5,0.0567,0.04,0.6283,0.5517,0.002268
5,0.0333,0.0767,0.5917,0.5883,0.0025541100000000005
2,0.0483,0.0433,0.2308,0.8267,0.00209139
0,0.05,0.0267,0.73,0.2033,0.0013350000000000002
2,0.0683,0.0717,0.7408,0.1525,0.00489711
2,0.065,0.0617,0.2208,0.3542,0.0040105
2,0.0433,0.0733,0.0233,0.5967,0.00317389
2,0.0499,0.0449,0.5092,0.53,0.0022405100000000002
2,0.0449,0.0516,0.1855,0.312,0.00231684
2,0.0433,0.0433,0.7271,0.9085,0.00187489
2,0.0466,0.0466,0.8103,0.376,0.0021715600000000003
2,0.0483,0.0466,0.4884,0.4825,0.0022507800000000004
4,0.025,0.0267,0.7642,0.5183,0.0006675000000000001
4,0.0317,0.0417,0.2008,0.5808,0.00132189
3,0.055,0.055,0.2992,0.3642,0.003025
3,0.0567,0.0567,0.5817,0.1583,0.00321489
5,0.05,0.0283,0.9333,0.1575,0.001415
5,0.0233,0.05,0.88,0.4167,0.001165
5,0.0383,0.0333,0.6342,0.3633,0.0012753900000000002
1,0.035,0.03,0.8642,0.56,0.0010500000000000002
1,0.035,0.0367,0.6042,0.525,0.0012845000000000003
1,0.035,0.0517,0.2492,0.3175,0.0018095000000000003
0,0.04,0.035,0.2717,0.6942,0.0014000000000000002
1,0.0283,0.0566,0.1473,0.6023,0.00160178
1,0.0516,0.0349,0.1389,0.3303,0.00180084
3,0.0517,0.05,0.4575,0.9467,0.0025850000000000005
3,0.0733,0.0983,0.1467,0.0975,0.00720539
1,0.0732,0.0532,0.5774,0.807,0.0038942399999999998
1,0.0516,0.0516,0.5316,0.5616,0.00266256
1,0.0499,0.0865,0.5225,0.2246,0.00431635
0,0.0483,0.035,0.1592,0.5708,0.0016905000000000002
0,0.0517,0.035,0.5058,0.9125,0.0018095000000000003
4,0.04,0.0433,0.1233,0.5017,0.001732
2,0.055,0.0517,0.8542,0.6892,0.0028435
2,0.0517,0.0567,0.2242,0.86,0.0029313900000000003
2,0.0667,0.07,0.1983,0.1067,0.004669
2,0.0683,0.05,0.7475,0.215,0.003415
2,0.0583,0.0533,0.9692,0.5933,0.00310739
5,0.0367,0.1217,0.4783,0.4708,0.004466390000000001
5,0.0433,0.0667,0.5383,0.5417,0.0028881099999999997
5,0.0633,0.0383,0.925,0.7658,0.00242439
5,0.0667,0.0467,0.8433,0.535,0.0031148899999999995
5,0.07,0.0433,0.74,0.2567,0.0030310000000000003
3,0.0666,0.0682,0.1398,0.4201,0.00454212
3,0.0416,0.0483,0.4867,0.317,0.00200928
1,0.0633,0.045,0.6133,0.1942,0.0028484999999999995
1,0.0483,0.0333,0.3842,0.8667,0.0016083900000000003
4,0.0333,0.0283,0.629,0.9459,0.0009423900000000001
4,0.0283,0.03,0.2488,0.6556,0.0008489999999999999
0,0.0266,0.0466,0.8353,0.3295,0.00123956
0,0.03,0.0449,0.5774,0.5499,0.001347
1,0.0948,0.0433,0.0923,0.6323,0.004104839999999999
1,0.0715,0.0832,0.2604,0.4476,0.005948799999999999
0,0.08,0.0633,0.4567,0.8117,0.005064
0,0.0517,0.0617,0.0275,0.8875,0.00318989
5,0.03,0.0516,0.8403,0.9326,0.001548
5,0.0516,0.025,0.5815,0.8794,0.0012900000000000001
5,0.0349,0.0399,0.6348,0.6339,0.00139251
2,0.0449,0.0499,0.5532,0.223,0.0022405100000000002
2,0.0715,0.0666,0.6997,0.5291,0.0047619
5,0.035,0.075,0.1875,0.5342,0.002625
5,0.0233,0.0617,0.8483,0.7192,0.00143761
5,0.1133,0.0283,0.7033,0.8475,0.00320639
5,0.045,0.0283,0.6158,0.7542,0.0012735
3,0.0867,0.085,0.07,0.6058,0.0073695
0,0.0333,0.05,0.4617,0.5617,0.0016650000000000002
0,0.0483,0.035,0.8258,0.5708,0.0016905000000000002
2,0.0333,0.045,0.28,0.5758,0.0014985
4,0.03,0.0283,0.5067,0.1492,0.0008489999999999999
4,0.03,0.0417,0.5367,0.6692,0.001251
4,0.0233,0.025,0.5417,0.4075,0.0005825
1,0.0733,0.035,0.525,0.7625,0.0025655000000000005
1,0.0283,0.055,0.0675,0.3958,0.0015565
4,0.03,0.03,0.2783,0.1667,0.0009
4,0.0267,0.025,0.1,0.4942,0.0006675000000000001
4,0.0283,0.025,0.5925,0.2892,0.0007075
4,0.0283,0.0283,0.0158,0.1925,0.00080089
4,0.0233,0.0367,0.6317,0.195,0.0008551100000000002
4,0.0283,0.0333,0.8858,0.5,0.0009423900000000001
1,0.04,0.055,0.975,0.2575,0.0022
1,0.0483,0.0517,0.1158,0.4325,0.0024971100000000003
4,0.035,0.0533,0.3808,0.5767,0.0018655000000000002
4,0.035,0.035,0.7008,0.9092,0.0012250000000000002
4,0.0316,0.0316,0.5266,0.5749,0.0009985600000000001
2,0.035,0.03,0.4075,0.3217,0.0010500000000000002
2,0.035,0.0433,0.6825,0.4567,0.0015155000000000001
3,0.0767,0.08,0.4817,0.5433,0.006136000000000001
5,0.0383,0.07,0.4592,0.7183,0.0026810000000000002
5,0.0317,0.08,0.4908,0.4483,0.002536
5,0.05,0.0533,0.5867,0.3017,0.0026650000000000003
2,0.045,0.0367,0.7692,0.7717,0.0016515000000000002
3,0.0433,0.0467,0.3117,0.1333,0.0020221099999999997
3,0.0567,0.0367,0.5167,0.0367,0.00208089
5,0.0783,0.035,0.5875,0.4092,0.0027405
1,0.05,0.0383,0.7533,0.2975,0.001915
1,0.0767,0.05,0.17,0.3567,0.0038350000000000003
1,0.0767,0.0517,0.04,0.1642,0.00396539
1,0.0383,0.0633,0.5258,0.8383,0.00242439
1,0.0667,0.07,0.8767,0.7217,0.004669
1,0.0383,0.0617,0.6108,0.4792,0.00236311
0,0.0499,0.0649,0.4293,0.1755,0.00323851
0,0.0699,0.0532,0.2529,0.0416,0.00371868
1,0.0649,0.0349,0.7562,0.327,0.00226501
1,0.0783,0.0633,0.4975,0.8583,0.004956389999999999
4,0.03,0.0349,0.9035,0.9526,0.001047
4,0.0416,0.0266,0.6947,0.6889,0.00110656
2,0.0749,0.0649,0.7379,0.7712,0.00486101
4,0.0267,0.0317,0.1183,0.8842,0.00084639
4,0.0267,0.0333,0.55,0.2967,0.0008891100000000001
4,0.03,0.03,0.11,0.2667,0.0009
5,0.035,0.0283,0.4808,0.6025,0.0009905
5,0.03,0.0667,0.4117,0.7833,0.0020009999999999997
5,0.0567,0.03,0.6967,0.905,0.001701
5,0.0617,0.0267,0.1625,0.5217,0.00164739
3,0.0516,0.0832,0.8311,0.4309,0.00429312
3,0.0399,0.0449,0.7388,0.2105,0.00179151
3,0.0449,0.0483,0.2321,0.3519,0.00216867
3,0.0399,0.0449,0.1231,0.5932,0.00179151
2,0.0417,0.0333,0.9742,0.8817,0.0013886100000000002
3,0.0399,0.0483,0.5957,0.3918,0.00192717
3,0.0399,0.0516,0.8003,0.5915,0.0020588399999999997
2,0.0483,0.0433,0.48,0.6223,0.00209139
2,0.0483,0.0483,0.4767,0.9459,0.0023328900000000002
2,0.0449,0.0516,0.703,0.7296,0.00231684
3,0.0699,0.0982,0.3993,0.4717,0.00686418
3,0.0549,0.0566,0.0424,0.6339,0.0031073399999999997
0,0.0449,0.0416,0.2804,0.8544,0.00186784
2,0.0467,0.0383,0.9583,0.6708,0.00178861
2,0.0433,0.04,0.6633,0.5683,0.001732
1,0.0367,0.04,0.53,0.3167,0.0014680000000000001
1,0.0333,0.0417,0.105,0.3025,0.0013886100000000002
1,0.0383,0.0383,0.3075,0.5242,0.00146689
2,0.0433,0.0417,0.3083,0.1608,0.00180561
1,0.0283,0.0566,0.48,0.0699,0.00160178
2,0.0433,0.0417,0.2033,0.4392,0.00180561
2,0.0583,0.0483,0.6908,0.6208,0.00281589
2,0.0483,0.0383,0.886,0.2804,0.00184989
5,0.0433,0.0233,0.0233,0.48,0.00100889
5,0.025,0.0417,0.1625,0.2208,0.0010425
3,0.0517,0.0483,0.8325,0.3975,0.0024971100000000003
3,0.0533,0.055,0.8717,0.1892,0.0029315
3,0.06,0.0533,0.5967,0.6183,0.003198
2,0.0599,0.0599,0.4759,0.614,0.0035880100000000004
2,0.0316,0.0349,0.9592,0.2704,0.0011028400000000001
2,0.0449,0.0416,0.3536,0.5549,0.00186784
4,0.0399,0.0333,0.8469,0.9218,0.0013286700000000001
4,0.0383,0.0416,0.495,0.8211,0.0015932799999999999
1,0.0417,0.065,0.7758,0.0792,0.0027105000000000002
1,0.0433,0.07,0.9267,0.3533,0.0030310000000000003
5,0.0732,0.0283,0.8686,0.901,0.00207156
5,0.0865,0.025,0.7271,0.9626,0.0021625
5,0.0632,0.0216,0.8153,0.5765,0.0013651200000000003
4,0.035,0.04,0.1675,0.1683,0.0014000000000000002
0,0.04,0.0383,0.0517,0.2992,0.0015320000000000002
0,0.0467,0.0417,0.2617,0.3192,0.00194739
0,0.0433,0.06,0.45,0.8383,0.0025979999999999996
0,0.0499,0.0499,0.4276,0.1797,0.00249001
2,0.0467,0.0467,0.17,0.38,0.00218089
4,0.0317,0.0317,0.4708,0.4258,0.00100489
2,0.0699,0.0616,0.8935,0.7413,0.00430584
2,0.0549,0.0649,0.2321,0.6181,0.0035630099999999997
1,0.0717,0.0283,0.6742,0.1992,0.0020291099999999998
1,0.0217,0.0583,0.8958,0.1642,0.00126511
1,0.0733,0.0367,0.185,0.02,0.0026901100000000003
2,0.0683,0.065,0.0875,0.9658,0.0044395
3,0.0667,0.095,0.41,0.2925,0.006336499999999999
3,0.0733,0.0983,0.495,0.6792,0.00720539
5,0.0267,0.1033,0.43,0.6417,0.0027581100000000002
5,0.0383,0.0517,0.9792,0.5358,0.00198011
0,0.0417,0.055,0.8942,0.3608,0.0022935
0,0.0417,0.06,0.4192,0.645,0.002502
0,0.05,0.0383,0.7583,0.7192,0.001915
3,0.095,0.0783,0.7658,0.4692,0.0074385
3,0.1967,0.1233,0.2783,0.6683,0.02425311
3,0.12,0.0933,0.695,0.6617,0.011196
2,0.0333,0.0383,0.73,0.3075,0.0012753900000000002
0,0.0317,0.0467,0.7408,0.4,0.0014803899999999998
0,0.025,0.045,0.3675,0.6958,0.001125
4,0.0317,0.03,0.3292,0.46,0.0009509999999999999
4,0.035,0.025,0.4042,0.1608,0.0008750000000000001
4,0.0467,0.025,0.6533,0.0875,0.0011675
4,0.0233,0.035,0.7633,0.9258,0.0008155000000000001
5,0.0517,0.05,0.2792,0.1683,0.0025850000000000005
5,0.0367,0.0817,0.8983,0.4025,0.00299839
3,0.0483,0.055,0.4058,0.2608,0.0026565
1,0.0267,0.07,0.27,0.34,0.0018690000000000002
1,0.0567,0.02,0.305,0.5617,0.001134
3,0.0666,0.0649,0.5125,0.5682,0.00432234
3,0.0649,0.0582,0.2188,0.8627,0.00377718
1,0.0467,0.0233,0.655,0.7283,0.00108811
0,0.05,0.0733,0.2117,0.1867,0.0036650000000000003
0,0.08,0.0483,0.1917,0.8275,0.0038640000000000002
0,0.065,0.0517,0.8092,0.2408,0.0033605
2,0.05,0.04,0.88,0.46,0.002
2,0.0383,0.0399,0.1672,0.2696,0.00152817
2,0.0366,0.0333,0.3078,0.4393,0.00121878
2,0.0433,0.0366,0.1048,0.6456,0.00158478
3,0.0367,0.0333,0.76,0.0183,0.0012221100000000002
4,0.0399,0.0383,0.7837,0.7729,0.00152817
4,0.0283,0.045,0.2325,0.2958,0.0012735
3,0.0483,0.0649,0.0424,0.6398,0.00313467
3,0.0449,0.0632,0.0241,0.8785,0.0028376800000000004
0,0.0417,0.035,0.5692,0.8725,0.0014595
5,0.05,0.1033,0.9533,0.5117,0.005165
5,0.1183,0.035,0.8325,0.9792,0.0041405
4,0.035,0.0567,0.1758,0.6783,0.0019845
3,0.0782,0.1115,0.8394,0.4418,0.008719300000000001
3,0.0433,0.0948,0.0233,0.5849,0.004104839999999999
1,0.0483,0.035,0.6408,0.9242,0.0016905000000000002
1,0.03,0.05,0.95,0.2783,0.0015
3,0.0533,0.06,0.2467,0.8633,0.003198
3,0.055,0.04,0.5292,0.2467,0.0022
3,0.055,0.0533,0.2842,0.335,0.0029315
3,0.0467,0.055,0.3433,0.5042,0.0025685
0,0.0583,0.035,0.5092,0.0425,0.0020405
0,0.0333,0.0583,0.6383,0.4225,0.00194139
3,0.0383,0.0583,0.3175,0.4075,0.00223289
3,0.0617,0.0367,0.8108,0.2833,0.0022643900000000002
3,0.0383,0.0367,0.7358,0.8367,0.00140561
4,0.0333,0.0449,0.8968,0.6364,0.0014951700000000003
4,0.0416,0.0433,0.8311,0.807,0.00180128
1,0.0566,0.0416,0.4077,0.4418,0.00235456
1,0.0566,0.0449,0.0483,0.5865,0.00254134
0,0.0349,0.0715,0.1572,0.2055,0.00249535
0,0.0616,0.0682,0.673,0.8794,0.00420112
0,0.0715,0.0782,0.9226,0.6531,0.0055913
5,0.0649,0.0349,0.322,0.3702,0.00226501
5,0.1383,0.06,0.2258,0.2317,0.008298
0,0.0416,0.0333,0.6231,0.0832,0.00138528
0,0.0649,0.0433,0.7163,0.2812,0.00281017
3,0.0416,0.0466,0.4884,0.3161,0.00193856
3,0.0649,0.0915,0.2188,0.1556,0.00593835
3,0.0549,0.0799,0.1473,0.4176,0.00438651
2,0.05,0.055,0.8933,0.5758,0.0027500000000000003
2,0.055,0.0533,0.4092,0.7417,0.0029315
3,0.0533,0.0583,0.32,0.4008,0.00310739
3,0.0617,0.0583,0.6275,0.1475,0.0035971099999999997
3,0.0483,0.0367,0.2875,0.33,0.0017726100000000002
2,0.0632,0.0582,0.7937,0.4567,0.0036782400000000006
2,0.0649,0.0616,0.0341,0.3319,0.00399784
3,0.0383,0.0566,0.7978,0.6556,0.00216778
3,0.0549,0.0483,0.4484,0.2088,0.00265167
3,0.0449,0.0532,0.6448,0.4077,0.00238868
3,0.0483,0.0483,0.906,0.5433,0.0023328900000000002
0,0.04,0.03,0.84,0.6833,0.0012
0,0.0367,0.0433,0.4183,0.7017,0.0015891100000000001
3,0.0533,0.0567,0.3417,0.33,0.00302211
3,0.0683,0.0617,0.7425,0.7408,0.00421411
3,0.0483,0.0433,0.8108,0.51,0.00209139
1,0.0383,0.0367,0.7075,0.7567,0.00140561
1,0.04,0.0467,0.3833,0.925,0.0018679999999999999
1,0.0417,0.05,0.5158,0.62,0.002085
5,0.035,0.0283,0.8158,0.0708,0.0009905
5,0.03,0.0667,0.745,0.2517,0.0020009999999999997
2,0.0449,0.0549,0.4368,0.2005,0.00246501
2,0.0399,0.0399,0.3394,0.8519,0.0015920099999999998
2,0.035,0.0683,0.9808,0.4458,0.0023905000000000003
2,0.0617,0.06,0.8125,0.1567,0.0037019999999999996
5,0.0667,0.025,0.2233,0.3192,0.0016675
2,0.0416,0.0416,0.6065,0.6747,0.00173056
5,0.1015,0.0483,0.2687,0.0657,0.004902450000000001
5,0.0699,0.0666,0.2463,0.1947,0.004655340000000001
3,0.0783,0.1117,0.1575,0.5592,0.00874611
3,0.0433,0.095,0.9767,0.4158,0.0041135
0,0.0417,0.0383,0.0642,0.1808,0.0015971100000000001
0,0.0333,0.0433,0.41,0.6233,0.0014418900000000001
2,0.0533,0.065,0.0517,0.8008,0.0034645
3,0.0815,0.1231,0.4285,0.3977,0.01003265
3,0.0699,0.0982,0.6539,0.8211,0.00686418
4,0.0449,0.0566,0.8428,0.4526,0.00254134
4,0.0349,0.0433,0.8195,0.0449,0.00151117
4,0.0399,0.0416,0.5474,0.129,0.0016598399999999999
4,0.0349,0.0366,0.4052,0.3062,0.00127734
1,0.0383,0.0483,0.5316,0.4734,0.00184989
1,0.0383,0.0715,0.901,0.7463,0.00273845
2,0.0582,0.0399,0.7912,0.3211,0.00232218
4,0.0316,0.0399,0.9476,0.7787,0.00126084
0,0.0433,0.0283,0.3067,0.4908,0.0012253899999999998
0,0.0267,0.0333,0.5217,0.8133,0.0008891100000000001
5,0.09,0.035,0.6217,0.4492,0.00315
5,0.0433,0.045,0.6683,0.6625,0.0019485
5,0.0417,0.0683,0.7442,0.7408,0.00284811
2,0.0517,0.0467,0.4758,0.34,0.00241439
3,0.1215,0.0366,0.53,0.9784,0.0044469
5,0.0983,0.05,0.7208,0.8767,0.004915
1,0.06,0.055,0.73,0.8242,0.0033
1,0.0683,0.0383,0.8392,0.3692,0.00261589
1,0.0467,0.0833,0.7117,0.3683,0.00389011
5,0.0633,0.03,0.6933,0.38,0.0018989999999999999
2,0.0383,0.0399,0.8145,0.3478,0.00152817
2,0.0366,0.0366,0.3361,0.812,0.00133956
1,0.055,0.0433,0.9475,0.7483,0.0023815
1,0.0567,0.065,0.525,0.8008,0.0036855
4,0.045,0.0567,0.8192,0.5483,0.0025515
4,0.0367,0.0433,0.8433,0.9567,0.0015891100000000001
4,0.0283,0.0383,0.1325,0.6608,0.00108389
4,0.0417,0.0267,0.2875,0.5933,0.0011133900000000001
5,0.0566,0.1564,0.3977,0.8885,0.00885224
2,0.0267,0.0383,0.24,0.2575,0.00102261
5,0.0466,0.0266,0.2862,0.1631,0.00123956
2,0.0533,0.0517,0.1483,0.6842,0.0027556100000000004
2,0.045,0.05,0.7242,0.2717,0.00225
2,0.0317,0.0367,0.7542,0.1983,0.00116339
2,0.035,0.035,0.1608,0.1992,0.0012250000000000002
2,0.035,0.0433,0.3158,0.8883,0.0015155000000000001
1,0.0366,0.0433,0.6606,0.6822,0.00158478
1,0.0333,0.0366,0.4326,0.0965,0.00121878
1,0.0466,0.0433,0.4409,0.2845,0.00201778
0,0.03,0.06,0.1333,0.8317,0.0018
3,0.05,0.0533,0.3967,0.1683,0.0026650000000000003
3,0.0567,0.055,0.1883,0.1292,0.0031185
3,0.055,0.0617,0.6175,0.4042,0.0033935
3,0.0849,0.0749,0.1106,0.3403,0.00635901
3,0.0682,0.0666,0.297,0.1947,0.00454212
2,0.0567,0.0617,0.665,0.1992,0.00349839
2,0.0483,0.055,0.7025,0.4692,0.0026565
2,0.0567,0.0583,0.5583,0.9692,0.00330561
4,0.0333,0.0449,0.2313,0.6364,0.0014951700000000003
4,0.0416,0.0433,0.1656,0.807,0.00180128
4,0.03,0.0483,0.4233,0.6508,0.001449
5,0.0433,0.0932,0.5208,0.4759,0.00403556
5,0.0516,0.0433,0.9709,0.0765,0.00223428
3,0.0483,0.0517,0.1275,0.8692,0.0024971100000000003
4,0.0233,0.0233,0.9817,0.6633,0.0005428900000000001
4,0.03,0.025,0.5817,0.1092,0.00075
4,0.0283,0.0317,0.8842,0.3792,0.0008971099999999999
0,0.05,0.0367,0.94,0.6883,0.0018350000000000003
1,0.06,0.0367,0.6517,0.275,0.002202
1,0.0767,0.0383,0.3483,0.4958,0.0029376100000000002
1,0.0567,0.045,0.7217,0.8508,0.0025515
4,0.0449,0.0449,0.7612,0.4767,0.0020160100000000004
4,0.0449,0.0466,0.8178,0.6323,0.0020923400000000003
4,0.0416,0.0333,0.4884,0.2379,0.00138528
4,0.0366,0.0499,0.4576,0.797,0.00182634
4,0.0383,0.0316,0.2987,0.4784,0.0012102800000000002
2,0.0616,0.0632,0.8428,0.1997,0.0038931200000000003
2,0.0466,0.0532,0.9734,0.9351,0.00247912
3,0.0617,0.0367,0.1442,0.2833,0.0022643900000000002
3,0.0383,0.0367,0.0692,0.8367,0.00140561
2,0.0998,0.1165,0.614,0.178,0.0116267
0,0.0516,0.0283,0.7762,0.6265,0.00146028
0,0.0682,0.03,0.307,0.3145,0.0020459999999999996
4,0.0533,0.045,0.8567,0.8908,0.0023985
4,0.0233,0.0366,0.7005,0.4725,0.00085278
4,0.0266,0.0333,0.6073,0.792,0.0008857800000000001
4,0.0283,0.0333,0.4468,0.1681,0.0009423900000000001
2,0.0833,0.0767,0.2683,0.5967,0.00638911
2,0.0667,0.0817,0.04,0.3592,0.005449389999999999
3,0.055,0.0617,0.8525,0.7392,0.0033935
3,0.065,0.07,0.4408,0.44,0.00455
1,0.0833,0.0517,0.0783,0.9525,0.00430661
4,0.0267,0.0367,0.9483,0.4433,0.0009798900000000002
4,0.03,0.0333,0.7783,0.69,0.000999
4,0.0217,0.0383,0.7208,0.4408,0.00083111
0,0.0532,0.0532,0.4842,0.822,0.00283024
0,0.0383,0.0549,0.1223,0.9576,0.00210267
4,0.0366,0.0499,0.7737,0.6339,0.00182634
3,0.0699,0.0666,0.4709,0.8236,0.004655340000000001
1,0.03,0.0649,0.9484,0.2055,0.001947
2,0.0283,0.03,0.5942,0.595,0.0008489999999999999
2,0.025,0.03,0.8458,0.775,0.00075
2,0.035,0.0333,0.7292,0.89,0.0011655000000000003
3,0.0383,0.0433,0.317,0.0466,0.00165839
3,0.0366,0.0433,0.4043,0.2113,0.00158478
2,0.0383,0.04,0.8075,0.485,0.0015320000000000002
5,0.0717,0.0367,0.5392,0.8517,0.0026313900000000004
5,0.0667,0.0317,0.68,0.6325,0.00211439
5,0.0317,0.0733,0.9242,0.7767,0.0023236100000000003
0,0.04,0.065,0.975,0.5058,0.0026000000000000003
0,0.0417,0.0767,0.6342,0.8433,0.00319839
2,0.0832,0.0765,0.7288,0.4043,0.0063647999999999995
2,0.0666,0.0815,0.9567,0.6414,0.005427900000000001
1,0.0833,0.0483,0.52,0.1925,0.00402339
1,0.0667,0.0833,0.3117,0.1917,0.0055561099999999995
1,0.035,0.1033,0.8725,0.1683,0.0036155000000000007
1,0.1133,0.0733,0.745,0.7483,0.00830489
0,0.0283,0.035,0.5558,0.9458,0.0009905
0,0.0383,0.0333,0.6342,0.3533,0.0012753900000000002
0,0.0283,0.0566,0.8594,0.2379,0.00160178
0,0.0333,0.0466,0.8286,0.6406,0.0015517800000000002
1,0.1,0.0417,0.4517,0.7925,0.00417
2,0.0717,0.0683,0.2958,0.2892,0.00489711
2,0.055,0.045,0.2858,0.6625,0.0024749999999999998
3,0.0633,0.0533,0.525,0.56,0.0033738899999999996
3,0.0783,0.0517,0.9192,0.0625,0.00404811
3,0.0683,0.08,0.9358,0.8567,0.005464
3,0.0733,0.0767,0.7433,0.96,0.0056221100000000005
3,0.06,0.0717,0.1483,0.5575,0.004301999999999999
5,0.0216,0.0815,0.5566,0.718,0.0017604
5,0.0599,0.02,0.8769,0.8985,0.001198
5,0.0682,0.0333,0.7329,0.9634,0.00227106
4,0.03,0.035,0.7617,0.0475,0.0010500000000000002
4,0.0417,0.0267,0.9708,0.3117,0.0011133900000000001
4,0.0267,0.035,0.23,0.5275,0.0009345000000000001
2,0.06,0.05,0.8233,0.62,0.003
0,0.045,0.0417,0.7192,0.1458,0.0018765
1,0.0417,0.0717,0.3825,0.4992,0.0029898900000000003
1,0.0383,0.075,0.6775,0.5725,0.0028725
1,0.065,0.07,0.2108,0.7217,0.00455
4,0.04,0.0383,0.1567,0.1692,0.0015320000000000002
3,0.0733,0.0733,0.1267,0.06,0.005372890000000001
3,0.0433,0.0483,0.3794,0.9725,0.00209139
3,0.0449,0.0349,0.8394,0.9792,0.0015670100000000002
3,0.0683,0.0467,0.1475,0.5217,0.00318961
0,0.0316,0.0516,0.9809,0.9476,0.00163056
3,0.0516,0.0433,0.9493,0.7837,0.00223428
3,0.0516,0.0383,0.5915,0.7246,0.00197628
3,0.0266,0.0433,0.4609,0.9002,0.0011517799999999998
3,0.0667,0.0633,0.2283,0.3233,0.004222109999999999
3,0.0883,0.085,0.4042,0.0725,0.007505500000000001
4,0.045,0.0567,0.4892,0.2017,0.0025515
4,0.035,0.0433,0.5108,0.61,0.0015155000000000001
4,0.04,0.0417,0.7833,0.5258,0.001668
4,0.035,0.0367,0.9275,0.3483,0.0012845000000000003
2,0.04,0.0433,0.2767,0.45,0.001732
2,0.0433,0.0383,0.6617,0.8375,0.00165839
1,0.0667,0.0333,0.8833,0.0417,0.00222111
0,0.0417,0.0483,0.5842,0.2758,0.00201411
0,0.0483,0.0533,0.8192,0.5617,0.00257439
0,0.0717,0.0417,0.8825,0.8475,0.0029898900000000003
1,0.035,0.06,0.9292,0.9183,0.0021000000000000003
2,0.0366,0.0349,0.5707,0.3835,0.00127734
4,0.0383,0.04,0.0425,0.6083,0.0015320000000000002
4,0.0317,0.0367,0.0392,0.3833,0.00116339
1,0.055,0.0383,0.6208,0.5825,0.0021065
1,0.0317,0.0483,0.2925,0.6158,0.00153111
0,0.0333,0.0267,0.9633,0.4767,0.0008891100000000001
5,0.0567,0.0733,0.8033,0.3167,0.00415611
4,0.0416,0.0366,0.272,0.0998,0.00152256
4,0.0366,0.0416,0.3827,0.0707,0.00152256
4,0.0399,0.0416,0.2579,0.4168,0.0016598399999999999
5,0.0216,0.0666,0.4651,0.6123,0.0014385600000000002
5,0.02,0.1181,0.6805,0.6747,0.002362
0,0.0466,0.0333,0.7121,0.7038,0.0015517800000000002
0,0.0483,0.0333,0.9459,0.975,0.0016083900000000003
0,0.0483,0.0316,0.3486,0.8727,0.0015262800000000003
0,0.0316,0.0516,0.5699,0.1789,0.00163056
0,0.0333,0.0449,0.3461,0.104,0.0014951700000000003
2,0.045,0.04,0.9092,0.49,0.0018
2,0.045,0.05,0.0942,0.81,0.00225
2,0.0283,0.0283,0.9558,0.7525,0.00080089
1,0.0383,0.0617,0.2742,0.3492,0.00236311
1,0.04,0.0783,0.495,0.6525,0.003132
1,0.0483,0.0583,0.8508,0.2792,0.00281589
5,0.0682,0.0316,0.9626,0.074,0.00215512
5,0.0815,0.03,0.7296,0.1481,0.002445
5,0.1015,0.0333,0.3652,0.8819,0.0033799500000000005
5,0.0349,0.0965,0.0707,0.8319,0.00336785
4,0.0233,0.0233,0.6839,0.3378,0.0005428900000000001
4,0.0233,0.0266,0.4293,0.2829,0.00061978
2,0.0833,0.0633,0.2683,0.66,0.00527289
2,0.0383,0.0349,0.4301,0.3735,0.00133667
3,0.0867,0.0633,0.8317,0.285,0.005488109999999999
3,0.065,0.055,0.6725,0.8925,0.003575
3,0.065,0.0783,0.9392,0.8592,0.005089499999999999
3,0.0883,0.0717,0.4858,0.6692,0.00633111
0,0.0517,0.0733,0.1508,0.5583,0.0037896100000000005
0,0.0433,0.0533,0.1883,0.2467,0.00230789
4,0.03,0.03,0.9083,0.1383,0.0009
4,0.0283,0.03,0.8742,0.6633,0.0008489999999999999
1,0.0667,0.0267,0.2283,0.7317,0.00178089
2,0.0383,0.0367,0.9342,0.8317,0.00140561
2,0.0333,0.035,0.5967,0.6008,0.0011655000000000003
2,0.0267,0.0267,0.4717,0.5217,0.0007128900000000001
3,0.08,0.0717,0.5933,0.9258,0.005736
3,0.0917,0.0767,0.7625,0.645,0.0070333900000000005
0,0.0449,0.0699,0.8361,0.2296,0.00313851
1,0.0499,0.0582,0.8552,0.9676,0.00290418
4,0.0267,0.0283,0.54,0.1508,0.00075561
4,0.0317,0.03,0.6125,0.4867,0.0009509999999999999
0,0.0383,0.05,0.5908,0.0767,0.001915
0,0.055,0.0267,0.8092,0.4717,0.0014685000000000002
2,0.0782,0.0782,0.9559,0.8344,0.006115240000000001
1,0.0899,0.0532,0.8053,0.2696,0.004782679999999999
1,0.0449,0.0932,0.1988,0.5408,0.0041846800000000005
5,0.0667,0.04,0.36,0.765,0.002668
5,0.0617,0.035,0.9642,0.5125,0.0021595
5,0.0367,0.0617,0.72,0.2175,0.0022643900000000002
4,0.0316,0.0483,0.723,0.6597,0.0015262800000000003
4,0.0449,0.0483,0.5749,0.7928,0.00216867
4,0.0399,0.0433,0.3428,0.4659,0.00172767
4,0.0399,0.0466,0.3095,0.9351,0.00185934
0,0.0367,0.0467,0.4967,0.7217,0.00171389
5,0.0449,0.1131,0.7629,0.9035,0.005078190000000001
5,0.0449,0.1331,0.119,0.8735,0.00597619
5,0.03,0.0965,0.9734,0.3228,0.002895
5,0.0416,0.0283,0.9759,0.53,0.00117728
2,0.04,0.0417,0.12,0.0558,0.001668
2,0.0533,0.0483,0.4783,0.5525,0.00257439
2,0.0417,0.0417,0.7058,0.3042,0.00173889
3,0.0783,0.1117,0.4925,0.1342,0.00874611
2,0.0467,0.0467,0.4333,0.555,0.00218089
0,0.0617,0.0267,0.4342,0.19,0.00164739
0,0.0217,0.0567,0.0858,0.1033,0.00123039
0,0.0283,0.0567,0.9225,0.3633,0.00160461
1,0.0832,0.0483,0.4792,0.8078,0.00401856
1,0.0666,0.0832,0.6855,0.8087,0.00554112
1,0.0349,0.1032,0.1273,0.8319,0.00360168
1,0.1131,0.0732,0.2529,0.2529,0.00827892
4,0.0367,0.035,0.2567,0.2308,0.0012845000000000003
4,0.0383,0.0417,0.0392,0.7742,0.0015971100000000001
4,0.04,0.045,0.3983,0.7425,0.0018
1,0.075,0.0367,0.6642,0.5033,0.0027525
1,0.0483,0.0982,0.3802,0.0774,0.00474306
1,0.0349,0.0666,0.297,0.579,0.0023243400000000003
2,0.0682,0.0499,0.916,0.0948,0.00340318
2,0.0749,0.0516,0.6913,0.3985,0.0038648399999999996
2,0.0699,0.0532,0.2479,0.5175,0.00371868
0,0.03,0.0483,0.2729,0.9077,0.001449
4,0.0566,0.025,0.2346,0.3369,0.001415
4,0.0266,0.0383,0.2546,0.1622,0.00101878
5,0.0733,0.0483,0.54,0.5808,0.0035403900000000005
5,0.0967,0.0883,0.4683,0.7925,0.00853861
3,0.0333,0.0399,0.228,0.7787,0.0013286700000000001
3,0.0399,0.0466,0.4493,0.7438,0.00185934
4,0.045,0.0433,0.2808,0.1667,0.0019485
4,0.0433,0.0467,0.245,0.505,0.0020221099999999997
4,0.04,0.0483,0.3933,0.6408,0.0019320000000000001
1,0.0366,0.0549,0.4359,0.0907,0.00200934
0,0.0333,0.035,0.5533,0.9575,0.0011655000000000003
0,0.0367,0.0367,0.5283,0.5933,0.0013468900000000003
4,0.0233,0.0283,0.91,0.1792,0.00065939
4,0.0267,0.0267,0.8,0.395,0.0007128900000000001
4,0.02,0.0267,0.9083,0.6283,0.0005340000000000001
4,0.0217,0.0233,0.6108,0.7133,0.0005056100000000001
4,0.0283,0.0267,0.2342,0.8833,0.00075561
5,0.0333,0.08,0.325,0.3483,0.002664
2,0.0333,0.03,0.27,0.705,0.000999
2,0.035,0.0333,0.3508,0.47,0.0011655000000000003
2,0.0367,0.03,0.5967,0.19,0.001101
2,0.0467,0.045,0.06,0.1908,0.0021015
2,0.0417,0.0383,0.4125,0.2308,0.0015971100000000001
1,0.0516,0.0732,0.3519,0.2213,0.00377712
1,0.0666,0.0998,0.7171,0.3045,0.00664668
0,0.065,0.0617,0.8008,0.6958,0.0040105
0,0.0233,0.0549,0.5507,0.6165,0.00127917
0,0.0649,0.03,0.9243,0.1597,0.001947
0,0.0699,0.0532,0.9185,0.0416,0.00371868
5,0.055,0.0483,0.1625,0.3708,0.0026565
5,0.0267,0.0717,0.9083,0.4175,0.0019143900000000002
2,0.0433,0.045,0.7517,0.1392,0.0019485
2,0.0533,0.0483,0.725,0.8042,0.00257439
0,0.0333,0.0467,0.7767,0.14,0.0015551100000000002
0,0.06,0.0333,0.3,0.4717,0.001998
0,0.0467,0.0283,0.8683,0.4992,0.00132161
5,0.04,0.1167,0.7683,0.7367,0.004668
3,0.0317,0.08,0.9825,0.295,0.002536
3,0.0867,0.0983,0.27,0.0742,0.00852261
3,0.0817,0.0733,0.5375,0.22,0.00598861
4,0.0383,0.0667,0.2825,0.81,0.0025546099999999997
4,0.065,0.0333,0.0342,0.9817,0.0021645
5,0.045,0.0283,0.9758,0.7875,0.0012735
5,0.0817,0.0283,0.2508,0.7058,0.0023121099999999996
5,0.035,0.1133,0.4475,0.7367,0.0039655
5,0.035,0.0467,0.0742,0.975,0.0016345
4,0.0217,0.0333,0.4992,0.7,0.00072261
4,0.03,0.0333,0.62,0.5583,0.000999
4,0.0367,0.04,0.9367,0.9033,0.0014680000000000001
3,0.0633,0.0467,0.3283,0.6117,0.0029561099999999996
3,0.0517,0.05,0.6542,0.5283,0.0025850000000000005
5,0.0367,0.0683,0.375,0.2058,0.0025066100000000003
5,0.04,0.0833,0.3233,0.6333,0.003332
5,0.095,0.0417,0.4375,0.3808,0.0039615
5,0.0683,0.0383,0.7692,0.2775,0.00261589
1,0.0416,0.0682,0.3502,0.9626,0.00283712
1,0.0599,0.0333,0.6439,0.614,0.0019946700000000005
2,0.045,0.0483,0.4642,0.7908,0.0021735
2,0.0417,0.0467,0.9725,0.8417,0.00194739
2,0.0433,0.0499,0.6522,0.5541,0.00216067
2,0.0416,0.0333,0.6913,0.1198,0.00138528
4,0.0417,0.0417,0.3042,0.1208,0.00173889
4,0.0333,0.0217,0.7817,0.1292,0.00072261
2,0.0316,0.0266,0.8894,0.8453,0.0008405600000000001
2,0.0349,0.0366,0.7745,0.7288,0.00127734
0,0.0366,0.0433,0.6356,0.4642,0.00158478
5,0.0882,0.0383,0.3852,0.4235,0.00337806
5,0.0765,0.0399,0.203,0.7671,0.0030523499999999997
3,0.0266,0.0732,0.015,0.5058,0.0019471199999999999
4,0.0283,0.0267,0.4108,0.5517,0.00075561
4,0.0383,0.0217,0.5758,0.9108,0.00083111
4,0.0283,0.0367,0.2342,0.6417,0.0010386100000000001
0,0.0516,0.0266,0.4667,0.8985,0.0013725599999999999
0,0.0517,0.06,0.3758,0.735,0.003102
0,0.0533,0.0333,0.62,0.9767,0.00177489
2,0.0533,0.065,0.4017,0.4758,0.0034645
3,0.05,0.0367,0.3633,0.6517,0.0018350000000000003
4,0.0367,0.0433,0.5683,0.8833,0.0015891100000000001
4,0.04,0.05,0.8583,0.7133,0.002
4,0.05,0.035,0.6733,0.8358,0.0017500000000000003
4,0.0333,0.0383,0.0516,0.317,0.0012753900000000002
4,0.0449,0.0532,0.1556,0.4309,0.00238868
1,0.075,0.04,0.5975,0.5467,0.003
1,0.07,0.0317,0.9467,0.3592,0.002219
5,0.0733,0.025,0.2217,0.7375,0.0018325000000000001
5,0.0467,0.06,0.0517,0.4333,0.002802
3,0.0433,0.0717,0.285,0.5825,0.00310461
3,0.0433,0.0567,0.2983,0.3633,0.00245511
3,0.0467,0.05,0.3833,0.2617,0.002335
0,0.0333,0.0566,0.0466,0.5324,0.0018847800000000002
0,0.0483,0.045,0.2158,0.5375,0.0021735
0,0.06,0.06,0.0317,0.325,0.0036
0,0.0783,0.0583,0.1792,0.7258,0.004564889999999999
3,0.0517,0.0417,0.7042,0.9592,0.00215589
3,0.055,0.055,0.1442,0.6825,0.003025
3,0.055,0.0533,0.9525,0.335,0.0029315
5,0.025,0.0467,0.1642,0.0467,0.0011675
3,0.065,0.0617,0.2992,0.8392,0.0040105
0,0.0367,0.0467,0.4483,0.1883,0.00171389
0,0.0533,0.0433,0.5783,0.1133,0.00230789
0,0.0483,0.045,0.8842,0.5375,0.0021735
5,0.0383,0.085,0.5258,0.5942,0.0032555
5,0.0267,0.0867,0.985,0.28,0.00231489
0,0.0433,0.0283,0.6905,0.51,0.0012253899999999998
0,0.0266,0.0333,0.4759,0.188,0.0008857800000000001
3,0.0765,0.0466,0.183,0.9734,0.0035649
0,0.025,0.0567,0.0942,0.2467,0.0014175000000000001
0,0.0533,0.0217,0.4717,0.2092,0.00115661
2,0.0682,0.0566,0.6498,0.8735,0.0038601199999999994
2,0.0815,0.0765,0.6464,0.3328,0.00623475
4,0.0383,0.03,0.6958,0.1933,0.001149
4,0.0367,0.045,0.5967,0.6008,0.0016515000000000002
3,0.0666,0.0649,0.8453,0.0358,0.00432234
3,0.0649,0.0582,0.5516,0.3303,0.00377718
3,0.0799,0.0765,0.4859,0.7105,0.00611235
4,0.0616,0.0433,0.6281,0.1198,0.00266728
4,0.0483,0.0799,0.4884,0.2446,0.0038591700000000003
4,0.0632,0.0499,0.629,0.6839,0.0031536800000000003
4,0.0516,0.0782,0.2454,0.2271,0.0040351200000000005
4,0.0666,0.0449,0.3411,0.6082,0.0029903400000000006
3,0.0582,0.0433,0.3686,0.0233,0.00252006
4,0.0233,0.0383,0.2133,0.8708,0.0008923900000000001
4,0.025,0.035,0.8375,0.3608,0.0008750000000000001
1,0.0549,0.025,0.6398,0.9842,0.0013725
1,0.0632,0.0599,0.376,0.4326,0.0037856800000000005
5,0.0267,0.0333,0.3983,0.4817,0.0008891100000000001
5,0.065,0.0283,0.2175,0.4125,0.0018395
5,0.0283,0.055,0.0958,0.6975,0.0015565
5,0.025,0.06,0.4792,0.1633,0.0015
0,0.0466,0.0682,0.1448,0.9626,0.00317812
1,0.0783,0.0417,0.9308,0.9775,0.00326511
1,0.065,0.0633,0.5092,0.3967,0.0041145
1,0.0467,0.0817,0.3583,0.8525,0.0038153899999999997
3,0.0582,0.0599,0.0358,0.5807,0.00348618
1,0.0583,0.03,0.3575,0.4267,0.001749
1,0.0467,0.0333,0.885,0.3233,0.0015551100000000002
1,0.0717,0.045,0.6608,0.5692,0.0032264999999999998
2,0.0566,0.0283,0.6755,0.0158,0.00160178
3,0.0532,0.0549,0.2962,0.2155,0.0029206799999999997
3,0.0682,0.0832,0.9526,0.5308,0.00567424
0,0.0433,0.0383,0.9383,0.9075,0.00165839
0,0.0483,0.065,0.3308,0.3575,0.0031395000000000004
0,0.035,0.0467,0.5575,0.4517,0.0016345
0,0.0667,0.0367,0.75,0.35,0.00244789
0,0.045,0.0367,0.0242,0.6967,0.0016515000000000002
3,0.0617,0.0667,0.5208,0.4017,0.004115389999999999
3,0.0633,0.1367,0.9167,0.3033,0.008653109999999999
3,0.0367,0.0767,0.7217,0.9233,0.0028148900000000004
3,0.0633,0.0733,0.5533,0.835,0.00463989
5,0.0417,0.0683,0.7442,0.0742,0.00284811
5,0.06,0.0517,0.3667,0.4392,0.003102
5,0.0367,0.0717,0.215,0.7258,0.0026313900000000004
4,0.0366,0.0266,0.7537,0.015,0.0009735599999999999
4,0.0499,0.0449,0.3012,0.7213,0.0022405100000000002
3,0.075,0.0767,0.5375,0.2133,0.0057525
3,0.07,0.0783,0.835,0.2608,0.005481
3,0.09,0.0667,0.505,0.3833,0.006003
3,0.0583,0.0567,0.2808,0.4617,0.00330561
4,0.04,0.035,0.6967,0.3875,0.0014000000000000002
4,0.0333,0.03,0.4183,0.595,0.000999
1,0.0533,0.04,0.945,0.545,0.002132
5,0.0783,0.03,0.2058,0.1583,0.002349
5,0.0517,0.0483,0.3525,0.2542,0.0024971100000000003
2,0.06,0.0717,0.2783,0.8725,0.004301999999999999
2,0.0833,0.0633,0.9367,0.66,0.00527289
5,0.0283,0.1033,0.1325,0.8517,0.00292339
1,0.04,0.045,0.85,0.3708,0.0018
1,0.03,0.0483,0.27,0.3642,0.001449
3,0.065,0.0683,0.3425,0.8608,0.0044395
4,0.04,0.0317,0.2717,0.9025,0.001268
4,0.035,0.04,0.7592,0.9217,0.0014000000000000002
4,0.03,0.0333,0.1183,0.69,0.000999
3,0.0499,0.0582,0.3328,0.525,0.00290418
1,0.0566,0.0349,0.0882,0.4301,0.00197534
1,0.0666,0.0383,0.0715,0.307,0.0025507800000000003
3,0.0699,0.0982,0.5125,0.7063,0.00686418
3,0.0582,0.0865,0.5765,0.8286,0.005034299999999999
3,0.1015,0.0582,0.9443,0.9676,0.005907300000000001
3,0.0765,0.0765,0.6106,0.4925,0.00585225
3,0.0749,0.0815,0.5017,0.2704,0.00610435
2,0.04,0.0367,0.27,0.075,0.0014680000000000001
2,0.045,0.0567,0.1942,0.2683,0.0025515
2,0.0417,0.0417,0.6675,0.6442,0.00173889
2,0.045,0.0383,0.1225,0.4792,0.0017235
2,0.0517,0.0467,0.2908,0.155,0.00241439
2,0.04,0.0483,0.1333,0.3242,0.0019320000000000001
1,0.07,0.0483,0.07,0.2842,0.0033810000000000003
1,0.0733,0.0367,0.38,0.02,0.0026901100000000003
3,0.1017,0.0883,0.3592,0.9142,0.00898011
3,0.0867,0.0867,0.495,0.3283,0.00751689
5,0.0266,0.0699,0.2962,0.6855,0.00185934
5,0.0283,0.0765,0.2321,0.4775,0.0021649499999999997
5,0.0532,0.025,0.3594,0.9542,0.00133
5,0.0283,0.0599,0.0957,0.4143,0.00169517
0,0.0533,0.035,0.56,0.0925,0.0018655000000000002
0,0.0433,0.0533,0.45,0.3333,0.00230789
5,0.0683,0.0333,0.6958,0.26,0.0022743900000000003
5,0.0483,0.0967,0.8842,0.3883,0.00467061
5,0.0433,0.0767,0.58,0.465,0.00332111
5,0.0817,0.04,0.1425,0.6417,0.003268
2,0.0383,0.0467,0.8225,0.175,0.00178861
2,0.0467,0.0483,0.385,0.6842,0.00225561
2,0.045,0.0417,0.7792,0.8592,0.0018765
4,0.04,0.0483,0.485,0.2208,0.0019320000000000001
4,0.04,0.04,0.8217,0.445,0.0016
5,0.0516,0.0616,0.3869,0.8644,0.00317856
5,0.0433,0.1048,0.1248,0.7379,0.00453784
2,0.05,0.0417,0.325,0.1792,0.002085
1,0.0383,0.0449,0.8128,0.6298,0.0017196700000000002
4,0.0216,0.0333,0.4983,0.3012,0.0007192800000000001
4,0.03,0.0333,0.3777,0.4426,0.000999
4,0.0366,0.0399,0.0632,0.0982,0.0014603399999999999
0,0.0483,0.0317,0.4392,0.4625,0.00153111
0,0.0333,0.0467,0.43,0.8267,0.0015551100000000002
3,0.0599,0.0882,0.2696,0.6131,0.00528318
0,0.0582,0.0266,0.485,0.9834,0.00154812
0,0.0433,0.0516,0.1364,0.8278,0.00223428
4,0.0383,0.0433,0.7408,0.7133,0.00165839
4,0.0517,0.04,0.4158,0.475,0.002068
5,0.03,0.0833,0.705,0.75,0.002499
5,0.115,0.0367,0.7358,0.5533,0.0042205
5,0.0467,0.0367,0.975,0.9267,0.00171389
1,0.0549,0.0699,0.475,0.0632,0.00383751
1,0.0749,0.0383,0.1672,0.4418,0.00286867
5,0.0366,0.0815,0.8735,0.9309,0.0029829
1,0.0367,0.0717,0.975,0.2758,0.0026313900000000004
1,0.0317,0.035,0.6925,0.2325,0.0011095
2,0.0567,0.0583,0.5583,0.3042,0.00330561
2,0.0317,0.06,0.9825,0.6633,0.0019019999999999998
3,0.0633,0.055,0.1617,0.7008,0.0034815
3,0.0583,0.0567,0.0408,0.3617,0.00330561
3,0.0783,0.0633,0.4492,0.6317,0.004956389999999999
5,0.03,0.08,0.545,0.9033,0.0024
5,0.0233,0.0567,0.1067,0.915,0.0013211100000000001
4,0.0466,0.0532,0.5474,0.9052,0.00247912
2,0.0483,0.0433,0.3358,0.6433,0.00209139
5,0.0467,0.0717,0.42,0.5408,0.0033483899999999997
5,0.0867,0.095,0.2083,0.4692,0.0082365
5,0.0815,0.0333,0.0424,0.3111,0.0027139500000000006
0,0.0567,0.0483,0.1733,0.5225,0.0027386100000000003
0,0.055,0.0333,0.7842,0.5233,0.0018315000000000002
0,0.0533,0.0417,0.7767,0.9408,0.00222261
0,0.05,0.0467,0.5433,0.8667,0.002335
2,0.04,0.0467,0.7917,0.3367,0.0018679999999999999
2,0.0483,0.0483,0.7492,0.6042,0.0023328900000000002
3,0.0483,0.065,0.7708,0.7925,0.0031395000000000004
5,0.0767,0.045,0.7033,0.4042,0.0034515
5,0.0467,0.09,0.19,0.7583,0.004203
5,0.0366,0.0532,0.6572,0.97,0.0019471199999999999
5,0.0399,0.0832,0.3411,0.792,0.0033196799999999998
2,0.04,0.0333,0.6883,0.8683,0.001332
2,0.04,0.0367,0.6883,0.595,0.0014680000000000001
2,0.0383,0.04,0.6675,0.1833,0.0015320000000000002
2,0.0317,0.035,0.9825,0.9042,0.0011095
2,0.0366,0.0399,0.2712,0.3577,0.0014603399999999999
2,0.0399,0.0383,0.193,0.6281,0.00152817
2,0.0667,0.055,0.8,0.9492,0.0036685
5,0.0316,0.0682,0.2238,0.5499,0.00215512
5,0.0715,0.0283,0.8527,0.9709,0.0020234499999999996
5,0.0466,0.03,0.2579,0.9817,0.001398
5,0.0965,0.0349,0.7787,0.3386,0.00336785
5,0.0449,0.0549,0.8927,0.6631,0.00246501
2,0.0399,0.0349,0.6905,0.7296,0.00139251
3,0.0417,0.05,0.7842,0.0483,0.002085
3,0.0367,0.05,0.725,0.4067,0.0018350000000000003
3,0.0417,0.025,0.9008,0.5375,0.0010425
4,0.0399,0.025,0.8702,0.7429,0.0009975
2,0.0483,0.0449,0.1855,0.1938,0.00216867
3,0.0549,0.0283,0.0441,0.0158,0.0015536699999999998
1,0.0566,0.0433,0.0782,0.0998,0.0024507799999999996
1,0.0765,0.03,0.4143,0.4908,0.0022949999999999997
1,0.0333,0.0882,0.0965,0.7296,0.0029370600000000005
1,0.0549,0.0283,0.7879,0.1256,0.0015536699999999998
4,0.0417,0.0433,0.0742,0.615,0.00180561
4,0.0367,0.0383,0.4333,0.7358,0.00140561
5,0.11,0.0517,0.9433,0.1608,0.005687
1,0.0317,0.05,0.3108,0.0267,0.001585
0,0.03,0.055,0.0367,0.1975,0.00165
0,0.03,0.05,0.4433,0.62,0.0015
0,0.045,0.0283,0.2925,0.5592,0.0012735
2,0.045,0.0467,0.3292,0.5783,0.0021015
4,0.0333,0.03,0.7188,0.3727,0.000999
4,0.0366,0.025,0.4226,0.6431,0.000915
4,0.0283,0.0399,0.891,0.614,0.0011291699999999999
4,0.0283,0.0316,0.2471,0.2238,0.00089428
5,0.0915,0.0449,0.4002,0.4634,0.00410835
1,0.0616,0.0765,0.7146,0.5907,0.0047124
1,0.0782,0.0682,0.4867,0.8178,0.00533324
1,0.0333,0.0349,0.0183,0.3369,0.0011621700000000001
3,0.0967,0.0717,0.37,0.4808,0.006933389999999999
4,0.0283,0.0383,0.3758,0.9158,0.00108389
4,0.035,0.035,0.2975,0.3375,0.0012250000000000002
1,0.0333,0.0683,0.0933,0.2708,0.0022743900000000003
1,0.0283,0.0583,0.1825,0.0675,0.0016498899999999998
1,0.0267,0.0667,0.73,0.3683,0.00178089
2,0.0715,0.0765,0.4484,0.9168,0.00546975
1,0.0633,0.0917,0.895,0.2358,0.00580461
1,0.05,0.07,0.835,0.55,0.0035000000000000005
3,0.055,0.0483,0.2842,0.3358,0.0026565
0,0.0449,0.0266,0.8744,0.228,0.00119434
0,0.0333,0.0433,0.9384,0.6988,0.0014418900000000001
5,0.0283,0.0717,0.8025,0.6308,0.0020291099999999998
4,0.0333,0.0333,0.13,0.6317,0.0011088900000000002
1,0.0617,0.0367,0.5842,0.605,0.0022643900000000002
1,0.0633,0.0367,0.495,0.2833,0.00232311
2,0.0316,0.0349,0.6997,0.525,0.0011028400000000001
2,0.0416,0.0349,0.4817,0.4451,0.00145184
2,0.0366,0.0349,0.3245,0.7712,0.00127734
2,0.0383,0.0466,0.2937,0.2562,0.0017847800000000001
0,0.05,0.0583,0.9733,0.6358,0.002915
0,0.0667,0.0367,0.88,0.98,0.00244789
0,0.0767,0.07,0.6533,0.7417,0.0053690000000000005
1,0.06,0.055,0.0633,0.8242,0.0033
1,0.07,0.0333,0.4167,0.245,0.0023310000000000006
1,0.0667,0.0383,0.1717,0.3692,0.0025546099999999997
4,0.0333,0.0366,0.797,0.1597,0.00121878
2,0.0682,0.0732,0.5433,0.9151,0.00499224
2,0.0732,0.0998,0.3894,0.827,0.00730536
3,0.07,0.0983,0.485,0.2942,0.006881000000000001
3,0.06,0.0867,0.4217,0.1717,0.005202
3,0.1017,0.06,0.0525,0.0317,0.006102
3,0.0767,0.0767,0.3867,0.5083,0.005882890000000001
3,0.075,0.0817,0.4958,0.7308,0.006127499999999999
2,0.0367,0.0367,0.54,0.1867,0.0013468900000000003
2,0.0433,0.0417,0.775,0.1058,0.00180561
2,0.045,0.0417,0.3658,0.8825,0.0018765
2,0.0399,0.0333,0.6423,0.4659,0.0013286700000000001
2,0.0399,0.0366,0.6423,0.7388,0.0014603399999999999
2,0.0416,0.0349,0.3453,0.4301,0.00145184
0,0.0466,0.0682,0.8103,0.9626,0.00317812
0,0.0483,0.0865,0.2188,0.9534,0.00417795
4,0.0467,0.0433,0.4483,0.0917,0.0020221099999999997
4,0.0417,0.0383,0.1208,0.3242,0.0015971100000000001
4,0.045,0.0383,0.5908,0.3575,0.0017235
4,0.0267,0.035,0.5133,0.8058,0.0009345000000000001
1,0.11,0.05,0.5283,0.065,0.0055000000000000005
1,0.0617,0.0417,0.5442,0.3708,0.00257289
1,0.0417,0.0467,0.2808,0.3033,0.00194739
1,0.0583,0.035,0.2775,0.7658,0.0020405
1,0.0367,0.0767,0.6017,0.9283,0.0028148900000000004
3,0.0433,0.0616,0.3328,0.8894,0.00266728
3,0.0416,0.0349,0.2687,0.1855,0.00145184
3,0.0466,0.0399,0.0649,0.6722,0.00185934
5,0.0983,0.0417,0.5258,0.7858,0.00409911
5,0.0417,0.1067,0.3642,0.925,0.00444939
5,0.0667,0.035,0.11,0.9475,0.0023345
2,0.0532,0.0532,0.3977,0.7737,0.00283024
2,0.0366,0.0399,0.2196,0.1448,0.0014603399999999999
2,0.0433,0.0499,0.4859,0.2097,0.00216067
2,0.0383,0.0467,0.4875,0.7417,0.00178861
2,0.045,0.05,0.4942,0.2033,0.00225
4,0.0383,0.0399,0.9542,0.3927,0.00152817
4,0.0316,0.0366,0.9576,0.6173,0.00115656
0,0.0582,0.0765,0.9027,0.4226,0.0044523
2,0.0367,0.0583,0.02,0.5658,0.00213961
2,0.0533,0.055,0.28,0.6508,0.0029315
2,0.0717,0.0767,0.5492,0.935,0.005499390000000001
2,0.055,0.0533,0.5858,0.7167,0.0029315
2,0.0583,0.065,0.5142,0.4742,0.0037895
5,0.0233,0.065,0.9683,0.5242,0.0015145000000000002
5,0.06,0.0267,0.295,0.285,0.0016020000000000001
1,0.0333,0.0483,0.425,0.8958,0.0016083900000000003
1,0.0233,0.07,0.2133,0.6217,0.0016310000000000003
3,0.0532,0.0582,0.6772,0.5998,0.00309624
3,0.0616,0.0582,0.3719,0.8527,0.0035851200000000002
3,0.0483,0.0366,0.7097,0.6705,0.00176778
2,0.0416,0.0466,0.693,0.1597,0.00193856
2,0.0416,0.0449,0.5632,0.5516,0.00186784
1,0.0367,0.07,0.355,0.6767,0.0025690000000000005
3,0.0499,0.0366,0.6339,0.3494,0.00182634
4,0.0367,0.0233,0.5267,0.2467,0.0008551100000000002
4,0.0417,0.03,0.3758,0.3517,0.001251
4,0.03,0.0233,0.265,0.55,0.000699
4,0.025,0.0267,0.6942,0.6767,0.0006675000000000001
2,0.0467,0.0433,0.205,0.2667,0.0020221099999999997
2,0.0483,0.0467,0.0958,0.4917,0.00225561
2,0.0483,0.0517,0.7425,0.8158,0.0024971100000000003
2,0.0483,0.0433,0.7892,0.1117,0.00209139
1,0.0283,0.0567,0.5742,0.3583,0.00160461
1,0.0317,0.045,0.6775,0.8842,0.0014264999999999998
1,0.0433,0.07,0.4317,0.6617,0.0030310000000000003
4,0.0683,0.0733,0.8025,0.3183,0.00500639
4,0.0483,0.05,0.5725,0.625,0.0024150000000000005
1,0.0616,0.0582,0.5483,0.6181,0.0035851200000000002
1,0.0566,0.0849,0.7571,0.7296,0.00480534
1,0.0516,0.0965,0.1855,0.2978,0.0049794
1,0.0899,0.0466,0.802,0.213,0.00418934
4,0.0283,0.0333,0.7108,0.305,0.0009423900000000001
4,0.0383,0.0467,0.7708,0.715,0.00178861
4,0.0367,0.0317,0.3167,0.9475,0.00116339
4,0.0517,0.0433,0.4308,0.8433,0.00223861
0,0.04,0.065,0.2167,0.1725,0.0026000000000000003
0,0.0417,0.0717,0.7358,0.4692,0.0029898900000000003
0,0.0483,0.0483,0.9392,0.2375,0.0023328900000000002
0,0.0717,0.045,0.7108,0.8292,0.0032264999999999998
0,0.0667,0.0333,0.2667,0.0183,0.00222111
0,0.03,0.045,0.9033,0.6058,0.0013499999999999999
0,0.0567,0.03,0.2717,0.79,0.001701
1,0.0433,0.0383,0.4276,0.8245,0.00165839
1,0.0349,0.0383,0.3602,0.7762,0.00133667
1,0.0399,0.0416,0.2396,0.8844,0.0016598399999999999
2,0.055,0.0483,0.4792,0.0658,0.0026565
2,0.0367,0.04,0.1117,0.8567,0.0014680000000000001
5,0.0582,0.02,0.6864,0.5557,0.001164
5,0.0283,0.0599,0.4285,0.0765,0.00169517
3,0.0632,0.0532,0.8053,0.0948,0.0033622400000000003
3,0.0782,0.0516,0.4135,0.5915,0.0040351200000000005
3,0.0616,0.0466,0.1689,0.5674,0.0028705600000000003
0,0.045,0.025,0.5392,0.1308,0.001125
0,0.0267,0.0383,0.3783,0.3475,0.00102261
2,0.0333,0.045,0.8133,0.9092,0.0014985
2,0.0333,0.0467,0.5017,0.975,0.0015551100000000002
0,0.0583,0.0367,0.1025,0.8733,0.00213961
4,0.0267,0.0367,0.28,0.4433,0.0009798900000000002
4,0.03,0.0333,0.1117,0.69,0.000999
4,0.0217,0.0383,0.0542,0.4408,0.00083111
3,0.0616,0.0599,0.3636,0.2829,0.0036898400000000002
4,0.0399,0.0399,0.7354,0.1248,0.0015920099999999998
4,0.0349,0.0399,0.4967,0.2995,0.00139251
5,0.095,0.035,0.2308,0.7392,0.0033250000000000003
5,0.1033,0.035,0.3467,0.7408,0.0036155000000000007
0,0.065,0.0417,0.0792,0.5258,0.0027105000000000002
0,0.0583,0.0467,0.9075,0.43,0.00272261
0,0.0367,0.05,0.075,0.9117,0.0018350000000000003
5,0.0733,0.0333,0.4667,0.1883,0.0024408900000000002
5,0.06,0.02,0.2817,0.8483,0.0012
2,0.07,0.0733,0.2883,0.705,0.005131000000000001
2,0.0467,0.0567,0.6617,0.715,0.00264789
0,0.0467,0.0283,0.535,0.1658,0.00132161
2,0.0449,0.0399,0.896,0.9101,0.00179151
2,0.0449,0.0449,0.4434,0.7862,0.0020160100000000004
2,0.0449,0.0566,0.5998,0.0732,0.00254134
0,0.0399,0.0532,0.9101,0.6922,0.0021226799999999996
3,0.0533,0.0517,0.215,0.7025,0.0027556100000000004
3,0.0817,0.0667,0.5308,0.045,0.005449389999999999
1,0.0849,0.0333,0.3619,0.4243,0.0028271700000000004
5,0.0366,0.0499,0.9101,0.614,0.00182634
5,0.0366,0.0466,0.8918,0.6622,0.00170556
5,0.03,0.07,0.3467,0.2833,0.0021000000000000003
5,0.0317,0.095,0.5375,0.5775,0.0030115
5,0.0433,0.03,0.0233,0.135,0.0012989999999999998
4,0.0517,0.0383,0.8292,0.3792,0.00198011
4,0.0617,0.0417,0.9558,0.5875,0.00257289
3,0.0582,0.0549,0.0424,0.6681,0.00319518
1,0.08,0.045,0.7683,0.8025,0.0036
1,0.0817,0.0433,0.9025,0.8367,0.0035376099999999996
1,0.075,0.0567,0.4758,0.8833,0.0042525
1,0.075,0.0483,0.6592,0.1208,0.0036225
3,0.0499,0.0865,0.5957,0.2313,0.00431635
3,0.0483,0.0532,0.3669,0.2945,0.00256956
3,0.0516,0.0516,0.1905,0.9709,0.00266256
0,0.0533,0.07,0.1033,0.0367,0.0037310000000000004
0,0.065,0.0467,0.6792,0.2367,0.0030355
0,0.0417,0.0633,0.9775,0.3067,0.0026396099999999997
0,0.04,0.0583,0.0267,0.4592,0.002332
4,0.04,0.0367,0.3517,0.235,0.0014680000000000001
4,0.055,0.04,0.1092,0.1733,0.0022
4,0.0317,0.0383,0.1792,0.5692,0.00121411
1,0.0699,0.0349,0.3943,0.6597,0.00243951
1,0.0599,0.03,0.5973,0.7488,0.001797
1,0.0333,0.0416,0.3544,0.0225,0.00138528
3,0.0517,0.0617,0.0275,0.6192,0.00318989
3,0.0383,0.0417,0.1025,0.2925,0.0015971100000000001
3,0.06,0.0417,0.5567,0.3325,0.002502
3,0.0383,0.045,0.3392,0.6008,0.0017235
1,0.0667,0.0767,0.1267,0.5117,0.00511589
1,0.05,0.065,0.44,0.8225,0.0032500000000000003
5,0.0967,0.0483,0.945,0.6642,0.00467061
5,0.04,0.0483,0.9167,0.8842,0.0019320000000000001
1,0.0633,0.0283,0.205,0.0492,0.0017913899999999997
1,0.04,0.0417,0.5783,0.6125,0.001668
1,0.0367,0.0433,0.575,0.3267,0.0015891100000000001
1,0.0466,0.0582,0.812,0.7213,0.00271212
4,0.0233,0.0233,0.0183,0.3378,0.0005428900000000001
2,0.0367,0.0367,0.5317,0.3067,0.0013468900000000003
2,0.0383,0.0316,0.9775,0.1007,0.0012102800000000002
2,0.0283,0.0316,0.9343,0.7196,0.00089428
2,0.0399,0.0383,0.7737,0.302,0.00152817
5,0.0217,0.0817,0.4408,0.2825,0.0017728899999999998
5,0.06,0.02,0.12,0.1017,0.0012
5,0.0683,0.0333,0.2642,0.0367,0.0022743900000000003
1,0.0832,0.0516,0.9185,0.0491,0.00429312
0,0.0583,0.0267,0.2025,0.9383,0.00155661
0,0.07,0.0333,0.6083,0.8183,0.0023310000000000006
1,0.0683,0.035,0.1675,0.0192,0.0023905000000000003
1,0.0617,0.0267,0.6192,0.7933,0.00164739
1,0.035,0.0583,0.7775,0.3458,0.0020405
4,0.0383,0.0333,0.9792,0.8717,0.0012753900000000002
2,0.0617,0.0367,0.1458,0.98,0.0022643900000000002
5,0.0399,0.1082,0.0466,0.5715,0.00431718
0,0.0417,0.0617,0.2042,0.9142,0.00257289
0,0.045,0.0533,0.5308,0.5033,0.0023985
0,0.055,0.0733,0.8242,0.39,0.0040315
5,0.07,0.03,0.9633,0.7317,0.0021000000000000003
2,0.0617,0.065,0.6908,0.2075,0.0040105
2,0.0767,0.075,0.2983,0.4725,0.0057525
2,0.075,0.0667,0.5158,0.5917,0.005002499999999999
5,0.065,0.0433,0.6808,0.3617,0.0028145
3,0.0517,0.0433,0.7158,0.2167,0.00223861
5,0.1048,0.0532,0.9376,0.2879,0.00557536
5,0.0599,0.0649,0.7787,0.5133,0.0038875100000000003
5,0.1032,0.0416,0.6007,0.3669,0.00429312
2,0.0416,0.0416,0.3369,0.8544,0.00173056
2,0.0399,0.0399,0.8136,0.8502,0.0015920099999999998
1,0.0233,0.08,0.9867,0.07,0.0018640000000000002
1,0.0883,0.055,0.8792,0.3558,0.004856500000000001
1,0.0467,0.0817,0.47,0.5775,0.0038153899999999997
1,0.045,0.0833,0.5042,0.4433,0.0037484999999999997
1,0.0583,0.0767,0.5508,0.87,0.00447161
1,0.0867,0.06,0.8133,0.4783,0.005202
2,0.0367,0.04,0.3733,0.435,0.0014680000000000001
2,0.035,0.04,0.5425,0.6883,0.0014000000000000002
2,0.0383,0.0333,0.2692,0.83,0.0012753900000000002
2,0.0333,0.0383,0.6117,0.1892,0.0012753900000000002
1,0.085,0.06,0.1292,0.54,0.0051
1,0.085,0.045,0.5542,0.6025,0.0038250000000000003
1,0.0733,0.0433,0.4667,0.9767,0.00317389
0,0.04,0.0683,0.4767,0.1208,0.002732
0,0.0633,0.0317,0.5717,0.3825,0.00200661
0,0.0267,0.0483,0.2283,0.3408,0.00128961
1,0.0316,0.0666,0.8228,0.4792,0.0021045600000000005
1,0.0266,0.0449,0.8935,0.6048,0.00119434
3,0.0717,0.0717,0.9408,0.7942,0.00514089
3,0.0717,0.075,0.5625,0.5525,0.0053774999999999995
2,0.0549,0.0566,0.5283,0.2479,0.0031073399999999997
2,0.0632,0.0632,0.3927,0.3977,0.0039942400000000005
2,0.0566,0.0499,0.03,0.3993,0.00282434
4,0.0283,0.0233,0.2208,0.195,0.00065939
4,0.0283,0.0267,0.7442,0.8833,0.00075561
4,0.0283,0.0367,0.5675,0.9733,0.0010386100000000001
0,0.0317,0.0467,0.0175,0.3583,0.0014803899999999998
0,0.0517,0.0317,0.3108,0.7825,0.00163889
0,0.0483,0.0467,0.8808,0.8017,0.00225561
0,0.0533,0.03,0.7633,0.5067,0.001599
3,0.0666,0.0416,0.5025,0.292,0.00277056
3,0.0566,0.0483,0.4359,0.5283,0.00273378
3,0.0549,0.0915,0.2854,0.2038,0.005023349999999999
3,0.0682,0.0948,0.1057,0.2338,0.006465359999999999
4,0.055,0.0433,0.7992,0.4883,0.0023815
4,0.0417,0.0333,0.3908,0.5117,0.0013886100000000002
4,0.04,0.0383,0.475,0.7842,0.0015320000000000002
4,0.035,0.0333,0.6525,0.9267,0.0011655000000000003
3,0.0417,0.035,0.3958,0.4842,0.0014595
3,0.04,0.0517,0.5917,0.9242,0.002068
2,0.0599,0.0582,0.6938,0.5582,0.00348618
2,0.0616,0.0316,0.3353,0.9809,0.0019465600000000002
3,0.0532,0.0416,0.7138,0.6681,0.00221312
0,0.04,0.045,0.4,0.8358,0.0018
0,0.0383,0.055,0.7408,0.7925,0.0021065
3,0.04,0.065,0.9783,0.1258,0.0026000000000000003
0,0.0416,0.0616,0.7928,0.0874,0.0025625599999999998
0,0.0449,0.0532,0.4667,0.4975,0.00238868
5,0.085,0.06,0.4742,0.3383,0.0051
5,0.1117,0.0283,0.5108,0.3625,0.0031611099999999995
5,0.11,0.025,0.4483,0.4025,0.0027500000000000003
5,0.0233,0.0817,0.8583,0.6458,0.00190361
2,0.05,0.0517,0.3167,0.1492,0.0025850000000000005
2,0.0483,0.0433,0.7292,0.725,0.00209139
5,0.0633,0.0267,0.72,0.195,0.0016901099999999999
5,0.1067,0.035,0.055,0.1475,0.0037345000000000004
5,0.0666,0.025,0.7737,0.6814,0.0016650000000000002
4,0.0283,0.0316,0.2255,0.5566,0.00089428
4,0.0266,0.0266,0.0666,0.0749,0.00070756
3,0.03,0.0267,0.4233,0.985,0.0008010000000000001
2,0.0567,0.0467,0.57,0.645,0.00264789
4,0.0366,0.0416,0.6106,0.6963,0.00152256
4,0.0316,0.0349,0.4035,0.4185,0.0011028400000000001
3,0.0549,0.0566,0.8594,0.6789,0.0031073399999999997
3,0.0582,0.0715,0.8261,0.3353,0.0041613
2,0.0667,0.065,0.4933,0.1008,0.0043355
2,0.0517,0.065,0.0275,0.2075,0.0033605
2,0.0366,0.0399,0.8136,0.3877,0.0014603399999999999
2,0.0383,0.0466,0.5116,0.2496,0.0017847800000000001
2,0.0433,0.0433,0.6622,0.6506,0.00187489
3,0.0583,0.055,0.9575,0.3325,0.0032064999999999997
2,0.0516,0.0466,0.5216,0.6606,0.00240456
0,0.0333,0.0567,0.5833,0.0683,0.0018881100000000001
0,0.0467,0.0267,0.2233,0.665,0.00124689
4,0.0367,0.0417,0.72,0.8375,0.0015303900000000002
4,0.0333,0.0367,0.5333,0.3083,0.0012221100000000002
2,0.0417,0.0467,0.6225,0.5183,0.00194739
2,0.0467,0.0467,0.9467,0.5217,0.00218089
2,0.05,0.0433,0.73,0.295,0.002165
1,0.0283,0.0717,0.4542,0.7842,0.0020291099999999998
1,0.0383,0.035,0.0208,0.3092,0.0013405000000000001
4,0.025,0.0267,0.5642,0.4633,0.0006675000000000001
4,0.0349,0.0416,0.2504,0.5915,0.00145184
5,0.0867,0.0417,0.605,0.5708,0.00361539
5,0.075,0.03,0.9608,0.7367,0.00225
3,0.0433,0.0433,0.6533,0.675,0.00187489
3,0.0467,0.0567,0.7733,0.76,0.00264789
5,0.0833,0.035,0.3167,0.0325,0.0029155
5,0.055,0.025,0.0492,0.7925,0.0013750000000000001
5,0.0733,0.035,0.1583,0.4275,0.0025655000000000005
4,0.0399,0.0333,0.5141,0.4409,0.0013286700000000001
4,0.0333,0.0399,0.6057,0.7471,0.0013286700000000001
4,0.0383,0.0416,0.1622,0.3403,0.0015932799999999999
4,0.0383,0.03,0.7792,0.05,0.001149
5,0.0683,0.0233,0.6525,0.1983,0.00159139
0,0.06,0.04,0.0867,0.205,0.0024
0,0.0517,0.0433,0.4975,0.5317,0.00223861
2,0.0466,0.0333,0.025,0.6206,0.0015517800000000002
2,0.0433,0.0349,0.2047,0.2471,0.00151117
2,0.0532,0.0616,0.4642,0.4917,0.00327712
5,0.0517,0.05,0.2792,0.86,0.0025850000000000005
5,0.055,0.045,0.3058,0.6958,0.0024749999999999998
5,0.0817,0.0367,0.6025,0.4617,0.00299839
3,0.055,0.05,0.0758,0.485,0.0027500000000000003
3,0.055,0.0433,0.4175,0.0233,0.0023815
3,0.0567,0.0617,0.415,0.7258,0.00349839
0,0.05,0.035,0.96,0.5425,0.0017500000000000003
3,0.0799,0.0965,0.5291,0.7654,0.00771035
3,0.1248,0.198,0.3303,0.2787,0.0247104
3,0.0948,0.1215,0.3369,0.6947,0.0115182
0,0.0599,0.0549,0.4376,0.1789,0.00328851
0,0.045,0.0333,0.3675,0.0183,0.0014985
0,0.0467,0.0617,0.7567,0.1492,0.0028813899999999997
2,0.0366,0.0399,0.604,0.8902,0.0014603399999999999
2,0.0349,0.0366,0.9792,0.4642,0.00127734
4,0.065,0.0433,0.2492,0.4967,0.0028145
4,0.0417,0.05,0.4408,0.1817,0.002085
4,0.0483,0.0383,0.8092,0.4642,0.00184989
4,0.0633,0.04,0.6733,0.94,0.002532
3,0.06,0.0533,0.5367,0.215,0.003198
3,0.0583,0.055,0.2892,0.3325,0.0032064999999999997
0,0.05,0.0317,0.3283,0.3075,0.001585
1,0.0867,0.0433,0.6067,0.3083,0.0037541099999999997
1,0.0833,0.0333,0.68,0.7483,0.00277389
1,0.0383,0.0717,0.7608,0.2542,0.00274611
3,0.0717,0.035,0.1942,0.9808,0.0025095000000000004
2,0.0466,0.0333,0.3977,0.98,0.0015517800000000002
1,0.0366,0.0732,0.2662,0.5175,0.00267912
1,0.0682,0.0466,0.5699,0.4709,0.00317812
1,0.0383,0.0366,0.495,0.02,0.00140178
1,0.0499,0.0316,0.0283,0.5,0.0015768400000000001
3,0.0433,0.055,0.6817,0.2292,0.0023815
3,0.045,0.0567,0.8825,0.2233,0.0025515
3,0.0483,0.055,0.6358,0.7975,0.0026565
3,0.055,0.05,0.8042,0.3583,0.0027500000000000003
4,0.0566,0.0466,0.0948,0.5474,0.00263756
4,0.0349,0.0433,0.8211,0.6988,0.00151117
4,0.0449,0.0399,0.1938,0.5707,0.00179151
1,0.0366,0.0749,0.9018,0.525,0.0027413399999999997
2,0.0666,0.0566,0.3328,0.6389,0.0037695600000000004
2,0.0632,0.0599,0.3378,0.3894,0.0037856800000000005
2,0.0682,0.0732,0.2903,0.8436,0.00499224
2,0.0599,0.0516,0.2479,0.1839,0.00309084
3,0.055,0.045,0.9625,0.1958,0.0024749999999999998
3,0.055,0.0283,0.8225,0.6275,0.0015565
3,0.04,0.04,0.5233,0.405,0.0016
3,0.0467,0.0333,0.6017,0.1883,0.0015551100000000002
2,0.045,0.0367,0.2592,0.4883,0.0016515000000000002
2,0.0483,0.0433,0.7975,0.4933,0.00209139
0,0.0349,0.0349,0.6381,0.7047,0.00121801
3,0.0533,0.0467,0.74,0.4067,0.00248911
5,0.0266,0.0666,0.228,0.579,0.0017715600000000001
5,0.025,0.0516,0.718,0.292,0.0012900000000000001
5,0.025,0.0416,0.5017,0.2488,0.00104
1,0.0533,0.0367,0.6517,0.2183,0.00195611
4,0.0682,0.0399,0.1889,0.2829,0.0027211799999999997
4,0.0333,0.0666,0.0183,0.0349,0.0022177800000000004
3,0.07,0.0717,0.1433,0.2808,0.005019000000000001
3,0.0667,0.055,0.1133,0.8258,0.0036685
2,0.0316,0.0266,0.8894,0.1814,0.0008405600000000001
2,0.0349,0.0366,0.7745,0.0649,0.00127734
2,0.0416,0.0366,0.7712,0.6755,0.00152256
2,0.0449,0.0399,0.515,0.4393,0.00179151
0,0.0483,0.0467,0.3008,0.54,0.00225561
5,0.0567,0.0883,0.7367,0.3975,0.00500661
3,0.045,0.0583,0.9492,0.6075,0.0026235
3,0.0417,0.0517,0.7625,0.6925,0.00215589
3,0.0483,0.0717,0.4108,0.8158,0.00346311
2,0.0317,0.0333,0.8142,0.5333,0.00105561
2,0.0333,0.04,0.58,0.3617,0.001332
2,0.0815,0.0666,0.7346,0.8319,0.005427900000000001
4,0.045,0.0383,0.9358,0.0242,0.0017235
4,0.0267,0.035,0.8583,0.4725,0.0009345000000000001
5,0.0483,0.0833,0.2942,0.445,0.00402339
0,0.05,0.0317,0.58,0.1142,0.001585
0,0.0367,0.0283,0.8833,0.1108,0.0010386100000000001
0,0.0483,0.0383,0.3458,0.4825,0.00184989
3,0.0566,0.0582,0.2296,0.8311,0.0032941199999999998
3,0.0416,0.0449,0.3403,0.9126,0.00186784
3,0.0549,0.0616,0.7579,0.287,0.00338184
0,0.0383,0.025,0.1123,0.3985,0.0009575
0,0.0532,0.0283,0.599,0.9825,0.0015055599999999998
0,0.0233,0.0483,0.5275,0.6048,0.0011253900000000002
0,0.0216,0.0399,0.6597,0.3111,0.00086184
0,0.025,0.0399,0.9526,0.7804,0.0009975
4,0.0433,0.0433,0.1514,0.7155,0.00187489
4,0.0616,0.0433,0.6165,0.6206,0.00266728
5,0.0983,0.0233,0.2342,0.7383,0.0022903900000000002
1,0.0666,0.0266,0.1032,0.2696,0.0017715600000000001
4,0.0383,0.0449,0.5566,0.5682,0.0017196700000000002
4,0.0449,0.0549,0.9742,0.2471,0.00246501
5,0.0865,0.0399,0.5308,0.3078,0.0034513499999999997
0,0.0517,0.06,0.3758,0.0683,0.003102
0,0.0533,0.0333,0.62,0.31,0.00177489
5,0.0517,0.1117,0.8275,0.0575,0.00577489
2,0.035,0.0417,0.9575,0.5342,0.0014595
4,0.0383,0.0417,0.7992,0.4408,0.0015971100000000001
3,0.0433,0.0467,0.8433,0.4667,0.0020221099999999997
3,0.0483,0.0467,0.6975,0.2633,0.00225561
3,0.045,0.0383,0.4075,0.3325,0.0017235
0,0.03,0.0316,0.4792,0.2022,0.0009480000000000001
0,0.0383,0.0283,0.8012,0.6431,0.00108389
4,0.0483,0.0549,0.6431,0.7795,0.00265167
1,0.0566,0.0899,0.1065,0.9451,0.005088339999999999
1,0.0516,0.0732,0.683,0.5674,0.00377712
5,0.0433,0.1083,0.2617,0.3675,0.00468939
5,0.0917,0.0267,0.4708,0.4783,0.0024483900000000004
5,0.035,0.1117,0.5458,0.8925,0.0039095
5,0.0967,0.075,0.135,0.0392,0.007252499999999999
2,0.0383,0.0333,0.5308,0.78,0.0012753900000000002
0,0.0383,0.06,0.8742,0.8983,0.002298
5,0.0416,0.0616,0.2937,0.5632,0.0025625599999999998
3,0.0549,0.0549,0.0324,0.6364,0.0030140099999999997
3,0.0483,0.0666,0.5083,0.2496,0.0032167800000000007
0,0.03,0.0317,0.6167,0.6042,0.0009509999999999999
3,0.0765,0.0782,0.9584,0.718,0.0059823
3,0.0799,0.0782,0.8419,0.4917,0.006248180000000001
4,0.0433,0.0449,0.208,0.3469,0.00194417
4,0.0267,0.0267,0.475,0.35,0.0007128900000000001
4,0.035,0.0217,0.4725,0.9642,0.0007595000000000001
0,0.03,0.0366,0.5358,0.2928,0.001098
0,0.0499,0.0433,0.7737,0.4992,0.00216067
4,0.0517,0.0433,0.3175,0.775,0.00223861
2,0.04,0.0483,0.3367,0.5258,0.0019320000000000001
2,0.0417,0.045,0.2342,0.8208,0.0018765
2,0.0517,0.0367,0.7425,0.795,0.0018973900000000003
2,0.05,0.0467,0.8133,0.3717,0.002335
2,0.045,0.0433,0.5825,0.2517,0.0019485
4,0.0366,0.0366,0.7537,0.7005,0.00133956
4,0.0366,0.0383,0.2646,0.4218,0.00140178
4,0.0399,0.0383,0.2745,0.5682,0.00152817
4,0.055,0.0433,0.3375,0.4433,0.0023815
0,0.025,0.0566,0.5699,0.223,0.001415
0,0.0532,0.0216,0.1947,0.2604,0.00114912
3,0.0567,0.045,0.895,0.3192,0.0025515
3,0.0583,0.0467,0.8892,0.1183,0.00272261
4,0.0283,0.0283,0.6481,0.475,0.00080089
4,0.0233,0.0366,0.0349,0.4725,0.00085278
0,0.0533,0.0483,0.185,0.2825,0.00257439
0,0.0733,0.07,0.0383,0.5183,0.005131000000000001
1,0.0383,0.0582,0.6115,0.4784,0.00222906
1,0.0383,0.0416,0.2937,0.0225,0.0015932799999999999
1,0.0383,0.0948,0.3802,0.1007,0.0036308399999999998
1,0.0682,0.0433,0.5965,0.7571,0.0029530599999999995
4,0.0333,0.0283,0.3683,0.0542,0.0009423900000000001
4,0.0283,0.03,0.7492,0.345,0.0008489999999999999
1,0.07,0.0317,0.3517,0.7025,0.002219
5,0.0433,0.08,0.6167,0.0417,0.003464
4,0.0266,0.0316,0.5458,0.6864,0.0008405600000000001
0,0.0367,0.03,0.2783,0.445,0.001101
0,0.0433,0.035,0.6283,0.2058,0.0015155000000000001
4,0.02,0.0317,0.8717,0.1142,0.000634
1,0.0566,0.0316,0.0433,0.2953,0.00178856
1,0.0732,0.0316,0.0882,0.3752,0.00231312
3,0.05,0.07,0.2883,0.9633,0.0035000000000000005
3,0.0567,0.0483,0.895,0.8192,0.0027386100000000003
3,0.0532,0.0416,0.0483,0.6681,0.00221312
4,0.055,0.0367,0.5758,0.62,0.0020185000000000003
4,0.0367,0.0367,0.91,0.3,0.0013468900000000003
3,0.06,0.06,0.9683,0.1517,0.0036
0,0.05,0.0817,0.5233,0.2558,0.004085
1,0.035,0.055,0.9708,0.2292,0.0019250000000000003
0,0.0449,0.0715,0.881,0.6581,0.00321035
0,0.0466,0.0649,0.5241,0.6115,0.00302434
0,0.0349,0.0715,0.1572,0.896,0.00249535
0,0.0499,0.0632,0.1381,0.4293,0.0031536800000000003
2,0.0749,0.0649,0.0724,0.7712,0.00486101
1,0.0316,0.0749,0.1406,0.7246,0.0023668400000000003
1,0.0349,0.0765,0.2454,0.3611,0.00266985
4,0.0383,0.035,0.1658,0.2008,0.0013405000000000001
1,0.0383,0.0583,0.3858,0.5225,0.00223289
1,0.0383,0.04,0.7042,0.9783,0.0015320000000000002
5,0.0617,0.0233,0.4992,0.5383,0.00143761
5,0.065,0.0333,0.7058,0.9083,0.0021645
5,0.0283,0.0833,0.7725,0.4367,0.00235739
4,0.0367,0.0433,0.2017,0.2433,0.0015891100000000001
4,0.0417,0.0433,0.8275,0.4033,0.00180561
4,0.04,0.05,0.0383,0.7017,0.002
3,0.1265,0.1681,0.3993,0.5998,0.02126465
3,0.1115,0.1015,0.2388,0.0524,0.011317250000000001
2,0.045,0.0417,0.7708,0.6008,0.0018765
4,0.0283,0.05,0.9842,0.2783,0.001415
4,0.0433,0.0433,0.52,0.6833,0.00187489
5,0.0367,0.05,0.0867,0.3867,0.0018350000000000003
5,0.0367,0.0467,0.105,0.3383,0.00171389
5,0.0948,0.0349,0.4334,0.7945,0.0033085199999999997
5,0.1032,0.0349,0.3178,0.7928,0.00360168
1,0.0633,0.0283,0.29,0.3075,0.0017913899999999997
3,0.0367,0.045,0.135,0.3742,0.0016515000000000002
3,0.05,0.0367,0.6967,0.3183,0.0018350000000000003
3,0.0517,0.03,0.8692,0.7167,0.001551
2,0.0767,0.0667,0.4817,0.7217,0.00511589
2,0.0733,0.065,0.3417,0.1608,0.0047645000000000005
2,0.0783,0.0783,0.7092,0.1658,0.006130889999999999
2,0.0483,0.0483,0.9093,0.5416,0.0023328900000000002
2,0.0483,0.0433,0.6131,0.6839,0.00209139
2,0.0516,0.0516,0.4301,0.3037,0.00266256
5,0.035,0.065,0.0358,0.3708,0.002275
5,0.0283,0.1,0.9008,0.3383,0.00283
4,0.0333,0.0216,0.8835,0.871,0.0007192800000000001
4,0.0399,0.0549,0.7654,0.2338,0.0021905099999999997
4,0.0383,0.0383,0.4817,0.8344,0.00146689
4,0.0449,0.0532,0.4018,0.5524,0.00238868
0,0.0333,0.0532,0.8735,0.3045,0.0017715600000000001
0,0.03,0.0483,0.8652,0.7213,0.001449
0,0.0399,0.0383,0.5258,0.7928,0.00152817
0,0.0316,0.0333,0.1805,0.7754,0.0010522800000000003
0,0.0349,0.0449,0.0275,0.7329,0.0015670100000000002
5,0.0583,0.0267,0.7408,0.57,0.00155661
5,0.0517,0.0317,0.2325,0.4258,0.00163889
0,0.0582,0.0266,0.7945,0.0632,0.00154812
0,0.0699,0.0333,0.3894,0.183,0.0023276700000000004
4,0.0267,0.03,0.1283,0.435,0.0008010000000000001
4,0.0467,0.0367,0.5,0.62,0.00171389
5,0.0417,0.035,0.0225,0.6308,0.0014595
5,0.0733,0.0433,0.5533,0.63,0.00317389
5,0.0517,0.0617,0.6108,0.8275,0.00318989
5,0.045,0.0967,0.8742,0.95,0.0043514999999999995
0,0.0266,0.0649,0.8852,0.7962,0.0017263399999999998
0,0.0233,0.0532,0.7238,0.8819,0.00123956
0,0.0233,0.045,0.5083,0.3408,0.0010485
0,0.045,0.03,0.2792,0.725,0.0013499999999999999
0,0.0417,0.0283,0.7375,0.7975,0.00118011
2,0.0466,0.0349,0.7554,0.8128,0.0016263400000000002
2,0.0499,0.0349,0.6889,0.5017,0.00174151
0,0.07,0.055,0.0367,0.8975,0.0038500000000000006
0,0.0483,0.0667,0.2358,0.3217,0.0032216099999999998
0,0.065,0.0433,0.3058,0.0233,0.0028145
0,0.06,0.0417,0.4583,0.9742,0.002502
5,0.0667,0.035,0.795,0.3758,0.0023345
5,0.0817,0.0383,0.3675,0.3242,0.00312911
5,0.04,0.0933,0.62,0.4383,0.0037319999999999996
5,0.0367,0.0667,0.7233,0.77,0.00244789
5,0.0599,0.0399,0.9667,0.5691,0.00239001
5,0.0616,0.0349,0.3686,0.8211,0.00214984
5,0.0417,0.1217,0.7725,0.6658,0.00507489
2,0.0532,0.0449,0.1597,0.6547,0.00238868
2,0.0499,0.0466,0.3527,0.5158,0.00232534
2,0.0616,0.0532,0.5849,0.7438,0.00327712
2,0.0582,0.0466,0.5832,0.2146,0.00271212
2,0.0566,0.0333,0.1614,0.0183,0.0018847800000000002
0,0.03,0.0349,0.6855,0.4817,0.001047
0,0.0416,0.0399,0.2754,0.7171,0.0016598399999999999
0,0.06,0.0617,0.6733,0.1625,0.0037019999999999996
0,0.065,0.0617,0.3758,0.3625,0.0040105
0,0.0717,0.05,0.8692,0.485,0.003585
0,0.06,0.0533,0.3833,0.875,0.003198
4,0.035,0.0417,0.4142,0.9425,0.0014595
4,0.0417,0.05,0.6192,0.2333,0.002085
4,0.0283,0.045,0.2325,0.2958,0.0012735
1,0.0317,0.035,0.2725,0.5058,0.0011095
1,0.05,0.04,0.1067,0.2417,0.002
5,0.0616,0.0765,0.2704,0.0849,0.0047124
0,0.08,0.0483,0.95,0.4942,0.0038640000000000002
2,0.0682,0.0499,0.916,0.7854,0.00340318
2,0.0666,0.0532,0.6905,0.4077,0.0035431200000000003
3,0.0399,0.0599,0.3927,0.5341,0.00239001
2,0.0566,0.0532,0.3311,0.8253,0.0030111199999999995
2,0.0699,0.0582,0.4226,0.8894,0.00406818
2,0.0566,0.0566,0.03,0.6356,0.00320356
4,0.0433,0.045,0.1233,0.6542,0.0019485
2,0.0467,0.05,0.5417,0.9167,0.002335
2,0.0467,0.0483,0.5433,0.5458,0.00225561
2,0.0649,0.0599,0.2088,0.7072,0.0038875100000000003
3,0.0567,0.0717,0.3317,0.0992,0.00406539
1,0.0783,0.04,0.9308,0.3283,0.003132
1,0.0533,0.085,0.645,0.2125,0.004530500000000001
5,0.0583,0.1367,0.7692,0.8933,0.007969609999999999
0,0.0317,0.0467,0.1742,0.7333,0.0014803899999999998
0,0.0317,0.05,0.6092,0.5567,0.001585
0,0.0467,0.025,0.6567,0.3342,0.0011675
4,0.0367,0.0283,0.1017,0.6925,0.0010386100000000001
4,0.0383,0.0433,0.6742,0.725,0.00165839
4,0.0367,0.0383,0.1883,0.4058,0.00140561
4,0.04,0.0367,0.7967,0.5,0.0014680000000000001
2,0.0416,0.0366,0.9759,0.5424,0.00152256
2,0.0349,0.0399,0.8344,0.2696,0.00139251
4,0.0283,0.0333,0.6198,0.1631,0.0009423900000000001
4,0.0366,0.0399,0.4642,0.6988,0.0014603399999999999
0,0.0533,0.0367,0.2667,0.2117,0.00195611
0,0.0683,0.0467,0.1608,0.805,0.00318961
0,0.0333,0.035,0.5533,0.2908,0.0011655000000000003
3,0.0483,0.0633,0.7692,0.7317,0.00305739
3,0.0367,0.0517,0.4033,0.5108,0.0018973900000000003
3,0.04,0.0583,0.5383,0.2042,0.002332
0,0.0532,0.03,0.7737,0.3794,0.0015959999999999998
0,0.0283,0.0532,0.3835,0.4892,0.0015055599999999998
0,0.0317,0.045,0.9425,0.2742,0.0014264999999999998
0,0.0333,0.0283,0.265,0.0158,0.0009423900000000001
2,0.0333,0.04,0.9767,0.85,0.001332
2,0.0333,0.0283,0.4383,0.9008,0.0009423900000000001
1,0.0416,0.0682,0.7579,0.5932,0.00283712
1,0.0566,0.0649,0.8053,0.9592,0.0036733399999999998
1,0.0483,0.0499,0.5399,0.5641,0.00241017
1,0.0416,0.0799,0.3369,0.173,0.0033238399999999998
3,0.1,0.0767,0.8867,0.1017,0.007670000000000001
5,0.0532,0.0466,0.7754,0.3877,0.00247912
5,0.0649,0.0399,0.47,0.4143,0.0025895099999999997
5,0.0416,0.0582,0.4468,0.6281,0.00242112
0,0.0317,0.0317,0.2475,0.8925,0.00100489
0,0.045,0.0333,0.6642,0.3033,0.0014985
5,0.0717,0.0317,0.1992,0.0975,0.00227289
5,0.025,0.06,0.7042,0.3683,0.0015
0,0.0567,0.0483,0.5067,0.1775,0.0027386100000000003
0,0.075,0.0633,0.4258,0.7433,0.004747499999999999
0,0.0517,0.0467,0.8758,0.5217,0.00241439
1,0.0667,0.0333,0.6417,0.4183,0.00222111
1,0.0633,0.0367,0.9133,0.825,0.00232311
3,0.0467,0.055,0.1817,0.2292,0.0025685
1,0.07,0.0583,0.54,0.1758,0.004081
1,0.0583,0.05,0.2842,0.405,0.002915
1,0.0467,0.08,0.8383,0.7583,0.0037359999999999997
4,0.0317,0.04,0.1925,0.305,0.001268
1,0.0366,0.0499,0.4077,0.1082,0.00182634
1,0.0383,0.0466,0.3802,0.6389,0.0017847800000000001
4,0.0617,0.0583,0.5892,0.2275,0.0035971099999999997
4,0.0417,0.0583,0.7708,0.4708,0.0024311099999999998
1,0.0733,0.03,0.1167,0.5467,0.002199
4,0.0483,0.0433,0.2675,0.31,0.00209139
4,0.0683,0.055,0.1308,0.0975,0.0037565
4,0.0483,0.0367,0.2208,0.6417,0.0017726100000000002
4,0.0433,0.03,0.4533,0.8217,0.0012989999999999998
4,0.0467,0.035,0.3967,0.6775,0.0016345
4,0.0433,0.0383,0.6373,0.3536,0.00165839
4,0.0416,0.0383,0.2488,0.2887,0.0015932799999999999
5,0.0317,0.0683,0.7742,0.4508,0.00216511
5,0.0717,0.0283,0.1442,0.0292,0.0020291099999999998
2,0.0417,0.055,0.1458,0.1208,0.0022935
0,0.0349,0.0599,0.8328,0.8918,0.0020905100000000003
0,0.0316,0.0449,0.5483,0.4218,0.0014188400000000002
5,0.0499,0.0982,0.6672,0.3752,0.00490018
5,0.0932,0.0483,0.3544,0.8311,0.004501560000000001
5,0.0532,0.1298,0.5923,0.6705,0.006905359999999999
5,0.0499,0.0416,0.4476,0.3469,0.00207584
5,0.0699,0.0433,0.2579,0.7438,0.00302667
1,0.0532,0.0466,0.5441,0.6206,0.00247912
1,0.0882,0.0499,0.5283,0.7504,0.00440118
1,0.0832,0.0349,0.6889,0.9792,0.00290368
1,0.0483,0.0649,0.4717,0.109,0.00313467
0,0.03,0.0483,0.8867,0.5792,0.001449
0,0.0267,0.035,0.89,0.8825,0.0009345000000000001
0,0.0367,0.0467,0.5183,0.3467,0.00171389
3,0.0633,0.065,0.1033,0.7208,0.0041145
3,0.0883,0.0733,0.7992,0.6133,0.006472390000000001
3,0.0683,0.0817,0.8675,0.8192,0.005580109999999999
5,0.0383,0.0917,0.6142,0.0475,0.00351211
3,0.04,0.0433,0.865,0.3133,0.001732
3,0.035,0.035,0.3008,0.1225,0.0012250000000000002
3,0.0417,0.05,0.0325,0.2833,0.002085
3,0.0233,0.0317,0.4333,0.5375,0.00073861
0,0.0466,0.0582,0.5807,0.7795,0.00271212
0,0.0632,0.0499,0.7238,0.9717,0.0031536800000000003
0,0.0666,0.0649,0.8136,0.4068,0.00432234
0,0.0416,0.0632,0.1905,0.6356,0.00262912
2,0.0599,0.0599,0.1265,0.0316,0.0035880100000000004
1,0.0467,0.0817,0.1367,0.9242,0.0038153899999999997
1,0.045,0.0833,0.1708,0.79,0.0037484999999999997
1,0.085,0.06,0.4792,0.825,0.0051
5,0.12,0.03,0.1567,0.375,0.0036
5,0.08,0.0367,0.9583,0.735,0.0029360000000000002
5,0.0267,0.0867,0.6967,0.665,0.00231489
5,0.09,0.04,0.8867,0.0917,0.0036
5,0.08,0.035,0.3717,0.1992,0.0028000000000000004
3,0.0433,0.0517,0.03,0.2508,0.00223861
5,0.0483,0.0967,0.1242,0.055,0.00467061
3,0.0533,0.0533,0.6367,0.9667,0.00284089
3,0.065,0.0467,0.2492,0.49,0.0030355
2,0.0483,0.0667,0.4408,0.415,0.0032216099999999998
2,0.05,0.0733,0.745,0.64,0.0036650000000000003
2,0.0517,0.065,0.0625,0.6408,0.0033605
5,0.0815,0.0349,0.3053,0.7413,0.0028443500000000003
5,0.0283,0.0732,0.5582,0.0383,0.00207156
5,0.0333,0.0616,0.3078,0.1489,0.0020512800000000004
4,0.0217,0.0233,0.9425,0.38,0.0005056100000000001
4,0.0283,0.0267,0.5658,0.55,0.00075561
1,0.0333,0.0715,0.9617,0.3519,0.00238095
1,0.0532,0.0233,0.5358,0.3328,0.00123956
1,0.0433,0.0882,0.0982,0.7612,0.00381906
2,0.04,0.0317,0.9783,0.9825,0.001268
2,0.0583,0.035,0.7358,0.9808,0.0020405
2,0.055,0.0317,0.3225,0.9825,0.0017435
0,0.03,0.0533,0.1167,0.5767,0.001599
0,0.045,0.0283,0.2058,0.0458,0.0012735
0,0.0233,0.055,0.78,0.9158,0.0012815
5,0.0817,0.035,0.3475,0.6758,0.0028595
3,0.0317,0.0433,0.0175,0.955,0.0013726099999999998
3,0.0383,0.0433,0.4775,0.7917,0.00165839
4,0.0783,0.0333,0.8792,0.9817,0.0026073900000000002
4,0.035,0.0333,0.0975,0.33,0.0011655000000000003
2,0.07,0.0617,0.1033,0.2592,0.004319
2,0.055,0.065,0.7658,0.3825,0.003575
2,0.0333,0.0333,0.815,0.07,0.0011088900000000002
2,0.035,0.0367,0.0708,0.4817,0.0012845000000000003
2,0.0383,0.05,0.4375,0.6467,0.001915
2,0.035,0.0367,0.7875,0.1933,0.0012845000000000003
4,0.0317,0.03,0.7675,0.13,0.0009509999999999999
2,0.0516,0.0616,0.9709,0.8544,0.00317856
1,0.04,0.0383,0.3883,0.5792,0.0015320000000000002
1,0.0417,0.035,0.6742,0.5758,0.0014595
1,0.0583,0.06,0.8042,0.4133,0.003498
1,0.0783,0.0333,0.3475,0.43,0.0026073900000000002
1,0.0867,0.035,0.7167,0.8192,0.0030345000000000003
3,0.045,0.0433,0.5492,0.26,0.0019485
5,0.1015,0.0483,0.9343,0.0657,0.004902450000000001
5,0.0699,0.0666,0.9118,0.1947,0.004655340000000001
3,0.0283,0.0632,0.9825,0.3195,0.00178856
2,0.0317,0.0283,0.2425,0.9842,0.0008971099999999999
2,0.0317,0.045,0.0875,0.6408,0.0014264999999999998
4,0.0216,0.0333,0.8311,0.8669,0.0007192800000000001
4,0.0466,0.0466,0.381,0.4908,0.0021715600000000003
4,0.0366,0.0399,0.396,0.6639,0.0014603399999999999
0,0.0483,0.0383,0.47,0.1572,0.00184989
2,0.0583,0.0617,0.6475,0.8758,0.0035971099999999997
2,0.0616,0.0715,0.9226,0.703,0.0044044
2,0.0749,0.0449,0.4052,0.0241,0.00336301
2,0.0732,0.0632,0.401,0.2546,0.00462624
2,0.0749,0.0715,0.0391,0.495,0.005355349999999999
1,0.0733,0.0317,0.15,0.6392,0.0023236100000000003
1,0.0417,0.0733,0.6975,0.4,0.0030566100000000004
4,0.0433,0.0632,0.411,0.1048,0.0027365600000000003
4,0.0466,0.0899,0.4842,0.4509,0.00418934
4,0.0483,0.0732,0.3652,0.7271,0.00353556
4,0.0582,0.0632,0.5998,0.2113,0.0036782400000000006
2,0.04,0.0483,0.8217,0.3258,0.0019320000000000001
4,0.0283,0.0467,0.5042,0.185,0.00132161
4,0.0433,0.0417,0.5333,0.3158,0.00180561
4,0.05,0.0367,0.4,0.6133,0.0018350000000000003
5,0.0317,0.125,0.7175,0.5042,0.0039625
5,0.0483,0.0867,0.5142,0.12,0.0041876100000000005
5,0.0767,0.0417,0.5433,0.5175,0.00319839
5,0.0883,0.0333,0.7408,0.1917,0.00294039
4,0.0417,0.0367,0.2875,0.075,0.0015303900000000002
5,0.0417,0.0767,0.1458,0.7417,0.00319839
3,0.0733,0.0667,0.22,0.715,0.00488911
3,0.0867,0.085,0.3867,0.6108,0.0073695
3,0.0767,0.085,0.245,0.0642,0.006519500000000001
3,0.085,0.0967,0.2492,0.2433,0.0082195
4,0.035,0.0283,0.2942,0.0292,0.0009905
4,0.0283,0.035,0.4658,0.5608,0.0009905
4,0.0383,0.0333,0.7275,0.69,0.0012753900000000002
0,0.035,0.0717,0.1758,0.7958,0.0025095000000000004
3,0.0632,0.0532,0.1414,0.7854,0.0033622400000000003
4,0.0317,0.0283,0.7858,0.3458,0.0008971099999999999
4,0.0383,0.03,0.7792,0.7167,0.001149
1,0.0782,0.0632,0.5,0.8336,0.0049422400000000005
1,0.0948,0.0715,0.3203,0.2604,0.006778199999999999
1,0.0649,0.0849,0.1406,0.4002,0.00551001
5,0.0383,0.0883,0.0575,0.2192,0.0033818900000000002
5,0.0867,0.04,0.4683,0.1167,0.003468
5,0.0582,0.0732,0.8577,0.6972,0.00426024
0,0.0467,0.0283,0.3083,0.4958,0.00132161
0,0.0333,0.055,0.5267,0.6192,0.0018315000000000002
4,0.03,0.0283,0.6905,0.718,0.0008489999999999999
1,0.055,0.1,0.3258,0.14,0.0055000000000000005
4,0.0349,0.0316,0.9443,0.718,0.0011028400000000001
4,0.0416,0.0316,0.8744,0.3103,0.00131456
1,0.0483,0.0417,0.7808,0.5842,0.00201411
5,0.03,0.065,0.1267,0.4442,0.00195
5,0.0933,0.035,0.2867,0.4225,0.0032655
2,0.0532,0.0616,0.7953,0.8378,0.00327712
2,0.0616,0.0582,0.2105,0.7379,0.0035851200000000002
3,0.0599,0.0566,0.8436,0.1814,0.00339034
4,0.0267,0.0467,0.71,0.38,0.00124689
4,0.0267,0.03,0.8833,0.1083,0.0008010000000000001
3,0.035,0.0433,0.5508,0.1233,0.0015155000000000001
3,0.0433,0.0533,0.625,0.8283,0.00230789
2,0.0383,0.0383,0.1858,0.4608,0.00146689
2,0.0433,0.045,0.105,0.2258,0.0019485
2,0.0433,0.0467,0.8833,0.635,0.0020221099999999997
1,0.0483,0.0333,0.0508,0.3333,0.0016083900000000003
1,0.0667,0.035,0.2383,0.6608,0.0023345
1,0.0533,0.04,0.5667,0.1917,0.002132
1,0.0533,0.035,0.9,0.2392,0.0018655000000000002
0,0.0349,0.0616,0.9592,0.3785,0.00214984
1,0.0867,0.06,0.2683,0.14,0.005202
1,0.0783,0.0433,0.5892,0.5067,0.0033903899999999996
1,0.0917,0.045,0.9358,0.8942,0.0041265
1,0.0483,0.0717,0.3592,0.8025,0.00346311
1,0.0467,0.07,0.1833,0.7333,0.003269
2,0.0417,0.05,0.5425,0.14,0.002085
2,0.0367,0.0383,0.8467,0.1942,0.00140561
5,0.1048,0.0516,0.4867,0.9526,0.005407680000000001
5,0.0366,0.1198,0.02,0.8319,0.00438468
3,0.0483,0.05,0.7908,0.7183,0.0024150000000000005
3,0.04,0.055,0.87,0.4058,0.0022
5,0.065,0.035,0.6758,0.6308,0.002275
2,0.0467,0.045,0.3433,0.8258,0.0021015
2,0.0517,0.0583,0.5408,0.7592,0.00301411
4,0.0399,0.0449,0.6423,0.6897,0.00179151
2,0.0367,0.0383,0.1783,0.1942,0.00140561
0,0.045,0.03,0.9442,0.0583,0.0013499999999999999
0,0.0483,0.03,0.5208,0.36,0.001449
0,0.0267,0.0483,0.0883,0.5542,0.00128961
5,0.0583,0.0733,0.1392,0.3033,0.00427339
0,0.0333,0.0499,0.5358,0.4393,0.00166167
0,0.0483,0.0349,0.1722,0.4301,0.00168567
4,0.0316,0.0283,0.1789,0.5815,0.00089428
4,0.0316,0.0283,0.1023,0.4068,0.00089428
2,0.0417,0.0467,0.8758,0.5033,0.00194739
2,0.0433,0.0467,0.1933,0.1483,0.0020221099999999997
5,0.0483,0.035,0.6142,0.7542,0.0016905000000000002
5,0.045,0.035,0.6625,0.7725,0.001575
3,0.0567,0.045,0.5617,0.6642,0.0025515
3,0.0583,0.0467,0.5558,0.4633,0.00272261
3,0.0517,0.0567,0.6908,0.5417,0.0029313900000000003
4,0.0283,0.025,0.297,0.5033,0.0007075
4,0.0266,0.03,0.0483,0.3527,0.0007979999999999999
4,0.0216,0.025,0.1173,0.9626,0.00054
4,0.03,0.03,0.3278,0.3328,0.0009
4,0.0367,0.0233,0.67,0.8883,0.0008551100000000002
4,0.04,0.025,0.4733,0.2325,0.001
3,0.04,0.0417,0.3267,0.2675,0.001668
3,0.045,0.035,0.4342,0.2775,0.001575
3,0.0533,0.04,0.2367,0.4983,0.002132
4,0.0366,0.0449,0.401,0.4002,0.00164334
0,0.0516,0.0383,0.5882,0.0208,0.00197628
0,0.0283,0.0566,0.1938,0.2379,0.00160178
0,0.0333,0.0466,0.1631,0.6406,0.0015517800000000002
1,0.0617,0.0767,0.8342,0.4983,0.00473239
1,0.07,0.0933,0.26,0.6783,0.006531
1,0.0833,0.0633,0.4,0.8583,0.00527289
2,0.09,0.0933,0.1383,0.8667,0.008397
4,0.0399,0.0516,0.7671,0.5948,0.0020588399999999997
5,0.03,0.0683,0.5,0.1808,0.002049
5,0.05,0.0283,0.5883,0.4908,0.001415
5,0.0233,0.05,0.535,0.75,0.001165
5,0.0383,0.0333,0.2892,0.6967,0.0012753900000000002
3,0.0667,0.065,0.8183,0.9658,0.0043355
3,0.1233,0.0383,0.4683,0.0208,0.00472239
0,0.05,0.0383,0.7583,0.0525,0.001915
4,0.0366,0.0216,0.2629,0.3785,0.00079056
2,0.0399,0.0366,0.1314,0.4725,0.0014603399999999999
2,0.0449,0.0516,0.3602,0.1839,0.00231684
3,0.105,0.0933,0.2058,0.33,0.0097965
2,0.0483,0.0549,0.1606,0.683,0.00265167
2,0.0416,0.0449,0.0341,0.9077,0.00186784
1,0.0333,0.075,0.8583,0.2758,0.0024975
1,0.035,0.0767,0.7525,0.64,0.0026845000000000003
4,0.0483,0.055,0.3542,0.2208,0.0026565
5,0.0183,0.1083,0.7192,0.5275,0.00198189
5,0.0333,0.1417,0.7167,0.0958,0.00471861
3,0.0483,0.0433,0.2875,0.33,0.00209139
1,0.0333,0.03,0.1348,0.4409,0.000999
0,0.0317,0.0517,0.7608,0.4908,0.00163889
0,0.0283,0.045,0.9842,0.5658,0.0012735
0,0.0717,0.0417,0.8825,0.1825,0.0029898900000000003
3,0.06,0.0533,0.77,0.5733,0.003198
5,0.0383,0.1015,0.1106,0.1439,0.00388745
4,0.04,0.0383,0.1267,0.5208,0.0015320000000000002
4,0.0483,0.035,0.4475,0.7375,0.0016905000000000002
4,0.0367,0.0367,0.02,0.8417,0.0013468900000000003
1,0.0567,0.0283,0.4867,0.3592,0.00160461
4,0.0449,0.0433,0.7163,0.8336,0.00194417
4,0.0433,0.0466,0.7521,0.4958,0.00201778
4,0.0399,0.0483,0.604,0.3602,0.00192717
3,0.0917,0.0767,0.2325,0.4533,0.0070333900000000005
3,0.06,0.0583,0.0517,0.6308,0.003498
4,0.0333,0.0399,0.4692,0.9501,0.0013286700000000001
4,0.0383,0.0383,0.6498,0.1339,0.00146689
4,0.0466,0.0399,0.5391,0.2612,0.00185934
3,0.0466,0.0616,0.5308,0.8594,0.0028705600000000003
3,0.0449,0.1131,0.3003,0.6489,0.005078190000000001
3,0.0499,0.0433,0.2978,0.9517,0.00216067
0,0.0283,0.0567,0.5642,0.6383,0.00160461
5,0.035,0.0717,0.3958,0.4392,0.0025095000000000004
5,0.0517,0.0317,0.6208,0.3175,0.00163889
1,0.0682,0.0899,0.8544,0.2712,0.006131179999999999
1,0.0466,0.0865,0.6789,0.2363,0.0040309
4,0.03,0.0333,0.7183,0.72,0.000999
4,0.03,0.04,0.31,0.79,0.0012
3,0.0417,0.05,0.7842,0.715,0.002085
3,0.0483,0.0633,0.7692,0.065,0.00305739
2,0.0399,0.0333,0.975,0.797,0.0013286700000000001
2,0.0416,0.0349,0.678,0.7612,0.00145184
2,0.0366,0.0399,0.9235,0.2712,0.0014603399999999999
0,0.04,0.0383,0.1383,0.6908,0.0015320000000000002
0,0.0317,0.0333,0.4842,0.7083,0.00105561
0,0.035,0.045,0.6375,0.7508,0.001575
0,0.0517,0.0733,0.3325,0.13,0.0037896100000000005
1,0.085,0.06,0.7942,0.54,0.0051
1,0.07,0.0583,0.5383,0.8675,0.004081
3,0.075,0.0783,0.0392,0.2825,0.005872499999999999
3,0.08,0.0783,0.155,0.5092,0.006264
1,0.0483,0.0517,0.6492,0.7658,0.0024971100000000003
0,0.0533,0.0517,0.51,0.7925,0.0027556100000000004
0,0.0767,0.04,0.5367,0.29,0.0030680000000000004
0,0.0933,0.045,0.9433,0.4758,0.0041985
3,0.0666,0.0599,0.223,0.7854,0.003989340000000001
3,0.0549,0.0582,0.3769,0.5333,0.00319518
5,0.0383,0.0732,0.4351,0.2546,0.00280356
5,0.0815,0.0333,0.2022,0.4576,0.0027139500000000006
5,0.0682,0.0632,0.0857,0.1864,0.00431024
5,0.0433,0.0333,0.7,0.0233,0.0014418900000000001
3,0.0583,0.0567,0.5808,0.2967,0.00330561
3,0.0583,0.06,0.4958,0.86,0.003498
3,0.05,0.0367,0.2883,0.655,0.0018350000000000003
3,0.0767,0.04,0.065,0.2533,0.0030680000000000004
3,0.065,0.06,0.2525,0.8533,0.0039
2,0.05,0.0467,0.4467,0.4483,0.002335
2,0.045,0.0367,0.8658,0.5267,0.0016515000000000002
4,0.035,0.0183,0.7125,0.7975,0.0006405000000000001
0,0.0466,0.0283,0.8403,0.8794,0.00131878
0,0.0266,0.0466,0.5025,0.6606,0.00123956
0,0.03,0.0449,0.2446,0.881,0.001347
3,0.0516,0.0632,0.891,0.7138,0.00326112
3,0.0483,0.0532,0.4351,0.9634,0.00256956
0,0.0333,0.0349,0.6456,0.5083,0.0011621700000000001
0,0.0383,0.0266,0.6564,0.7354,0.00101878
1,0.0399,0.0715,0.7304,0.1639,0.0028528499999999997
1,0.0566,0.0632,0.1215,0.2479,0.00357712
0,0.0517,0.0283,0.2208,0.3742,0.00146311
0,0.0683,0.03,0.6908,0.6867,0.002049
0,0.0433,0.0349,0.6556,0.7978,0.00151117
4,0.0233,0.0267,0.5033,0.7017,0.00062211
4,0.0283,0.025,0.3525,0.9508,0.0007075
4,0.0233,0.02,0.9633,0.8817,0.00046600000000000005
4,0.0283,0.0283,0.3325,0.6708,0.00080089
2,0.045,0.055,0.8892,0.9042,0.0024749999999999998
0,0.0667,0.06,0.88,0.325,0.0040019999999999995
0,0.0767,0.07,0.6533,0.075,0.0053690000000000005
2,0.0732,0.0782,0.6822,0.6714,0.00572424
2,0.0649,0.0649,0.5815,0.0341,0.0042120099999999995
5,0.0832,0.0349,0.3478,0.4368,0.00290368
5,0.0682,0.03,0.7313,0.4326,0.0020459999999999996
5,0.0732,0.0349,0.5058,0.0424,0.00255468
4,0.0266,0.025,0.6273,0.9509,0.000665
4,0.0233,0.0216,0.5141,0.8677,0.00050328
1,0.0483,0.065,0.8608,0.1342,0.0031395000000000004
1,0.0633,0.07,0.2117,0.115,0.004431
1,0.0633,0.045,0.9467,0.7275,0.0028484999999999995
0,0.0717,0.0617,0.3758,0.1708,0.00442389
0,0.0633,0.065,0.8883,0.1275,0.0041145
2,0.0449,0.0366,0.673,0.9268,0.00164334
2,0.0266,0.0399,0.9834,0.6173,0.0010613399999999998
2,0.0433,0.0383,0.4409,0.8877,0.00165839
5,0.0333,0.0867,0.11,0.3733,0.0028871100000000005
5,0.03,0.095,0.4333,0.8658,0.00285
2,0.0682,0.0616,0.6664,0.3536,0.00420112
2,0.0666,0.0599,0.401,0.7404,0.003989340000000001
3,0.0532,0.0765,0.614,0.8386,0.004069799999999999
3,0.0666,0.0815,0.4143,0.5366,0.005427900000000001
3,0.0715,0.0616,0.4301,0.3286,0.0044044
3,0.0549,0.1032,0.5982,0.3744,0.005665679999999999
2,0.0417,0.0467,0.1558,0.6583,0.00194739
2,0.0467,0.04,0.625,0.34,0.0018679999999999999
2,0.03,0.03,0.4183,0.6117,0.0009
2,0.0333,0.0367,0.0733,0.9333,0.0012221100000000002
2,0.0417,0.0333,0.6392,0.35,0.0013886100000000002
2,0.0517,0.05,0.9725,0.0267,0.0025850000000000005
2,0.0683,0.0733,0.7692,0.2633,0.00500639
1,0.0383,0.0566,0.8261,0.4742,0.00216778
0,0.0467,0.03,0.625,0.5,0.001401
0,0.0317,0.045,0.4308,0.8175,0.0014264999999999998
0,0.035,0.0717,0.1758,0.1042,0.0025095000000000004
0,0.05,0.0633,0.195,0.5717,0.003165
0,0.05,0.0717,0.5233,0.4142,0.003585
1,0.0782,0.0433,0.7346,0.0233,0.00338606
1,0.0749,0.0532,0.5532,0.4309,0.003984679999999999
1,0.0767,0.0333,0.37,0.6383,0.0025541100000000005
1,0.0333,0.0683,0.2233,0.7292,0.0022743900000000003
1,0.0933,0.0367,0.6667,0.285,0.00342411
1,0.0383,0.0583,0.5558,0.0542,0.00223289
0,0.035,0.0583,0.2025,0.8392,0.0020405
5,0.0832,0.0416,0.7072,0.2121,0.00346112
5,0.0833,0.065,0.875,0.4475,0.0054145
5,0.0333,0.0517,0.8667,0.8842,0.0017216100000000002
5,0.035,0.07,0.5442,0.35,0.0024500000000000004
0,0.035,0.0433,0.5508,0.1833,0.0015155000000000001
0,0.0567,0.0383,0.6633,0.8508,0.00217161
4,0.0383,0.0499,0.8062,0.2879,0.00191117
4,0.0316,0.0349,0.9809,0.1656,0.0011028400000000001
1,0.0467,0.0367,0.3767,0.8933,0.00171389
2,0.0632,0.0599,0.1231,0.6473,0.0037856800000000005
4,0.0233,0.0317,0.95,0.3108,0.00073861
4,0.03,0.0267,0.785,0.1217,0.0008010000000000001
2,0.0683,0.0683,0.7408,0.5825,0.00466489
2,0.0683,0.0567,0.2542,0.5783,0.00387261
2,0.05,0.0533,0.6317,0.7467,0.0026650000000000003
5,0.0233,0.0883,0.9017,0.1408,0.00205739
5,0.0483,0.035,0.0808,0.4208,0.0016905000000000002
5,0.045,0.035,0.1292,0.4392,0.001575
1,0.0433,0.0367,0.63,0.85,0.0015891100000000001
1,0.0467,0.0283,0.6367,0.2708,0.00132161
1,0.045,0.08,0.1725,0.7583,0.0036
1,0.0467,0.0933,0.56,0.4117,0.00435711
1,0.0733,0.035,0.4683,0.9808,0.0025655000000000005
5,0.0483,0.0267,0.7125,0.8367,0.00128961
5,0.0667,0.0233,0.5167,0.955,0.00155411
2,0.0466,0.0349,0.0899,0.8128,0.0016263400000000002
2,0.0466,0.0349,0.025,0.5017,0.0016263400000000002
3,0.0733,0.0717,0.28,0.1658,0.00525561
3,0.055,0.0683,0.8258,0.1958,0.0037565
3,0.0383,0.0367,0.7375,0.1717,0.00140561
3,0.04,0.06,0.7933,0.7883,0.0024
2,0.0366,0.0366,0.4659,0.6938,0.00133956
1,0.0433,0.065,0.4383,0.6042,0.0028145
1,0.04,0.0583,0.175,0.7325,0.002332
5,0.0167,0.1167,0.3367,0.895,0.00194889
5,0.0967,0.035,0.2917,0.3325,0.0033845
5,0.0333,0.0767,0.6517,0.1683,0.0025541100000000005
2,0.035,0.03,0.0742,0.8533,0.0010500000000000002
2,0.035,0.0317,0.3492,0.9825,0.0011095
2,0.0383,0.04,0.7458,0.68,0.0015320000000000002
3,0.0783,0.07,0.8442,0.71,0.005481
3,0.0667,0.0633,0.8317,0.5417,0.004222109999999999
2,0.0467,0.0467,0.5217,0.055,0.00218089
2,0.0517,0.0467,0.5175,0.54,0.00241439
5,0.0532,0.1098,0.8369,0.9418,0.0058413599999999994
5,0.0998,0.0399,0.6073,0.8835,0.00398202
5,0.0516,0.1464,0.5,0.2097,0.00755424
5,0.0616,0.0349,0.9176,0.9792,0.00214984
2,0.0383,0.04,0.1642,0.7317,0.0015320000000000002
2,0.0367,0.0333,0.0233,0.5617,0.0012221100000000002
2,0.0433,0.0367,0.2267,0.355,0.0015891100000000001
2,0.0517,0.0617,0.9725,0.6875,0.00318989
2,0.0683,0.0733,0.7692,0.93,0.00500639
4,0.0283,0.0449,0.4318,0.1722,0.00127067
5,0.0817,0.0467,0.5558,0.9617,0.0038153899999999997
1,0.0583,0.0683,0.6275,0.1475,0.00398189
5,0.0349,0.1115,0.7845,0.8661,0.00389135
5,0.0948,0.0333,0.5682,0.6439,0.00315684
5,0.0865,0.0366,0.6023,0.8852,0.0031658999999999997
5,0.0799,0.0433,0.5291,0.5175,0.0034596699999999998
5,0.05,0.0733,0.835,0.1783,0.0036650000000000003
5,0.0383,0.0883,0.4842,0.5525,0.0033818900000000002
5,0.0867,0.04,0.895,0.45,0.003468
5,0.0333,0.0767,0.3767,0.04,0.0025541100000000005
2,0.0383,0.0367,0.2692,0.8317,0.00140561
2,0.0317,0.035,0.4392,0.6908,0.0011095
2,0.035,0.0417,0.6458,0.8942,0.0014595
3,0.0566,0.0666,0.4376,0.3278,0.0037695600000000004
3,0.0799,0.0666,0.4709,0.594,0.005321340000000001
3,0.0499,0.0799,0.2829,0.0782,0.00398701
3,0.0732,0.0899,0.6606,0.1414,0.006580679999999999
5,0.0516,0.025,0.0275,0.6215,0.0012900000000000001
4,0.07,0.0517,0.56,0.4992,0.0036190000000000007
4,0.04,0.0633,0.18,0.9283,0.002532
2,0.0383,0.0333,0.9342,0.83,0.0012753900000000002
2,0.0317,0.035,0.4542,0.7008,0.0011095
3,0.0567,0.0667,0.56,0.6733,0.0037818899999999996
3,0.08,0.0667,0.5267,0.4067,0.005336
3,0.05,0.08,0.715,0.9233,0.004
3,0.0733,0.09,0.3367,0.86,0.006597
1,0.0667,0.0517,0.1567,0.5608,0.00344839
1,0.0783,0.0417,0.4258,0.8258,0.00326511
3,0.0433,0.0516,0.6339,0.2188,0.00223428
3,0.0582,0.0666,0.7413,0.4309,0.0038761200000000007
1,0.0933,0.0367,0.1,0.6183,0.00342411
1,0.0417,0.0667,0.7575,0.4017,0.00278139
5,0.0998,0.0266,0.2379,0.015,0.00265468
5,0.0815,0.0399,0.1456,0.3644,0.00325185
5,0.0466,0.0998,0.2862,0.3927,0.00465068
5,0.0449,0.1048,0.119,0.119,0.00470552
0,0.0516,0.0366,0.6148,0.0899,0.00188856
0,0.0399,0.0582,0.6606,0.8444,0.00232218
4,0.0483,0.05,0.2408,0.1417,0.0024150000000000005
4,0.0449,0.0449,0.6414,0.9459,0.0020160100000000004
2,0.0532,0.0516,0.8486,0.317,0.0027451199999999998
2,0.0449,0.0499,0.2737,0.7288,0.0022405100000000002
4,0.0433,0.0433,0.817,0.7155,0.00187489
2,0.0466,0.0516,0.4925,0.8777,0.00240456
2,0.0532,0.0516,0.1847,0.317,0.0027451199999999998
2,0.0566,0.0516,0.4226,0.2022,0.00292056
2,0.0582,0.0549,0.2504,0.3236,0.00319518
2,0.055,0.0533,0.4092,0.0767,0.0029315
2,0.03,0.0317,0.5467,0.7492,0.0009509999999999999
2,0.0317,0.0333,0.6258,0.7483,0.00105561
0,0.0433,0.0733,0.1817,0.1183,0.00317389
1,0.0499,0.0865,0.7787,0.8769,0.00431635
0,0.0449,0.0666,0.7196,0.6789,0.0029903400000000006
0,0.0532,0.0549,0.5308,0.5466,0.0029206799999999997
0,0.0416,0.0682,0.3353,0.2388,0.00283712
3,0.0833,0.04,0.92,0.3333,0.003332
3,0.045,0.0617,0.9592,0.6625,0.0027765
3,0.0783,0.03,0.4858,0.8817,0.002349
4,0.0517,0.0383,0.4892,0.6192,0.00198011
4,0.0233,0.0317,0.31,0.4792,0.00073861
1,0.0733,0.0317,0.7167,0.9725,0.0023236100000000003
2,0.0732,0.0649,0.3311,0.3453,0.00475068
2,0.0832,0.0732,0.6456,0.1265,0.00609024
5,0.0233,0.0883,0.3683,0.4742,0.00205739
4,0.0333,0.0317,0.6583,0.4875,0.00105561
1,0.0682,0.0333,0.8295,0.98,0.00227106
1,0.0616,0.0266,0.3785,0.208,0.00163856
1,0.0349,0.0582,0.2205,0.6547,0.00203118
3,0.0617,0.06,0.3008,0.1517,0.0037019999999999996
3,0.05,0.0567,0.4483,0.6417,0.0028350000000000003
3,0.0417,0.0533,0.7642,0.785,0.00222261
5,0.0167,0.19,0.1817,0.4517,0.003173
4,0.0233,0.0267,0.935,0.56,0.00062211
4,0.0317,0.0183,0.8358,0.0108,0.00058011
4,0.0183,0.0233,0.7442,0.28,0.00042639
1,0.06,0.0367,0.545,0.3917,0.002202
1,0.0567,0.0433,0.3717,0.3533,0.00245511
1,0.035,0.05,0.1092,0.5517,0.0017500000000000003
4,0.0417,0.03,0.9458,0.0183,0.001251
4,0.03,0.0233,0.835,0.2167,0.000699
4,0.0317,0.0283,0.4342,0.8725,0.0008971099999999999
4,0.0383,0.0483,0.6192,0.5008,0.00184989
3,0.0316,0.0449,0.4351,0.4101,0.0014188400000000002
3,0.0349,0.0383,0.4251,0.2637,0.00133667
5,0.04,0.0367,0.115,0.9317,0.0014680000000000001
4,0.0267,0.0283,0.7183,0.3075,0.00075561
5,0.0317,0.0967,0.3275,0.6783,0.00306539
5,0.0283,0.0967,0.2842,0.255,0.0027366099999999996
5,0.0283,0.06,0.7308,0.0317,0.0016979999999999999
5,0.0733,0.0283,0.75,0.5742,0.00207439
5,0.0517,0.1033,0.2875,0.06,0.005340610000000001
5,0.0633,0.0583,0.5133,0.2192,0.0036903899999999996
5,0.04,0.1017,0.3667,0.3975,0.0040680000000000004
2,0.035,0.0333,0.5342,0.1867,0.0011655000000000003
2,0.0417,0.035,0.3608,0.4208,0.0014595
0,0.0449,0.0666,0.1339,0.3028,0.0029903400000000006
1,0.0316,0.0749,0.8394,0.5416,0.0023668400000000003
1,0.0283,0.0699,0.4501,0.4809,0.00197817
4,0.0383,0.0317,0.4692,0.1975,0.00121411
3,0.06,0.0567,0.1533,0.82,0.003402
4,0.0383,0.035,0.3858,0.3358,0.0013405000000000001
2,0.05,0.055,0.2433,0.0292,0.0027500000000000003
2,0.055,0.0533,0.5942,0.1383,0.0029315
2,0.0617,0.0617,0.7442,0.2742,0.00380689
2,0.0483,0.065,0.7458,0.6425,0.0031395000000000004
2,0.055,0.0333,0.5708,0.9817,0.0018315000000000002
5,0.03,0.1148,0.817,0.703,0.003444
5,0.03,0.0466,0.9101,0.6156,0.001398
5,0.0467,0.0567,0.14,0.8417,0.00264789
5,0.0533,0.0467,0.555,0.2667,0.00248911
5,0.0667,0.04,0.8617,0.24,0.002668
5,0.0417,0.0533,0.8858,0.0283,0.00222261
4,0.025,0.0333,0.3852,0.8852,0.0008325000000000001
4,0.0383,0.03,0.307,0.0915,0.001149
2,0.0667,0.07,0.1983,0.7983,0.004669
2,0.0683,0.05,0.7458,0.9067,0.003415
2,0.0633,0.0517,0.9667,0.6025,0.00327261
4,0.0283,0.0333,0.4468,0.8319,0.0009423900000000001
4,0.0333,0.0333,0.4859,0.0649,0.0011088900000000002
5,0.0383,0.0733,0.5625,0.7467,0.0028073900000000003
5,0.0817,0.0333,0.7958,0.5433,0.00272061
5,0.0683,0.0633,0.9142,0.815,0.00432339
1,0.0466,0.0815,0.8602,0.7679,0.0037979000000000003
1,0.0449,0.0832,0.8261,0.9018,0.00373568
1,0.0582,0.0765,0.7795,0.4759,0.0044523
1,0.0849,0.0599,0.5183,0.8669,0.0050855100000000006
2,0.0417,0.0383,0.1842,0.6025,0.0015971100000000001
2,0.0367,0.0367,0.23,0.2617,0.0013468900000000003
3,0.0783,0.075,0.4575,0.4825,0.005872499999999999
1,0.0367,0.075,0.095,0.4758,0.0027525
2,0.0667,0.105,0.035,0.4608,0.007003499999999999
2,0.0633,0.0783,0.2617,0.2108,0.004956389999999999
2,0.0715,0.0715,0.6431,0.2288,0.005112249999999999
2,0.045,0.05,0.4725,0.6767,0.00225
0,0.0349,0.03,0.3619,0.777,0.001047
0,0.0433,0.0449,0.2912,0.7013,0.00194417
2,0.0333,0.045,0.0567,0.3242,0.0014985
2,0.0417,0.0417,0.3825,0.3508,0.00173889
0,0.07,0.0433,0.6583,0.1167,0.0030310000000000003
0,0.0633,0.045,0.6117,0.4742,0.0028484999999999995
0,0.07,0.0333,0.8967,0.8417,0.0023310000000000006
0,0.0617,0.0483,0.4292,0.8608,0.0029801100000000002
0,0.03,0.0599,0.198,0.1697,0.001797
0,0.0333,0.0616,0.7271,0.3286,0.0020512800000000004
4,0.035,0.0333,0.3408,0.3217,0.0011655000000000003
2,0.0666,0.0682,0.2313,0.4933,0.00454212
2,0.0383,0.0283,0.7392,0.4958,0.00108389
2,0.0383,0.0383,0.4058,0.8158,0.00146689
2,0.03,0.0367,0.77,0.98,0.001101
2,0.0632,0.0582,0.4576,0.5366,0.0036782400000000006
3,0.0582,0.0483,0.505,0.3087,0.00281106
3,0.0483,0.0699,0.1439,0.4942,0.0033761700000000004
3,0.0582,0.0932,0.104,0.2363,0.00542424
2,0.045,0.0483,0.4258,0.3692,0.0021735
5,0.0517,0.0483,0.4158,0.3792,0.0024971100000000003
5,0.03,0.1217,0.4783,0.4242,0.0036509999999999997
5,0.0333,0.115,0.77,0.7142,0.0038295000000000004
5,0.0333,0.07,0.5533,0.17,0.0023310000000000006
3,0.1967,0.1233,0.705,0.335,0.02425311
3,0.1283,0.1,0.8042,0.7533,0.012830000000000001
3,0.0917,0.12,0.5825,0.8017,0.011004
2,0.0549,0.0599,0.5499,0.0316,0.00328851
2,0.0532,0.0566,0.4759,0.4393,0.0030111199999999995
2,0.0417,0.0367,0.1908,0.2517,0.0015303900000000002
2,0.0417,0.0317,0.6842,0.9008,0.00132189
2,0.0283,0.0317,0.7292,0.2808,0.0008971099999999999
2,0.04,0.0383,0.8917,0.6992,0.0015320000000000002
0,0.0683,0.0383,0.8292,0.5525,0.00261589
0,0.0367,0.0417,0.9117,0.9775,0.0015303900000000002
0,0.0533,0.0567,0.415,0.8933,0.00302211
2,0.0467,0.0483,0.5983,0.4992,0.00225561
1,0.0666,0.0433,0.2529,0.7754,0.0028837800000000003
5,0.035,0.065,0.7025,0.3708,0.002275
5,0.0367,0.0617,0.4833,0.5675,0.0022643900000000002
3,0.0667,0.055,0.335,0.2308,0.0036685
3,0.075,0.075,0.3792,0.6758,0.005625
3,0.0617,0.0733,0.3692,0.4417,0.00452261
0,0.0617,0.05,0.6058,0.4683,0.003085
0,0.0583,0.0367,0.7942,0.8733,0.00213961
0,0.04,0.0583,0.3883,0.5792,0.002332
1,0.0767,0.0483,0.445,0.3808,0.0037046100000000005
1,0.0417,0.1,0.8175,0.1033,0.00417
1,0.045,0.1083,0.4125,0.5592,0.004873499999999999
5,0.0417,0.075,0.1342,0.3608,0.0031275
5,0.0383,0.07,0.7908,0.3733,0.0026810000000000002
5,0.0317,0.08,0.8242,0.1033,0.002536
5,0.0917,0.035,0.5775,0.2992,0.0032095000000000005
5,0.0967,0.0367,0.26,0.525,0.0035488900000000003
5,0.075,0.0283,0.5258,0.6208,0.0021225
5,0.0333,0.0383,0.21,0.9792,0.0012753900000000002
3,0.13,0.0817,0.68,0.0425,0.010621
5,0.0783,0.08,0.2242,0.7317,0.006264
5,0.0317,0.1017,0.4742,0.4242,0.0032238899999999997
5,0.055,0.0683,0.7608,0.3342,0.0037565
5,0.0767,0.0367,0.5967,0.36,0.0028148900000000004
1,0.035,0.0367,0.2442,0.7083,0.0012845000000000003
1,0.045,0.0383,0.0758,0.3842,0.0017235
1,0.0483,0.04,0.3808,0.5167,0.0019320000000000001
3,0.0366,0.0449,0.5291,0.9576,0.00164334
2,0.0667,0.035,0.555,0.9808,0.0023345
2,0.0583,0.06,0.8442,0.8117,0.003498
1,0.0483,0.03,0.2158,0.1667,0.001449
4,0.0349,0.0399,0.8295,0.8319,0.00139251
0,0.0632,0.0666,0.3028,0.8003,0.004209120000000001
2,0.0367,0.0467,0.02,0.175,0.00171389
2,0.0517,0.0433,0.7942,0.0367,0.00223861
5,0.0383,0.0883,0.9092,0.8858,0.0033818900000000002
5,0.0333,0.0783,0.8017,0.3725,0.0026073900000000002
1,0.0283,0.055,0.9275,0.5508,0.0015565
0,0.0549,0.0383,0.5399,0.881,0.00210267
5,0.0583,0.04,0.0308,0.4317,0.002332
5,0.0617,0.035,0.6308,0.1792,0.0021595
0,0.0849,0.0316,0.4418,0.5649,0.0026828400000000006
0,0.0582,0.0216,0.0358,0.3369,0.00125712
0,0.02,0.0383,0.208,0.0208,0.0007660000000000001
0,0.0483,0.025,0.4517,0.0574,0.0012075000000000002
2,0.0483,0.05,0.6392,0.1167,0.0024150000000000005
2,0.0566,0.0516,0.7537,0.5483,0.00292056
2,0.0582,0.0549,0.5815,0.6697,0.00319518
2,0.0549,0.0566,0.5882,0.0649,0.0031073399999999997
5,0.0666,0.03,0.6057,0.3877,0.001998
5,0.0649,0.0549,0.4501,0.5549,0.0035630099999999997
0,0.0733,0.0433,0.1933,0.4617,0.00317389
0,0.0717,0.0417,0.4542,0.0408,0.0029898900000000003
0,0.05,0.0283,0.6733,0.2892,0.001415
5,0.0717,0.0833,0.8708,0.6067,0.00597261
5,0.1267,0.0333,0.5033,0.2833,0.004219110000000001
4,0.035,0.0233,0.2625,0.6067,0.0008155000000000001
4,0.0433,0.0283,0.1667,0.3775,0.0012253899999999998
4,0.0383,0.0283,0.6258,0.1408,0.00108389
0,0.0317,0.0567,0.2775,0.6717,0.00179739
1,0.0449,0.0532,0.8943,0.2296,0.00238868
1,0.0316,0.0483,0.4567,0.723,0.0015262800000000003
1,0.0682,0.0366,0.3885,0.8619,0.00249612
1,0.0316,0.0616,0.1606,0.4734,0.0019465600000000002
4,0.0383,0.0333,0.4601,0.8319,0.0012753900000000002
2,0.0466,0.0483,0.3993,0.5017,0.0022507800000000004
1,0.0317,0.075,0.1575,0.4592,0.0023775
1,0.0283,0.07,0.5475,0.52,0.001981
4,0.0316,0.0349,0.4434,0.49,0.0011028400000000001
4,0.0383,0.0216,0.5166,0.8644,0.00082728
4,0.025,0.0333,0.3852,0.2213,0.0008325000000000001
4,0.0266,0.0316,0.2496,0.8943,0.0008405600000000001
3,0.0566,0.0449,0.4359,0.3369,0.00254134
3,0.0582,0.0466,0.4418,0.5374,0.00271212
3,0.0516,0.0566,0.307,0.4592,0.00292056
4,0.0333,0.0266,0.1847,0.5824,0.0008857800000000001
4,0.0317,0.0267,0.8325,0.5517,0.00084639
4,0.0317,0.0317,0.0642,0.5125,0.00100489
0,0.035,0.0467,0.8992,0.5133,0.0016345
5,0.0333,0.0783,0.6967,0.3675,0.0026073900000000002
5,0.0367,0.08,0.8633,0.5833,0.0029360000000000002
5,0.09,0.0467,0.7033,0.7817,0.004203
0,0.0366,0.0349,0.7072,0.5532,0.00127734
2,0.0467,0.04,0.3867,0.3517,0.0018679999999999999
2,0.0483,0.0583,0.6975,0.2875,0.00281589
4,0.0599,0.0333,0.8602,0.0183,0.0019946700000000005
1,0.0366,0.0699,0.6423,0.3245,0.00255834
4,0.0317,0.0267,0.1625,0.3783,0.00084639
4,0.0383,0.035,0.6992,0.5342,0.0013405000000000001
4,0.04,0.0517,0.23,0.4058,0.002068
3,0.0616,0.0383,0.6597,0.7812,0.00235928
3,0.0499,0.0349,0.9251,0.2121,0.00174151
1,0.0367,0.075,0.7617,0.4758,0.0027525
1,0.0567,0.03,0.395,0.9333,0.001701
1,0.0782,0.0416,0.5715,0.8661,0.00325312
1,0.0715,0.0349,0.6631,0.3369,0.00249535
1,0.0567,0.035,0.6033,0.3425,0.0019845
1,0.07,0.045,0.5183,0.6092,0.00315
4,0.0333,0.0233,0.64,0.1717,0.0007758900000000001
0,0.0433,0.035,0.3417,0.2025,0.0015155000000000001
3,0.0733,0.0883,0.2483,0.7375,0.006472390000000001
2,0.05,0.0633,0.5783,0.4583,0.003165
2,0.0483,0.0433,0.7275,0.1917,0.00209139
2,0.0433,0.045,0.6667,0.8042,0.0019485
2,0.03,0.0333,0.1617,0.55,0.000999
0,0.03,0.0483,0.9384,0.2438,0.001449
0,0.0483,0.0283,0.678,0.5433,0.00136689
0,0.0449,0.0283,0.5416,0.911,0.00127067
1,0.0783,0.0683,0.5108,0.8742,0.005347889999999999
1,0.0683,0.0517,0.8225,0.5608,0.00353111
2,0.0383,0.0333,0.2825,0.56,0.0012753900000000002
2,0.0217,0.05,0.0125,0.8033,0.001085
2,0.0467,0.045,0.7533,0.2092,0.0021015
1,0.0633,0.06,0.4133,0.1967,0.0037979999999999997
1,0.035,0.08,0.4292,0.6533,0.0028000000000000004
1,0.0367,0.0883,0.8183,0.2842,0.0032406100000000005
0,0.045,0.0267,0.1225,0.7733,0.0012015
0,0.0333,0.0433,0.0583,0.3017,0.0014418900000000001
2,0.0283,0.03,0.2625,0.2617,0.0008489999999999999
2,0.025,0.03,0.5142,0.4417,0.00075
2,0.035,0.0333,0.3975,0.5567,0.0011655000000000003
2,0.0383,0.0433,0.7725,0.8167,0.00165839
5,0.0933,0.0317,0.36,0.8458,0.00295761
2,0.0667,0.07,0.365,0.6033,0.004669
2,0.06,0.0667,0.5833,0.9517,0.0040019999999999995
5,0.03,0.0832,0.2928,0.2512,0.002496
5,0.1148,0.0366,0.2621,0.4476,0.00420168
5,0.0466,0.0366,0.025,0.0749,0.00170556
5,0.03,0.0817,0.6433,0.3608,0.0024509999999999996
5,0.0317,0.09,0.4525,0.6017,0.0028529999999999996
5,0.0283,0.08,0.7175,0.6017,0.002264
5,0.0383,0.035,0.9392,0.6342,0.0013405000000000001
4,0.0433,0.0633,0.5867,0.8967,0.0027408899999999997
4,0.0467,0.09,0.5133,0.55,0.004203
4,0.0483,0.0733,0.6325,0.2733,0.0035403900000000005
4,0.0583,0.0633,0.3975,0.79,0.0036903899999999996
5,0.0367,0.105,0.8317,0.0542,0.0038535
0,0.0399,0.0416,0.6988,0.0524,0.0016598399999999999
0,0.0433,0.0483,0.6789,0.2621,0.00209139
0,0.0616,0.0449,0.1606,0.4501,0.0027658400000000003
0,0.0499,0.0549,0.9334,0.1839,0.0027395099999999997
5,0.0483,0.0316,0.5932,0.4251,0.0015262800000000003
5,0.0616,0.0233,0.0324,0.5607,0.0014352800000000001
5,0.025,0.045,0.1625,0.7125,0.001125
4,0.0317,0.0267,0.6958,0.045,0.00084639
4,0.045,0.0367,0.2858,0.105,0.0016515000000000002
0,0.045,0.05,0.6208,0.5667,0.00225
0,0.025,0.0317,0.7258,0.8825,0.0007925
4,0.0283,0.0233,0.5542,0.5283,0.00065939
4,0.0283,0.0367,0.8308,0.2783,0.0010386100000000001
3,0.0433,0.0532,0.7055,0.7038,0.0023035599999999996
3,0.0433,0.0416,0.6223,0.3303,0.00180128
3,0.0433,0.0566,0.975,0.1448,0.0024507799999999996
2,0.0567,0.055,0.4717,0.8125,0.0031185
0,0.05,0.05,0.57,0.8217,0.0025000000000000005
4,0.0383,0.0333,0.8325,0.1683,0.0012753900000000002
3,0.0617,0.06,0.6342,0.7183,0.0037019999999999996
1,0.0316,0.0998,0.0175,0.8602,0.0031536800000000003
0,0.0583,0.0283,0.1692,0.8008,0.0016498899999999998
0,0.06,0.0317,0.3283,0.2708,0.0019019999999999998
5,0.0433,0.0815,0.2879,0.9476,0.00352895
4,0.0417,0.05,0.2258,0.3183,0.002085
1,0.03,0.0715,0.6722,0.9576,0.0021449999999999998
1,0.025,0.0666,0.3319,0.8486,0.0016650000000000002
1,0.0549,0.0283,0.1223,0.1256,0.0015536699999999998
5,0.0216,0.0815,0.2238,0.1855,0.0017604
5,0.0599,0.02,0.5441,0.3661,0.001198
5,0.0682,0.0333,0.4002,0.4309,0.00227106
0,0.0417,0.0533,0.3242,0.0283,0.00222261
0,0.0317,0.0567,0.7342,0.1,0.00179739
0,0.05,0.0383,0.1883,0.3858,0.001915
3,0.0367,0.06,0.7817,0.3383,0.002202
3,0.0333,0.0483,0.2117,0.0725,0.0016083900000000003
2,0.055,0.05,0.1408,0.8917,0.0027500000000000003
2,0.05,0.0517,0.4483,0.5992,0.0025850000000000005
1,0.0683,0.0583,0.2892,0.2242,0.00398189
2,0.1,0.095,0.2983,0.3108,0.009500000000000001
1,0.0383,0.0616,0.6597,0.6015,0.00235928
1,0.0416,0.0616,0.4135,0.2621,0.0025625599999999998
1,0.0599,0.0699,0.1098,0.2895,0.0041870100000000006
0,0.0367,0.0417,0.0933,0.2708,0.0015303900000000002
0,0.06,0.04,0.1183,0.7617,0.0024
0,0.045,0.0267,0.3775,0.045,0.0012015
0,0.0233,0.0367,0.93,0.5533,0.0008551100000000002
5,0.08,0.025,0.885,0.3225,0.002
5,0.05,0.0233,0.8233,0.6133,0.001165
5,0.0217,0.0683,0.5208,0.6775,0.00148211
5,0.04,0.0233,0.78,0.83,0.0009320000000000001
0,0.035,0.04,0.9808,0.33,0.0014000000000000002
5,0.0666,0.0483,0.0349,0.2604,0.0032167800000000007
5,0.0532,0.1298,0.2596,0.0998,0.006905359999999999
5,0.0433,0.0815,0.183,0.6414,0.00352895
0,0.0517,0.0483,0.4908,0.4158,0.0024971100000000003
0,0.0333,0.04,0.6617,0.2367,0.001332
3,0.0717,0.0667,0.5858,0.685,0.00478239
3,0.1033,0.0933,0.55,0.3283,0.00963789
5,0.0998,0.0399,0.9401,0.1248,0.00398202
5,0.0549,0.1314,0.9493,0.3918,0.007213859999999999
2,0.0433,0.045,0.4383,0.7975,0.0019485
2,0.05,0.06,0.62,0.31,0.003
0,0.0483,0.0317,0.3158,0.4608,0.00153111
3,0.055,0.0467,0.2592,0.4167,0.0025685
3,0.04,0.0417,0.3267,0.9342,0.001668
3,0.045,0.035,0.4342,0.9442,0.001575
0,0.04,0.0417,0.7933,0.2558,0.001668
0,0.045,0.0417,0.5542,0.3925,0.0018765
1,0.0383,0.0366,0.2903,0.2446,0.00140178
1,0.0399,0.0466,0.614,0.0765,0.00185934
1,0.0416,0.0499,0.4817,0.381,0.00207584
1,0.0517,0.0417,0.0275,0.4925,0.00215589
1,0.03,0.0817,0.4383,0.3925,0.0024509999999999996
5,0.06,0.04,0.5633,0.705,0.0024
2,0.0599,0.0499,0.8403,0.381,0.0029890100000000003
2,0.0599,0.0616,0.574,0.2604,0.0036898400000000002
3,0.085,0.085,0.2558,0.3958,0.007225000000000001
3,0.0633,0.07,0.285,0.0967,0.004431
3,0.0767,0.1017,0.4367,0.1692,0.00780039
3,0.0783,0.09,0.4225,0.5467,0.0070469999999999994
3,0.08,0.0867,0.4933,0.7533,0.006936
0,0.0667,0.0467,0.35,0.3933,0.0031148899999999995
0,0.0383,0.0717,0.7258,0.6958,0.00274611
2,0.0333,0.0367,0.4067,0.4017,0.0012221100000000002
2,0.0383,0.0333,0.9508,0.56,0.0012753900000000002
2,0.045,0.05,0.6675,0.8033,0.00225
5,0.07,0.0317,0.5117,0.8475,0.002219
5,0.03,0.0517,0.8217,0.7592,0.001551
5,0.0733,0.0217,0.5917,0.8458,0.0015906100000000001
2,0.0967,0.0917,0.8667,0.8625,0.00886739
3,0.0649,0.0882,0.713,0.1406,0.00572418
3,0.0799,0.0666,0.1398,0.2479,0.005321340000000001
3,0.0567,0.055,0.8317,0.7692,0.0031185
3,0.0433,0.04,0.9133,0.6583,0.001732
3,0.06,0.0533,0.2867,0.24,0.003198
2,0.075,0.065,0.2592,0.2292,0.004875
1,0.0683,0.0317,0.6142,0.8525,0.00216511
4,0.0317,0.0283,0.6225,0.6858,0.0008971099999999999
4,0.03,0.045,0.225,0.7892,0.0013499999999999999
3,0.0532,0.0616,0.97,0.3819,0.00327712
3,0.0383,0.0416,0.8943,0.708,0.0015932799999999999
2,0.0316,0.0349,0.2937,0.2704,0.0011028400000000001
2,0.0349,0.0366,0.5283,0.3511,0.00127734
2,0.0316,0.0383,0.8078,0.5965,0.0012102800000000002
4,0.0317,0.0317,0.6475,0.9725,0.00100489
2,0.045,0.0367,0.6575,0.6067,0.0016515000000000002
2,0.0467,0.04,0.3367,0.9167,0.0018679999999999999
2,0.0433,0.0383,0.8917,0.6458,0.00165839
4,0.03,0.0316,0.9384,0.4834,0.0009480000000000001
4,0.0266,0.0466,0.6206,0.0516,0.00123956
4,0.0266,0.03,0.4493,0.3228,0.0007979999999999999
5,0.0483,0.0832,0.703,0.5557,0.00401856
3,0.0466,0.0532,0.3977,0.8419,0.00247912
3,0.0649,0.0915,0.8844,0.1556,0.00593835
3,0.0549,0.0799,0.8128,0.4176,0.00438651
2,0.0483,0.0417,0.5075,0.4108,0.00201411
2,0.0517,0.05,0.1892,0.3017,0.0025850000000000005
2,0.0417,0.0417,0.7242,0.8958,0.00173889
3,0.0583,0.0867,0.0875,0.9317,0.00505461
0,0.0633,0.065,0.22,0.1275,0.0041145
2,0.065,0.0633,0.7542,0.8383,0.0041145
0,0.0317,0.045,0.3708,0.6192,0.0014264999999999998
0,0.0317,0.0467,0.6425,0.385,0.0014803899999999998
0,0.03,0.0383,0.54,0.9792,0.001149
5,0.0533,0.035,0.2167,0.1342,0.0018655000000000002
0,0.045,0.0667,0.8592,0.3883,0.0030015
5,0.03,0.0915,0.1048,0.7113,0.002745
5,0.0349,0.0283,0.8494,0.9293,0.00098767
5,0.03,0.0666,0.9185,0.7488,0.001998
5,0.0566,0.03,0.6339,0.6273,0.0016979999999999999
2,0.0467,0.0483,0.1583,0.6575,0.00225561
2,0.06,0.0533,0.0917,0.46,0.003198
5,0.0917,0.0917,0.2658,0.2158,0.00840889
5,0.12,0.0367,0.54,0.3983,0.004404
5,0.1017,0.03,0.3375,0.1,0.003051
4,0.0383,0.04,0.8675,0.835,0.0015320000000000002
2,0.0417,0.0417,0.3425,0.6042,0.00173889
2,0.0333,0.03,0.525,0.2983,0.000999
2,0.0333,0.04,0.445,0.5167,0.001332
2,0.0333,0.035,0.7717,0.6742,0.0011655000000000003
2,0.045,0.0367,0.2558,0.705,0.0016515000000000002
0,0.0367,0.065,0.795,0.4975,0.0023855000000000005
0,0.055,0.0383,0.1858,0.4808,0.0021065
0,0.0483,0.035,0.3658,0.5792,0.0016905000000000002
0,0.0383,0.0517,0.7375,0.8758,0.00198011
0,0.055,0.0517,0.4542,0.0842,0.0028435
4,0.0317,0.04,0.0542,0.3033,0.001268
4,0.0317,0.0583,0.0175,0.1375,0.0018481099999999998
2,0.0517,0.055,0.8258,0.6675,0.0028435
2,0.0567,0.0683,0.89,0.5758,0.00387261
2,0.055,0.0567,0.6358,0.97,0.0031185
1,0.0416,0.0715,0.6148,0.5017,0.0029743999999999994
1,0.0383,0.0749,0.3203,0.4285,0.00286867
1,0.0649,0.0699,0.7862,0.2795,0.0045365100000000005
4,0.0383,0.0483,0.0825,0.5575,0.00184989
4,0.0317,0.0567,0.1958,0.6083,0.00179739
4,0.0417,0.0283,0.3275,0.7692,0.00118011
4,0.035,0.035,0.5742,0.4458,0.0012250000000000002
4,0.0483,0.04,0.7242,0.3433,0.0019320000000000001
2,0.0466,0.0483,0.5058,0.9093,0.0022507800000000004
1,0.0682,0.0349,0.4517,0.9792,0.00238018
1,0.0333,0.0632,0.6223,0.2512,0.0021045600000000005
1,0.0566,0.0349,0.9684,0.6381,0.00197534
1,0.0399,0.0616,0.1597,0.4651,0.0024578399999999998
1,0.0383,0.0316,0.4534,0.2704,0.0012102800000000002
1,0.06,0.055,0.3967,0.2575,0.0033
1,0.0667,0.0433,0.4117,0.7917,0.0028881099999999997
1,0.0717,0.045,0.6858,0.6408,0.0032264999999999998
2,0.055,0.0583,0.4475,0.9692,0.0032064999999999997
2,0.0533,0.0567,0.5217,0.5617,0.00302211
3,0.0483,0.0717,0.9142,0.7342,0.00346311
2,0.0667,0.0567,0.665,0.3617,0.0037818899999999996
2,0.0633,0.06,0.66,0.6117,0.0037979999999999997
2,0.0683,0.0733,0.7092,0.1567,0.00500639
2,0.06,0.0517,0.75,0.8175,0.003102
1,0.0965,0.0532,0.7388,0.0449,0.0051338
1,0.0965,0.0566,0.5757,0.4293,0.0054619
5,0.0217,0.0633,0.5608,0.3017,0.00137361
5,0.08,0.0283,0.4733,0.5742,0.002264
5,0.075,0.03,0.3542,0.84,0.00225
2,0.0483,0.0583,0.3808,0.1575,0.00281589
2,0.06,0.0583,0.26,0.4242,0.003498
1,0.0417,0.0817,0.8142,0.0425,0.0034068899999999997
1,0.07,0.0533,0.835,0.2933,0.0037310000000000004
2,0.0617,0.0567,0.6625,0.085,0.00349839
1,0.0333,0.0633,0.3267,0.2417,0.00210789
0,0.055,0.0233,0.2225,0.4283,0.0012815
0,0.02,0.0517,0.26,0.8042,0.001034
2,0.0383,0.0333,0.5732,0.3927,0.0012753900000000002
2,0.0399,0.0433,0.7288,0.7171,0.00172767
3,0.04,0.0517,0.6683,0.9508,0.002068
2,0.0417,0.045,0.6475,0.5642,0.0018765
2,0.035,0.035,0.7375,0.1858,0.0012250000000000002
2,0.0383,0.0367,0.8608,0.2133,0.00140561
4,0.0667,0.045,0.6767,0.1642,0.0030015
4,0.075,0.045,0.4542,0.5542,0.003375
4,0.065,0.06,0.2342,0.3983,0.0039
4,0.0733,0.0583,0.8617,0.4808,0.00427339
2,0.0433,0.045,0.81,0.0608,0.0019485
2,0.0367,0.04,0.77,0.4133,0.0014680000000000001
1,0.0566,0.0283,0.8436,0.9742,0.00160178
1,0.0283,0.0549,0.1389,0.495,0.0015536699999999998
1,0.0383,0.0782,0.2288,0.713,0.0029950600000000003
3,0.0416,0.0566,0.7579,0.9218,0.00235456
3,0.0433,0.0399,0.2712,0.7155,0.00172767
3,0.0466,0.0349,0.5973,0.4285,0.0016263400000000002
5,0.12,0.03,0.6383,0.7067,0.0036
5,0.1283,0.03,0.3008,0.5267,0.003849
5,0.1333,0.04,0.5783,0.2667,0.005332
5,0.0617,0.035,0.2958,0.5125,0.0021595
5,0.0833,0.0367,0.4567,0.1017,0.0030571100000000005
5,0.0317,0.07,0.5725,0.2183,0.002219
5,0.0367,0.0617,0.0517,0.2175,0.0022643900000000002
3,0.0567,0.0683,0.4933,0.5408,0.00387261
3,0.0733,0.055,0.9183,0.0292,0.0040315
3,0.07,0.075,0.6867,0.8008,0.00525
3,0.0583,0.0767,0.8192,0.9267,0.00447161
4,0.0483,0.035,0.4475,0.0725,0.0016905000000000002
4,0.0367,0.0367,0.02,0.1767,0.0013468900000000003
4,0.0433,0.0567,0.305,0.7483,0.00245511
1,0.035,0.0683,0.7092,0.1175,0.0023905000000000003
1,0.0517,0.0333,0.3592,0.32,0.0017216100000000002
4,0.0367,0.0383,0.23,0.7442,0.00140561
4,0.0433,0.04,0.7733,0.9617,0.001732
4,0.0467,0.0417,0.7417,0.6025,0.00194739
4,0.0366,0.0399,0.6622,0.386,0.0014603399999999999
1,0.0932,0.0649,0.7621,0.8943,0.00604868
1,0.0715,0.0516,0.4484,0.8344,0.0036894
5,0.0982,0.0233,0.7629,0.2629,0.00228806
1,0.0633,0.0917,0.0433,0.2358,0.00580461
1,0.0533,0.0767,0.43,0.44,0.00408811
0,0.07,0.0383,0.09,0.8142,0.0026810000000000002
4,0.0333,0.0283,0.035,0.6242,0.0009423900000000001
4,0.0283,0.03,0.4158,0.915,0.0008489999999999999
4,0.04,0.0417,0.945,0.5742,0.001668
4,0.0317,0.0233,0.7958,0.1433,0.00073861
1,0.03,0.0732,0.4376,0.2346,0.002196
2,0.0533,0.0567,0.3233,0.0833,0.00302211
3,0.0632,0.0549,0.8353,0.3003,0.00346968
3,0.0582,0.0566,0.9559,0.6389,0.0032941199999999998
3,0.0782,0.0632,0.5483,0.3694,0.0049422400000000005
5,0.0883,0.035,0.3725,0.8908,0.0030905000000000004
5,0.0983,0.0317,0.8658,0.5675,0.00311611
0,0.0433,0.0333,0.3533,0.1167,0.0014418900000000001
0,0.045,0.0267,0.7892,0.7733,0.0012015
0,0.0333,0.0433,0.725,0.3017,0.0014418900000000001
0,0.0533,0.0317,0.7317,0.5475,0.00168961
0,0.0233,0.0483,0.8033,0.9275,0.0011253900000000002
0,0.025,0.04,0.3775,0.7517,0.001
2,0.0983,0.1083,0.6458,0.1925,0.01064589
2,0.025,0.03,0.1808,0.775,0.00075
2,0.035,0.0333,0.0642,0.89,0.0011655000000000003
2,0.035,0.04,0.6758,0.8933,0.0014000000000000002
2,0.0383,0.0383,0.8825,0.6025,0.00146689
0,0.065,0.0517,0.0492,0.5742,0.0033605
0,0.0783,0.04,0.3558,0.7433,0.003132
0,0.0533,0.0867,0.8333,0.4933,0.00462111
3,0.0466,0.0466,0.8719,0.2679,0.0021715600000000003
3,0.0449,0.0549,0.7463,0.3952,0.00246501
3,0.0466,0.0915,0.5524,0.2621,0.0042639
3,0.0666,0.0499,0.6772,0.1231,0.00332334
2,0.0783,0.0783,0.0408,0.1658,0.006130889999999999
1,0.0333,0.0683,0.31,0.4258,0.0022743900000000003
5,0.03,0.1131,0.6356,0.5108,0.003393
5,0.0266,0.1115,0.5957,0.4484,0.0029659
5,0.0832,0.025,0.3527,0.8577,0.00208
3,0.0682,0.0532,0.8378,0.7903,0.0036282399999999996
3,0.0333,0.0915,0.6057,0.8411,0.00304695
3,0.0416,0.1082,0.6048,0.3735,0.00450112
3,0.0799,0.0416,0.4243,0.3369,0.0033238399999999998
4,0.0267,0.0233,0.3983,0.2383,0.00062211
5,0.0317,0.0683,0.9658,0.2975,0.00216511
2,0.0483,0.05,0.0775,0.3017,0.0024150000000000005
1,0.0567,0.0317,0.2883,0.7058,0.00179739
1,0.0733,0.0317,0.2433,0.6258,0.0023236100000000003
0,0.0267,0.055,0.1167,0.6242,0.0014685000000000002
0,0.06,0.0267,0.7283,0.11,0.0016020000000000001
0,0.0517,0.025,0.6192,0.8442,0.0012925000000000002
0,0.0233,0.0433,0.4467,0.8467,0.00100889
4,0.03,0.0266,0.7438,0.9185,0.0007979999999999999
4,0.0316,0.0316,0.4983,0.6098,0.0009985600000000001
4,0.0266,0.0283,0.1714,0.4318,0.0007527799999999999
4,0.0266,0.03,0.376,0.9235,0.0007979999999999999
5,0.0715,0.0399,0.6431,0.8053,0.0028528499999999997
5,0.1015,0.0433,0.3752,0.4542,0.00439495
0,0.0667,0.0383,0.1633,0.5525,0.0025546099999999997
0,0.0367,0.0417,0.245,0.9775,0.0015303900000000002
0,0.0533,0.04,0.5417,0.61,0.002132
0,0.0633,0.0667,0.6967,0.2,0.004222109999999999
0,0.0499,0.0549,0.5807,0.4401,0.0027395099999999997
0,0.0549,0.0499,0.4368,0.1281,0.0027395099999999997
0,0.0433,0.0732,0.1514,0.1913,0.00316956
3,0.0467,0.035,0.0667,0.2408,0.0016345
4,0.0399,0.0399,0.4027,0.6572,0.0015920099999999998
4,0.0349,0.0399,0.1639,0.8319,0.00139251
0,0.0533,0.0483,0.7867,0.0858,0.00257439
0,0.0483,0.0533,0.4742,0.23,0.00257439
0,0.0717,0.0417,0.5375,0.5158,0.0029898900000000003
0,0.0567,0.0383,0.97,0.9392,0.00217161
0,0.0666,0.0416,0.4925,0.9742,0.00277056
0,0.0782,0.0433,0.1556,0.6339,0.00338606
2,0.045,0.0533,0.9192,0.1933,0.0023985
5,0.0667,0.0283,0.7033,0.2825,0.0018876099999999999
5,0.0567,0.025,0.95,0.4008,0.0014175000000000001
1,0.03,0.0433,0.4033,0.47,0.0012989999999999998
4,0.0266,0.025,0.7005,0.713,0.000665
5,0.0283,0.1083,0.2642,0.3108,0.00306489
5,0.0333,0.055,0.2433,0.5625,0.0018315000000000002
4,0.0316,0.0399,0.9426,0.6972,0.00126084
5,0.0783,0.0467,0.5925,0.535,0.00365661
5,0.0767,0.04,0.7417,0.8567,0.0030680000000000004
5,0.0817,0.045,0.8325,0.3558,0.0036764999999999996
5,0.0467,0.0267,0.88,0.985,0.00124689
4,0.03,0.0433,0.9235,0.183,0.0012989999999999998
4,0.0399,0.0266,0.7138,0.4975,0.0010613399999999998
3,0.0266,0.0316,0.015,0.4235,0.0008405600000000001
0,0.045,0.0667,0.3625,0.6467,0.0030015
0,0.035,0.0617,0.7042,0.6225,0.0021595
5,0.0483,0.0267,0.0458,0.8367,0.00128961
4,0.0217,0.035,0.7992,0.2208,0.0007595000000000001
3,0.0499,0.0449,0.8735,0.3469,0.0022405100000000002
3,0.0499,0.0882,0.5108,0.2587,0.00440118
3,0.0466,0.0433,0.8935,0.6173,0.00201778
3,0.0333,0.05,0.8067,0.5683,0.0016650000000000002
3,0.05,0.0467,0.4317,0.8317,0.002335
3,0.0633,0.0467,0.2083,0.105,0.0029561099999999996
3,0.0533,0.0517,0.2217,0.2425,0.0027556100000000004
3,0.0633,0.065,0.2167,0.4842,0.0041145
3,0.0733,0.0733,0.46,0.8183,0.005372890000000001
3,0.07,0.065,0.3867,0.5392,0.00455
2,0.035,0.0433,0.2292,0.77,0.0015155000000000001
0,0.0433,0.0567,0.9483,0.4317,0.00245511
3,0.0767,0.0483,0.1483,0.0258,0.0037046100000000005
3,0.1167,0.1,0.76,0.29,0.01167
5,0.0267,0.07,0.7017,0.315,0.0018690000000000002
5,0.0283,0.0767,0.7658,0.5233,0.00217061
5,0.0533,0.025,0.64,0.0458,0.0013325000000000001
5,0.0283,0.06,0.9042,0.5867,0.0016979999999999999
3,0.0817,0.0783,0.4458,0.6275,0.006397109999999999
3,0.08,0.0783,0.7033,0.2825,0.006264
3,0.0817,0.0783,0.8225,0.5092,0.006397109999999999
0,0.0466,0.0416,0.1631,0.4002,0.00193856
0,0.0566,0.0399,0.2063,0.7404,0.0022583399999999997
3,0.0449,0.0416,0.5599,0.7396,0.00186784
3,0.055,0.0683,0.0292,0.8158,0.0037565
0,0.05,0.0533,0.415,0.51,0.0026650000000000003
0,0.0417,0.035,0.2358,0.3392,0.0014595
0,0.0399,0.0433,0.8802,0.1797,0.00172767
0,0.03,0.0599,0.5308,0.7404,0.001797
0,0.0349,0.0682,0.1606,0.4684,0.00238018
0,0.0433,0.0466,0.0849,0.5341,0.00201778
5,0.1067,0.025,0.2983,0.0308,0.0026675
4,0.075,0.045,0.8792,0.8875,0.003375
4,0.065,0.06,0.6592,0.7317,0.0039
0,0.0333,0.0532,0.5424,0.7854,0.0017715600000000001
0,0.0549,0.0283,0.4784,0.1156,0.0015536699999999998
0,0.0316,0.0549,0.1855,0.1972,0.00173484
2,0.0717,0.0583,0.8858,0.0308,0.00418011
4,0.0682,0.0399,0.5216,0.7088,0.0027211799999999997
4,0.0466,0.0799,0.3444,0.4542,0.0037233400000000003
4,0.0616,0.0566,0.0324,0.3145,0.00348656
4,0.0316,0.0416,0.0175,0.9759,0.00131456
2,0.0667,0.0617,0.6367,0.0508,0.004115389999999999
2,0.0717,0.06,0.7575,0.5333,0.004301999999999999
3,0.0883,0.0733,0.2658,0.28,0.006472390000000001
3,0.0683,0.0817,0.3342,0.4858,0.005580109999999999
3,0.0865,0.0849,0.9268,0.3952,0.00734385
5,0.0633,0.0567,0.2867,0.6333,0.00358911
5,0.0317,0.08,0.8225,0.795,0.002536
5,0.05,0.0533,0.92,0.6483,0.0026650000000000003
0,0.0483,0.0366,0.485,0.8985,0.00176778
5,0.11,0.035,0.3367,0.0975,0.0038500000000000006
5,0.0283,0.0967,0.0158,0.07,0.0027366099999999996
5,0.0233,0.065,0.1483,0.5575,0.0015145000000000002
5,0.0917,0.0317,0.5142,0.2925,0.00290689
1,0.0267,0.055,0.6417,0.4875,0.0014685000000000002
4,0.0283,0.0266,0.6547,0.6822,0.0007527799999999999
4,0.025,0.0266,0.4135,0.6789,0.000665
0,0.05,0.0733,0.97,0.52,0.0036650000000000003
1,0.0783,0.0683,0.1792,0.5275,0.005347889999999999
1,0.0667,0.0517,0.4917,0.2142,0.00344839
1,0.0783,0.0417,0.7592,0.4792,0.00326511
2,0.0383,0.0466,0.1772,0.8253,0.0017847800000000001
2,0.0466,0.0483,0.6123,0.317,0.0022507800000000004
2,0.0449,0.0416,0.2188,0.1423,0.00186784
4,0.0367,0.0333,0.5483,0.5417,0.0012221100000000002
4,0.0417,0.0383,0.7208,0.9792,0.0015971100000000001
4,0.0367,0.0417,0.4133,0.6992,0.0015303900000000002
4,0.0316,0.0283,0.4351,0.9775,0.00089428
1,0.0349,0.0682,0.5799,0.6414,0.00238018
1,0.0383,0.0649,0.1739,0.9126,0.00248567
2,0.0383,0.0582,0.9775,0.4351,0.00222906
2,0.0532,0.0549,0.7171,0.3502,0.0029206799999999997
2,0.0715,0.0765,0.4484,0.0666,0.00546975
2,0.0549,0.0532,0.4118,0.2845,0.0029206799999999997
2,0.035,0.04,0.8308,0.0667,0.0014000000000000002
2,0.0367,0.0333,0.7,0.5467,0.0012221100000000002
4,0.0317,0.0367,0.8242,0.1417,0.00116339
0,0.0417,0.0583,0.4225,0.9675,0.0024311099999999998
4,0.0267,0.0317,0.4517,0.3142,0.00084639
5,0.0549,0.0333,0.7047,0.6589,0.00182817
5,0.0433,0.0333,0.975,0.8636,0.0014418900000000001
2,0.0399,0.0283,0.3444,0.6348,0.0011291699999999999
4,0.0433,0.0383,0.48,0.0242,0.00165839
4,0.0367,0.0433,0.8533,0.1217,0.0015891100000000001
4,0.0449,0.0399,0.6065,0.3278,0.00179151
1,0.075,0.0533,0.4208,0.1933,0.0039975
1,0.0517,0.0517,0.4658,0.4392,0.0026728900000000002
1,0.05,0.0867,0.475,0.7767,0.004335
3,0.0632,0.0666,0.8253,0.2995,0.004209120000000001
3,0.0715,0.0649,0.5416,0.3702,0.00464035
3,0.0749,0.0732,0.3669,0.802,0.005482679999999999
0,0.0317,0.0417,0.8842,0.3542,0.00132189
0,0.025,0.0433,0.2275,0.79,0.0010825
0,0.0417,0.0317,0.6992,0.7258,0.00132189
1,0.0467,0.0683,0.7167,0.0708,0.00318961
1,0.035,0.0717,0.9808,0.3808,0.0025095000000000004
0,0.0366,0.0349,0.0416,0.5532,0.00127734
0,0.0383,0.0383,0.4052,0.5283,0.00146689
2,0.0367,0.04,0.5183,0.13,0.0014680000000000001
2,0.0383,0.0467,0.8192,0.2683,0.00178861
2,0.0383,0.0433,0.3042,0.1833,0.00165839
1,0.0433,0.0499,0.7471,0.2146,0.00216067
1,0.0399,0.0832,0.2446,0.2263,0.0033196799999999998
3,0.0267,0.0367,0.2583,0.7283,0.0009798900000000002
4,0.0283,0.0267,0.3425,0.8783,0.00075561
5,0.0483,0.0316,0.9725,0.3686,0.0015262800000000003
5,0.0316,0.0732,0.7396,0.2246,0.00231312
5,0.0632,0.0383,0.2679,0.6647,0.0024205600000000004
0,0.0367,0.035,0.29,0.4475,0.0012845000000000003
4,0.025,0.0267,0.1558,0.1333,0.0006675000000000001
4,0.0233,0.0283,0.2867,0.2625,0.00065939
4,0.0333,0.0583,0.8733,0.1175,0.00194139
4,0.045,0.0567,0.1542,0.5483,0.0025515
4,0.035,0.0433,0.1775,0.9567,0.0015155000000000001
4,0.04,0.0417,0.45,0.8725,0.001668
4,0.035,0.0367,0.5925,0.695,0.0012845000000000003
5,0.035,0.07,0.2592,0.305,0.0024500000000000004
5,0.1,0.05,0.3883,0.1167,0.005000000000000001
5,0.0783,0.045,0.4642,0.4208,0.0035234999999999997
5,0.0417,0.0833,0.6408,0.8583,0.0034736100000000002
5,0.0865,0.0416,0.3927,0.4301,0.0035983999999999994
5,0.0749,0.03,0.0391,0.2646,0.002247
5,0.0383,0.0733,0.8958,0.4017,0.0028073900000000003
4,0.0516,0.0283,0.7196,0.9825,0.00146028
4,0.0449,0.0449,0.3153,0.52,0.0020160100000000004
5,0.03,0.055,0.5233,0.8092,0.00165
2,0.05,0.045,0.1983,0.3942,0.00225
1,0.0383,0.095,0.2842,0.3342,0.0036385000000000002
1,0.06,0.04,0.0533,0.445,0.0024
4,0.0267,0.035,0.3533,0.6942,0.0009345000000000001
4,0.0283,0.04,0.7592,0.9783,0.001132
1,0.0867,0.0433,0.6067,0.975,0.0037541099999999997
3,0.055,0.0483,0.9525,0.3358,0.0026565
4,0.0366,0.0433,0.4293,0.1181,0.00158478
4,0.0383,0.0499,0.1406,0.2879,0.00191117
4,0.0499,0.0349,0.3245,0.1656,0.00174151
5,0.03,0.0532,0.2097,0.5507,0.0015959999999999998
4,0.0283,0.0266,0.48,0.7637,0.0007527799999999999
4,0.0433,0.0333,0.4176,0.2013,0.0014418900000000001
4,0.0333,0.045,0.7667,0.3642,0.0014985
4,0.04,0.0433,0.8333,0.1933,0.001732
1,0.0467,0.0283,0.5183,0.0592,0.00132161
0,0.03,0.0483,0.5341,0.2388,0.001449
0,0.0399,0.0383,0.1947,0.3103,0.00152817
2,0.04,0.0367,0.6683,0.185,0.0014680000000000001
2,0.0417,0.0333,0.1892,0.4567,0.0013886100000000002
2,0.03,0.04,0.8283,0.595,0.0012
0,0.0333,0.0567,0.9583,0.5083,0.0018881100000000001
0,0.0567,0.0317,0.5783,0.6392,0.00179739
1,0.0683,0.0367,0.5475,0.02,0.0025066100000000003
1,0.0333,0.0633,0.375,0.75,0.00210789
1,0.055,0.035,0.0292,0.3625,0.0019250000000000003
1,0.0417,0.0617,0.8392,0.5358,0.00257289
1,0.0383,0.0317,0.5442,0.7308,0.00121411
1,0.045,0.0883,0.3075,0.3942,0.0039735
1,0.035,0.085,0.7475,0.3208,0.0029750000000000006
2,0.0632,0.0499,0.1764,0.3827,0.0031536800000000003
2,0.0666,0.0616,0.3627,0.2088,0.004102560000000001
0,0.0383,0.0316,0.3453,0.5133,0.0012102800000000002
1,0.0849,0.0483,0.6298,0.7113,0.004100670000000001
3,0.0783,0.0767,0.2125,0.4633,0.00600561
3,0.08,0.0717,0.26,0.1658,0.005736
3,0.0683,0.0917,0.3825,0.4958,0.0062631100000000006
3,0.0583,0.06,0.4608,0.72,0.003498
0,0.0317,0.0483,0.4992,0.3758,0.00153111
0,0.0467,0.0333,0.8167,0.57,0.0015551100000000002
5,0.0932,0.0483,0.6872,0.2604,0.004501560000000001
5,0.0532,0.1298,0.9251,0.0998,0.006905359999999999
5,0.0433,0.0815,0.8486,0.6414,0.00352895
1,0.045,0.0817,0.4558,0.1258,0.0036764999999999996
1,0.0283,0.0667,0.1408,0.0883,0.0018876099999999999
4,0.0266,0.025,0.9601,0.4201,0.000665
4,0.0233,0.0216,0.8469,0.3369,0.00050328
3,0.0782,0.1015,0.896,0.886,0.007937300000000001
0,0.0649,0.0582,0.3586,0.2255,0.00377718
0,0.0832,0.0516,0.0765,0.5233,0.00429312
4,0.0233,0.055,0.3367,0.7642,0.0012815
4,0.0367,0.025,0.1617,0.7442,0.0009175000000000001
1,0.0317,0.075,0.5242,0.6092,0.0023775
1,0.0333,0.0567,0.3833,0.275,0.0018881100000000001
1,0.0633,0.0267,0.465,0.09,0.0016901099999999999
1,0.035,0.0633,0.4192,0.9667,0.0022155
4,0.0433,0.0583,0.64,0.0958,0.0025243899999999996
2,0.05,0.0617,0.0267,0.1458,0.003085
5,0.0533,0.035,0.9717,0.3408,0.0018655000000000002
5,0.0817,0.0383,0.7925,0.6575,0.00312911
5,0.0948,0.0349,0.7662,0.2621,0.0033085199999999997
5,0.1032,0.0349,0.6506,0.2604,0.00360168
1,0.0316,0.0483,0.7895,0.1522,0.0015262800000000003
1,0.0682,0.0366,0.7213,0.2912,0.00249612
5,0.11,0.0333,0.8667,0.88,0.0036630000000000005
4,0.04,0.055,0.12,0.1292,0.0022
3,0.0517,0.0617,0.7858,0.8575,0.00318989
5,0.0333,0.0667,0.485,0.5183,0.00222111
5,0.0417,0.07,0.5925,0.89,0.002919
5,0.0567,0.0617,0.13,0.6558,0.00349839
3,0.0732,0.0882,0.7488,0.2637,0.00645624
5,0.0633,0.0383,0.5917,0.1992,0.00242439
5,0.065,0.0433,0.3475,0.9283,0.0028145
0,0.0617,0.0467,0.4508,0.38,0.0028813899999999997
0,0.045,0.045,0.4958,0.0242,0.002025
0,0.0517,0.0733,0.6658,0.8883,0.0037896100000000005
0,0.07,0.06,0.1067,0.1733,0.004200000000000001
2,0.05,0.055,0.2017,0.5758,0.0027500000000000003
2,0.0533,0.0567,0.3233,0.7483,0.00302211
3,0.0767,0.09,0.04,0.5067,0.006903
3,0.0917,0.1,0.6642,0.64,0.009170000000000001
3,0.1217,0.035,0.3558,0.9808,0.0042595
4,0.0283,0.025,0.5808,0.8425,0.0007075
2,0.075,0.0817,0.9258,0.4525,0.006127499999999999
3,0.07,0.0817,0.2517,0.0725,0.005719
3,0.0767,0.1017,0.4933,0.4775,0.00780039
3,0.07,0.1133,0.1033,0.4417,0.007931
5,0.0783,0.0367,0.7308,0.8033,0.00287361
1,0.0433,0.0383,0.6167,0.7425,0.00165839
0,0.0532,0.0316,0.2662,0.4534,0.0016811200000000001
0,0.0233,0.0483,0.1947,0.074,0.0011253900000000002
0,0.025,0.0399,0.6198,0.2496,0.0009975
5,0.03,0.1115,0.6123,0.5998,0.003345
5,0.1048,0.03,0.8111,0.1331,0.003144
4,0.0267,0.025,0.0367,0.5808,0.0006675000000000001
4,0.0233,0.0217,0.15,0.6642,0.0005056100000000001
4,0.0367,0.0383,0.4333,0.0692,0.00140561
2,0.0583,0.0633,0.7075,0.1233,0.0036903899999999996
3,0.0717,0.065,0.1358,0.7142,0.004660500000000001
3,0.075,0.0817,0.1692,0.8658,0.006127499999999999
4,0.0467,0.0767,0.22,0.1217,0.00358189
4,0.0617,0.0667,0.0642,0.3417,0.004115389999999999
0,0.0267,0.0617,0.1317,0.2442,0.00164739
0,0.0367,0.02,0.7817,0.7083,0.0007340000000000001
3,0.055,0.0567,0.2892,0.3667,0.0031185
4,0.0399,0.0532,0.619,0.8286,0.0021226799999999996
4,0.0433,0.0632,0.411,0.9551,0.0027365600000000003
3,0.0782,0.1015,0.2304,0.886,0.007937300000000001
3,0.0832,0.0998,0.7504,0.7571,0.00830336
0,0.0417,0.0533,0.0892,0.8167,0.00222261
0,0.0567,0.0383,0.3117,0.6708,0.00217161
1,0.0467,0.0467,0.4883,0.5367,0.00218089
1,0.0283,0.0367,0.3458,0.3633,0.0010386100000000001
2,0.0417,0.0433,0.5442,0.205,0.00180561
4,0.0283,0.0317,0.7525,0.1125,0.0008971099999999999
2,0.0383,0.0449,0.4567,0.9409,0.0017196700000000002
2,0.0399,0.0399,0.1481,0.8502,0.0015920099999999998
1,0.0399,0.0383,0.9767,0.7995,0.00152817
1,0.0383,0.0715,0.8278,0.4002,0.00273845
1,0.0316,0.0749,0.5067,0.8744,0.0023668400000000003
1,0.0283,0.0699,0.1173,0.8136,0.00197817
1,0.0333,0.0782,0.2512,0.292,0.0026040600000000005
2,0.0433,0.0467,0.55,0.065,0.0020221099999999997
2,0.0467,0.0517,0.1733,0.5408,0.00241439
2,0.0417,0.0433,0.4725,0.78,0.00180561
4,0.0467,0.04,0.4033,0.0767,0.0018679999999999999
4,0.0467,0.0517,0.975,0.1658,0.00241439
4,0.04,0.0633,0.6067,0.595,0.002532
4,0.0717,0.045,0.8442,0.7992,0.0032264999999999998
1,0.0667,0.0433,0.7467,0.225,0.0028881099999999997
1,0.0566,0.03,0.4193,0.8835,0.0016979999999999999
1,0.0549,0.0366,0.6348,0.8985,0.00200934
1,0.0483,0.03,0.1156,0.8336,0.001449
5,0.0267,0.0667,0.4367,0.9533,0.00178089
4,0.035,0.04,0.3292,0.8633,0.0014000000000000002
4,0.0333,0.035,0.5883,0.4842,0.0011655000000000003
5,0.0998,0.0399,0.2745,0.1248,0.00398202
5,0.0549,0.1314,0.2837,0.3918,0.007213859999999999
5,0.0715,0.0433,0.4551,0.426,0.0030959499999999997
5,0.0616,0.0832,0.5849,0.2446,0.0051251199999999995
3,0.055,0.0567,0.1058,0.375,0.0031185
5,0.0317,0.065,0.4942,0.1442,0.0020605
5,0.02,0.0433,0.5783,0.22,0.000866
1,0.0433,0.05,0.585,0.22,0.002165
1,0.055,0.0583,0.9175,0.4775,0.0032064999999999997
0,0.0283,0.0533,0.5625,0.675,0.0015083899999999999
0,0.0583,0.0267,0.5358,0.4067,0.00155661
0,0.07,0.0333,0.9433,0.2867,0.0023310000000000006
5,0.0283,0.0649,0.8028,0.7196,0.0018366699999999999
5,0.0366,0.1082,0.8502,0.0557,0.00396012
2,0.0317,0.04,0.7758,0.6567,0.001268
2,0.0317,0.045,0.6208,0.3075,0.0014264999999999998
2,0.0333,0.0417,0.2467,0.1275,0.0013886100000000002
0,0.0532,0.0416,0.7471,0.0291,0.00221312
0,0.0366,0.0699,0.2363,0.5175,0.00255834
2,0.0333,0.055,0.0183,0.4692,0.0018315000000000002
2,0.0617,0.06,0.4892,0.44,0.0037019999999999996
5,0.0367,0.04,0.3,0.3933,0.0014680000000000001
5,0.0583,0.02,0.6458,0.1117,0.001166
5,0.0283,0.06,0.9042,0.5917,0.0016979999999999999
4,0.0417,0.0383,0.0825,0.7125,0.0015971100000000001
1,0.0317,0.0833,0.4242,0.6367,0.00264061
0,0.0417,0.0417,0.7125,0.7342,0.00173889
0,0.04,0.0533,0.4533,0.48,0.002132
5,0.0817,0.0333,0.4625,0.89,0.00272061
5,0.0417,0.085,0.7942,0.5992,0.0035445000000000003
5,0.0483,0.1033,0.8708,0.4083,0.004989390000000001
0,0.035,0.0533,0.1442,0.3683,0.0018655000000000002
0,0.0467,0.0433,0.62,0.3333,0.0020221099999999997
0,0.045,0.0417,0.7158,0.5825,0.0018765
5,0.0367,0.0717,0.5233,0.7508,0.0026313900000000004
5,0.0283,0.0617,0.6192,0.1742,0.00174611
4,0.0366,0.03,0.9534,0.4309,0.001098
4,0.0316,0.0283,0.896,0.6997,0.00089428
4,0.0383,0.0349,0.8661,0.322,0.00133667
4,0.03,0.0416,0.1631,0.4634,0.001248
3,0.0832,0.0765,0.4742,0.599,0.0063647999999999995
2,0.06,0.0667,0.3533,0.3317,0.0040019999999999995
2,0.0583,0.065,0.7408,0.5975,0.0037895
2,0.0533,0.0517,0.5583,0.2108,0.0027556100000000004
0,0.0599,0.0516,0.9285,0.0424,0.00309084
0,0.0367,0.035,0.9583,0.4475,0.0012845000000000003
0,0.0383,0.0383,0.5925,0.4725,0.00146689
5,0.0783,0.0283,0.0975,0.5458,0.00221589
5,0.055,0.0217,0.0858,0.1075,0.0011935000000000001
1,0.0333,0.065,0.2033,0.2575,0.0021645
1,0.0383,0.045,0.5175,0.8525,0.0017235
1,0.0717,0.03,0.1642,0.3883,0.0021509999999999997
1,0.0333,0.0683,0.66,0.6042,0.0022743900000000003
1,0.0283,0.0583,0.7492,0.4008,0.0016498899999999998
1,0.04,0.0317,0.0217,0.6442,0.001268
0,0.0367,0.0467,0.1567,0.5283,0.00171389
1,0.05,0.035,0.8967,0.5758,0.0017500000000000003
1,0.0717,0.025,0.6208,0.7875,0.0017925
5,0.04,0.085,0.9633,0.2725,0.0034000000000000002
5,0.0283,0.1083,0.7975,0.6442,0.00306489
5,0.0333,0.055,0.7767,0.8958,0.0018315000000000002
2,0.0417,0.0383,0.4342,0.6275,0.0015971100000000001
2,0.0417,0.0367,0.6875,0.4583,0.0015303900000000002
2,0.035,0.04,0.8292,0.7317,0.0014000000000000002
2,0.04,0.035,0.1883,0.3892,0.0014000000000000002
1,0.0417,0.0533,0.2525,0.9467,0.00222261
1,0.0617,0.0317,0.3375,0.4142,0.00195589
3,0.0517,0.0467,0.7925,0.2067,0.00241439
3,0.0566,0.0899,0.797,0.9168,0.005088339999999999
2,0.0599,0.0732,0.9667,0.8852,0.00438468
2,0.0417,0.0483,0.3508,0.6142,0.00201411
2,0.06,0.05,0.2867,0.3033,0.003
1,0.0416,0.0582,0.2454,0.5416,0.00242112
1,0.0483,0.0349,0.3619,0.8145,0.00168567
2,0.0767,0.0733,0.145,0.6533,0.0056221100000000005
2,0.085,0.0683,0.6008,0.5692,0.005805500000000001
2,0.08,0.08,0.9583,0.385,0.0064
5,0.0633,0.03,0.8567,0.4933,0.0018989999999999999
5,0.0417,0.0183,0.7808,0.5775,0.00076311
1,0.08,0.0433,0.3083,0.7883,0.003464
1,0.065,0.0267,0.3458,0.475,0.0017355
1,0.045,0.0883,0.9708,0.5292,0.0039735
5,0.0815,0.0349,0.6498,0.3253,0.0028443500000000003
3,0.055,0.0667,0.5342,0.225,0.0036685
1,0.07,0.0417,0.88,0.5892,0.002919
1,0.06,0.035,0.36,0.9342,0.0021000000000000003
0,0.045,0.0717,0.1158,0.3425,0.0032264999999999998
0,0.0467,0.065,0.4733,0.3892,0.0030355
0,0.035,0.0717,0.8425,0.1042,0.0025095000000000004
0,0.0517,0.0633,0.8608,0.5717,0.00327261
5,0.0667,0.085,0.1133,0.6958,0.0056695
5,0.0817,0.0517,0.0425,0.3208,0.00422389
5,0.0533,0.035,0.55,0.7042,0.0018655000000000002
5,0.0233,0.0715,0.6739,0.302,0.00166595
5,0.0233,0.0483,0.7138,0.2937,0.0011253900000000002
5,0.0599,0.03,0.8353,0.4859,0.001797
4,0.0283,0.0367,0.5675,0.9167,0.0010386100000000001
4,0.03,0.0417,0.8317,0.5442,0.001251
1,0.0433,0.0333,0.3511,0.1481,0.0014418900000000001
1,0.0316,0.0433,0.3536,0.4443,0.0013682800000000001
2,0.0516,0.0566,0.1073,0.1414,0.00292056
2,0.0532,0.0516,0.3993,0.4484,0.0027451199999999998
5,0.0499,0.1431,0.0266,0.9118,0.00714069
0,0.0517,0.04,0.1842,0.09,0.002068
1,0.0532,0.0366,0.3478,0.782,0.0019471199999999999
3,0.04,0.04,0.5217,0.0783,0.0016
3,0.035,0.0433,0.2175,0.2083,0.0015155000000000001
3,0.0333,0.04,0.4367,0.7533,0.001332
3,0.04,0.0467,0.215,0.7883,0.0018679999999999999
1,0.0383,0.0367,0.5242,0.3967,0.00140561
1,0.0533,0.0367,0.3167,0.7517,0.00195611
5,0.0867,0.04,0.5933,0.475,0.003468
5,0.0883,0.0283,0.2792,0.0158,0.00249889
5,0.0283,0.0765,0.5649,0.8087,0.0021649499999999997
5,0.0283,0.0599,0.4285,0.7454,0.00169517
5,0.0699,0.0366,0.4143,0.0749,0.00255834
0,0.075,0.0567,0.4225,0.095,0.0042525
2,0.0466,0.0416,0.4542,0.9426,0.00193856
2,0.0399,0.0433,0.4859,0.6273,0.00172767
2,0.0466,0.0449,0.2712,0.8095,0.0020923400000000003
0,0.0333,0.0317,0.6033,0.3842,0.00105561
5,0.0333,0.0549,0.6889,0.2438,0.00182817
5,0.0399,0.0532,0.6789,0.0882,0.0021226799999999996
5,0.0666,0.03,0.2729,0.0433,0.001998
5,0.0649,0.0549,0.1173,0.2105,0.0035630099999999997
5,0.0682,0.0333,0.1057,0.7188,0.00227106
4,0.035,0.0317,0.1592,0.2008,0.0011095
2,0.0466,0.0416,0.787,0.4118,0.00193856
2,0.0399,0.0433,0.8186,0.0965,0.00172767
2,0.0466,0.0449,0.604,0.2787,0.0020923400000000003
2,0.0416,0.0383,0.2521,0.2388,0.0015932799999999999
4,0.045,0.04,0.8042,0.43,0.0018
2,0.065,0.0583,0.7408,0.5842,0.0037895
2,0.0667,0.0583,0.2533,0.5792,0.0038886099999999994
2,0.0417,0.0517,0.5542,0.7458,0.00215589
1,0.0417,0.075,0.6408,0.7008,0.0031275
0,0.04,0.0383,0.7433,0.2992,0.0015320000000000002
0,0.0467,0.0417,0.9533,0.3192,0.00194739
0,0.05,0.0483,0.4533,0.6575,0.0024150000000000005
2,0.0717,0.075,0.3475,0.1458,0.0053774999999999995
2,0.0667,0.0833,0.4317,0.6017,0.0055561099999999995
2,0.0783,0.08,0.6158,0.9583,0.006264
5,0.0733,0.0267,0.48,0.8467,0.00195711
5,0.0183,0.06,0.4358,0.9283,0.001098
4,0.025,0.0349,0.8261,0.6398,0.0008725
0,0.0399,0.0666,0.8819,0.3211,0.0026573400000000002
0,0.0433,0.0699,0.4958,0.3411,0.00302667
5,0.0333,0.0667,0.2183,0.495,0.00222111
5,0.0867,0.035,0.2233,0.2108,0.0030345000000000003
5,0.0317,0.0683,0.5192,0.9042,0.00216511
5,0.04,0.0583,0.715,0.8542,0.002332
5,0.0517,0.0633,0.1275,0.4017,0.00327261
0,0.0417,0.0333,0.3358,0.2183,0.0013886100000000002
0,0.0433,0.0433,0.75,0.355,0.00187489
4,0.0367,0.02,0.7217,0.58,0.0007340000000000001
2,0.0633,0.0583,0.1983,0.3358,0.0036903899999999996
2,0.0567,0.05,0.4683,0.2983,0.0028350000000000003
2,0.0583,0.0583,0.9692,0.4425,0.00339889
0,0.0267,0.0433,0.4233,0.54,0.0011561100000000001
0,0.0833,0.0433,0.79,0.0233,0.0036068899999999997
1,0.0732,0.0266,0.5474,0.9834,0.0019471199999999999
1,0.0532,0.0416,0.9567,0.1972,0.00221312
1,0.0566,0.03,0.1148,0.396,0.0016979999999999999
1,0.025,0.0433,0.4567,0.4592,0.0010825
5,0.045,0.1133,0.2342,0.0967,0.0050985
5,0.045,0.1333,0.8808,0.1267,0.0059984999999999995
3,0.06,0.05,0.6117,0.7017,0.003
3,0.055,0.0483,0.5958,0.3008,0.0026565
1,0.0633,0.055,0.2,0.5258,0.0034815
5,0.03,0.1115,0.2795,0.119,0.003345
5,0.03,0.0599,0.3028,0.9667,0.001797
5,0.0266,0.1115,0.2629,0.9309,0.0029659
2,0.035,0.0383,0.8525,0.3942,0.0013405000000000001
0,0.045,0.0283,0.7275,0.2308,0.0012735
0,0.0483,0.0317,0.5292,0.7725,0.00153111
0,0.03,0.0533,0.9617,0.66,0.001599
2,0.0533,0.0533,0.6017,0.2267,0.00284089
2,0.0367,0.04,0.7783,0.8567,0.0014680000000000001
2,0.0433,0.05,0.5117,0.7917,0.002165
3,0.0683,0.0833,0.7108,0.47,0.00568939
2,0.0467,0.0417,0.9433,0.5442,0.00194739
2,0.0367,0.0333,0.6017,0.85,0.0012221100000000002
2,0.0317,0.0367,0.8925,0.85,0.00116339
4,0.035,0.0317,0.7192,0.2825,0.0011095
4,0.0417,0.0317,0.7892,0.6908,0.00132189
0,0.0416,0.0616,0.5316,0.5,0.0025625599999999998
0,0.0349,0.0566,0.5033,0.3461,0.00197534
3,0.065,0.07,0.9292,0.665,0.00455
3,0.0517,0.05,0.7908,0.4133,0.0025850000000000005
0,0.0483,0.0417,0.8358,0.6008,0.00201411
0,0.0567,0.04,0.7917,0.26,0.002268
3,0.0467,0.0383,0.3917,0.4025,0.00178861
3,0.05,0.0383,0.5917,0.1975,0.001915
5,0.08,0.02,0.7183,0.4417,0.0016
5,0.0183,0.0583,0.8992,0.1208,0.00106689
5,0.0317,0.0667,0.9642,0.265,0.00211439
3,0.0617,0.0883,0.3375,0.1758,0.00544811
3,0.0933,0.1217,0.5867,0.5942,0.01135461
3,0.05,0.0317,0.395,0.8392,0.001585
3,0.065,0.0317,0.3358,0.5775,0.0020605
2,0.04,0.0367,0.3817,0.43,0.0014680000000000001
0,0.0333,0.0549,0.2113,0.1606,0.00182817
2,0.035,0.0317,0.8925,0.1358,0.0011095
2,0.0317,0.0283,0.3092,0.1192,0.0008971099999999999
1,0.0599,0.0366,0.7088,0.5874,0.00219234
1,0.0399,0.0499,0.9651,0.5724,0.00199101
0,0.0283,0.0583,0.5658,0.6358,0.0016498899999999998
0,0.035,0.0617,0.0375,0.6225,0.0021595
5,0.12,0.03,0.6383,0.0417,0.0036
3,0.0499,0.0532,0.6007,0.8319,0.00265468
3,0.0566,0.0549,0.8087,0.871,0.0031073399999999997
3,0.0549,0.0616,0.3802,0.5965,0.00338184
4,0.0449,0.0499,0.688,0.2679,0.0022405100000000002
4,0.0566,0.0699,0.9002,0.1314,0.00395634
4,0.0383,0.0499,0.3569,0.2213,0.00191117
4,0.0316,0.0449,0.1772,0.4534,0.0014188400000000002
4,0.0366,0.0483,0.3211,0.3968,0.00176778
1,0.0333,0.0632,0.2895,0.8203,0.0021045600000000005
1,0.0383,0.0316,0.1206,0.8394,0.0012102800000000002
0,0.0349,0.0399,0.6681,0.1098,0.00139251
0,0.0383,0.0316,0.3319,0.1439,0.0012102800000000002
2,0.06,0.05,0.955,0.3033,0.003
2,0.0467,0.0383,0.6633,0.3142,0.00178861
2,0.0467,0.0333,0.975,0.38,0.0015551100000000002
2,0.0433,0.035,0.7933,0.7542,0.0015155000000000001
2,0.0383,0.0367,0.3475,0.1833,0.00140561
2,0.035,0.035,0.8125,0.6625,0.0012250000000000002
4,0.045,0.045,0.3508,0.8258,0.002025
4,0.0533,0.0533,0.26,0.185,0.00284089
4,0.0517,0.0433,0.8125,0.5267,0.00223861
4,0.0517,0.0417,0.8992,0.1058,0.00215589
4,0.0283,0.025,0.5608,0.0658,0.0007075
4,0.0183,0.0333,0.0108,0.165,0.00060939
4,0.025,0.02,0.2792,0.2567,0.0005
5,0.0717,0.0567,0.6975,0.14,0.00406539
2,0.0349,0.0399,0.8344,0.9334,0.00139251
2,0.0366,0.0333,0.9634,0.4542,0.00121878
3,0.035,0.04,0.7992,0.1167,0.0014000000000000002
3,0.0417,0.0433,0.9325,0.11,0.00180561
2,0.035,0.0317,0.5992,0.4075,0.0011095
2,0.0317,0.0367,0.4408,0.95,0.00116339
2,0.0483,0.0433,0.1975,0.6683,0.00209139
5,0.0633,0.0283,0.5567,0.1275,0.0017913899999999997
5,0.0333,0.0917,0.5783,0.2875,0.0030536100000000004
3,0.0733,0.0617,0.5567,0.8525,0.00452261
5,0.0533,0.1083,0.805,0.6658,0.00577239
2,0.04,0.0283,0.6533,0.3658,0.001132
4,0.0399,0.03,0.6689,0.6156,0.001197
4,0.0283,0.0433,0.7363,0.7704,0.0012253899999999998
4,0.0366,0.0333,0.1165,0.9418,0.00121878
4,0.0366,0.0416,0.2512,0.7845,0.00152256
3,0.0582,0.0499,0.1606,0.5008,0.00290418
1,0.0367,0.0733,0.2733,0.675,0.0026901100000000003
3,0.0849,0.0782,0.4285,0.1705,0.006639180000000001
3,0.0666,0.0699,0.411,0.3111,0.004655340000000001
2,0.0333,0.0367,0.3733,0.5683,0.0012221100000000002
1,0.0682,0.0416,0.119,0.4118,0.00283712
1,0.0599,0.0349,0.6373,0.0674,0.0020905100000000003
2,0.0433,0.0417,0.81,0.8492,0.00180561
2,0.0433,0.0433,0.75,0.635,0.00187489
2,0.0367,0.0367,0.6367,0.1617,0.0013468900000000003
2,0.0483,0.0383,0.2008,0.8592,0.00184989
2,0.0416,0.0383,0.896,0.7063,0.0015932799999999999
2,0.0416,0.0366,0.6431,0.8752,0.00152256
2,0.0349,0.0399,0.5017,0.6023,0.00139251
2,0.0366,0.0333,0.6306,0.1231,0.00121878
4,0.025,0.0233,0.6181,0.9418,0.0005825
4,0.0283,0.03,0.4484,0.5657,0.0008489999999999999
1,0.0715,0.0882,0.6997,0.5516,0.0063063
1,0.0932,0.0649,0.4293,0.47,0.00604868
1,0.0699,0.0316,0.8353,0.9809,0.0022088400000000005
1,0.0782,0.0549,0.2255,0.8561,0.00429318
1,0.0715,0.0516,0.1156,0.4101,0.0036894
4,0.0399,0.0416,0.4775,0.8178,0.0016598399999999999
4,0.0383,0.0399,0.1572,0.7105,0.00152817
5,0.0316,0.1797,0.47,0.5191,0.00567852
4,0.0383,0.0367,0.6775,0.4433,0.00140561
4,0.045,0.04,0.0342,0.4367,0.0018
4,0.0517,0.0333,0.9458,0.235,0.0017216100000000002
4,0.0383,0.035,0.5808,0.1425,0.0013405000000000001
0,0.0433,0.0383,0.27,0.9075,0.00165839
0,0.0417,0.0617,0.7608,0.8825,0.00257289
0,0.0433,0.0449,0.975,0.2671,0.00194417
0,0.0333,0.0383,0.3694,0.6581,0.0012753900000000002
0,0.0333,0.0366,0.3311,0.2163,0.00121878
4,0.04,0.0433,0.2833,0.41,0.001732
4,0.0333,0.0667,0.4533,0.7433,0.00222111
4,0.0417,0.0483,0.9775,0.6575,0.00201411
0,0.03,0.0417,0.8033,0.6242,0.001251
0,0.055,0.0333,0.4392,0.9433,0.0018315000000000002
0,0.045,0.0267,0.6258,0.31,0.0012015
0,0.0367,0.0417,0.3183,0.0242,0.0015303900000000002
1,0.0367,0.0517,0.8,0.0592,0.0018973900000000003
1,0.0683,0.03,0.8608,0.4983,0.002049
1,0.0283,0.0567,0.8758,0.655,0.00160461
1,0.035,0.0317,0.0192,0.7475,0.0011095
2,0.0283,0.0333,0.6792,0.4083,0.0009423900000000001
2,0.0417,0.0333,0.5442,0.6833,0.0013886100000000002
4,0.03,0.0367,0.4117,0.535,0.001101
2,0.0583,0.0483,0.7758,0.0258,0.00281589
0,0.0649,0.0765,0.9626,0.5691,0.00496485
0,0.0599,0.0849,0.6489,0.3652,0.0050855100000000006
0,0.0732,0.0499,0.4326,0.9717,0.00365268
5,0.0782,0.0366,0.9326,0.198,0.00286212
5,0.0765,0.03,0.6123,0.7105,0.0022949999999999997
1,0.0317,0.0483,0.8758,0.8492,0.00153111
1,0.0683,0.0367,0.9442,0.71,0.0025066100000000003
4,0.0383,0.0416,0.0973,0.3519,0.0015932799999999999
4,0.0416,0.0566,0.1589,0.1098,0.00235456
2,0.11,0.1,0.1917,0.355,0.011000000000000001
3,0.0383,0.0366,0.2621,0.8286,0.00140178
3,0.0399,0.0599,0.2047,0.213,0.00239001
4,0.0216,0.02,0.6647,0.4409,0.00043200000000000004
0,0.025,0.0417,0.3775,0.7458,0.0010425
5,0.0849,0.0416,0.4617,0.7729,0.00353184
2,0.0582,0.0549,0.9143,0.3236,0.00319518
2,0.0499,0.0449,0.2712,0.1057,0.0022405100000000002
2,0.0499,0.0499,0.4892,0.4809,0.00249001
5,0.0483,0.0833,0.9625,0.445,0.00402339
2,0.05,0.0383,0.445,0.1875,0.001915
5,0.0316,0.0649,0.8378,0.3253,0.0020508400000000004
5,0.02,0.0433,0.7537,0.2496,0.000866
3,0.0632,0.0532,0.8053,0.7854,0.0033622400000000003
3,0.0682,0.0799,0.3968,0.4892,0.00544918
3,0.0732,0.1048,0.5874,0.3719,0.00767136
1,0.0567,0.0917,0.6,0.6042,0.00519939
2,0.0633,0.06,0.7933,0.69,0.0037979999999999997
2,0.0733,0.075,0.5283,0.2992,0.0054975
2,0.065,0.0733,0.4092,0.5167,0.0047645000000000005
4,0.015,0.0467,0.8725,0.1233,0.0007005
3,0.0767,0.08,0.9067,0.1133,0.006136000000000001
2,0.0683,0.05,0.4142,0.56,0.003415
2,0.075,0.0517,0.6392,0.2558,0.0038775
2,0.0667,0.0533,0.64,0.9383,0.0035551099999999998
4,0.0416,0.0333,0.8211,0.5824,0.00138528
4,0.0383,0.0316,0.6314,0.8228,0.0012102800000000002
4,0.0383,0.0399,0.8211,0.7105,0.00152817
4,0.0383,0.0333,0.4418,0.4409,0.0012753900000000002
2,0.0416,0.0383,0.4967,0.8777,0.0015932799999999999
2,0.0316,0.0416,0.0175,0.8211,0.00131456
3,0.0733,0.0833,0.34,0.8883,0.00610589
3,0.065,0.0667,0.1942,0.7017,0.0043355
0,0.0466,0.0283,0.8403,0.2155,0.00131878
0,0.0483,0.0283,0.7413,0.8161,0.00136689
0,0.03,0.0449,0.2446,0.2171,0.001347
0,0.0333,0.0483,0.0733,0.6592,0.0016083900000000003
4,0.03,0.04,0.8767,0.62,0.0012
4,0.0717,0.0667,0.6825,0.1383,0.00478239
5,0.0717,0.0367,0.5992,0.895,0.0026313900000000004
1,0.0767,0.0433,0.745,0.7083,0.00332111
2,0.0449,0.0466,0.0241,0.8602,0.0020923400000000003
2,0.0582,0.0466,0.2521,0.5591,0.00271212
0,0.0433,0.0467,0.4633,0.2167,0.0020221099999999997
5,0.07,0.0333,0.2367,0.4817,0.0023310000000000006
5,0.06,0.0417,0.1867,0.2858,0.002502
5,0.06,0.03,0.5383,0.2017,0.0018
5,0.0283,0.1281,0.52,0.4301,0.0036252299999999997
5,0.0316,0.1581,0.4617,0.5699,0.00499596
5,0.0915,0.0316,0.3869,0.6847,0.0028914
5,0.0349,0.1248,0.1672,0.1805,0.00435552
0,0.0667,0.0417,0.5067,0.0258,0.00278139
0,0.08,0.0433,0.8433,0.3667,0.003464
2,0.0333,0.0367,0.7067,0.235,0.0012221100000000002
2,0.0417,0.0417,0.3358,0.9775,0.00173889
2,0.0433,0.0367,0.77,0.98,0.0015891100000000001
0,0.06,0.0383,0.8467,0.5442,0.002298
1,0.07,0.0367,0.7317,0.5033,0.0025690000000000005
4,0.0383,0.04,0.7092,0.6083,0.0015320000000000002
4,0.0317,0.0367,0.7058,0.3833,0.00116339
0,0.04,0.0417,0.2983,0.2575,0.001668
0,0.0433,0.0483,0.3183,0.0475,0.00209139
0,0.05,0.0517,0.6567,0.5475,0.0025850000000000005
3,0.0433,0.0567,0.7067,0.8117,0.00245511
3,0.0567,0.03,0.4883,0.9717,0.001701
2,0.035,0.04,0.5425,0.0217,0.0014000000000000002
2,0.0383,0.0333,0.2692,0.1633,0.0012753900000000002
0,0.0333,0.0533,0.1233,0.6967,0.00177489
0,0.03,0.0483,0.1317,0.2792,0.001449
0,0.04,0.0383,0.4733,0.2075,0.0015320000000000002
0,0.0317,0.0333,0.8192,0.225,0.00105561
0,0.035,0.045,0.9725,0.2675,0.001575
1,0.05,0.0383,0.27,0.6292,0.001915
4,0.0333,0.0367,0.2,0.8417,0.0012221100000000002
1,0.0433,0.0433,0.8467,0.4417,0.00187489
1,0.045,0.0467,0.5208,0.3717,0.0021015
1,0.0799,0.0899,0.7837,0.381,0.007183009999999999
1,0.0882,0.0732,0.5233,0.2662,0.00645624
1,0.0516,0.0732,0.3519,0.9118,0.00377712
1,0.0666,0.0516,0.7171,0.9709,0.0034365600000000004
5,0.0667,0.03,0.7033,0.2983,0.0020009999999999997
5,0.0283,0.0567,0.4842,0.8433,0.00160461
5,0.0267,0.0567,0.6567,0.84,0.0015138900000000002
5,0.0283,0.0817,0.1242,0.9375,0.0023121099999999996
1,0.0483,0.0983,0.6175,0.9242,0.00474789
1,0.035,0.0667,0.7008,0.4217,0.0023345
3,0.0732,0.0582,0.3344,0.9509,0.00426024
3,0.0316,0.0799,0.114,0.5408,0.0025248400000000004
3,0.0549,0.0566,0.5998,0.4908,0.0031073399999999997
3,0.0483,0.0499,0.3203,0.2097,0.00241017
4,0.03,0.0217,0.7967,0.2558,0.000651
1,0.0715,0.025,0.0441,0.7446,0.0017875
1,0.0867,0.0383,0.8467,0.3692,0.00332061
1,0.075,0.0433,0.7325,0.87,0.0032475
3,0.0617,0.0383,0.3375,0.2192,0.00236311
3,0.05,0.035,0.0717,0.7892,0.0017500000000000003
5,0.08,0.045,0.3833,0.3558,0.0036
5,0.035,0.0417,0.3558,0.9775,0.0014595
5,0.07,0.0317,0.61,0.1208,0.002219
2,0.0483,0.0466,0.4201,0.3295,0.0022507800000000004
3,0.05,0.0467,0.545,0.4917,0.002335
5,0.0682,0.0349,0.5033,0.2188,0.00238018
5,0.0366,0.0882,0.787,0.2238,0.00322812
5,0.0699,0.0333,0.0948,0.5191,0.0023276700000000004
5,0.0599,0.0416,0.1448,0.7146,0.00249184
2,0.0449,0.0499,0.8245,0.4609,0.0022405100000000002
2,0.0699,0.0732,0.7088,0.2962,0.00511668
2,0.0466,0.0566,0.3361,0.2862,0.00263756
3,0.05,0.035,0.49,0.4042,0.0017500000000000003
3,0.0567,0.0383,0.7967,0.5375,0.00217161
5,0.0483,0.0266,0.7596,0.7953,0.00128478
5,0.0233,0.0599,0.1814,0.7421,0.0013956700000000001
1,0.0933,0.045,0.7717,0.6725,0.0041985
1,0.0633,0.0767,0.8633,0.93,0.00485511
1,0.0383,0.045,0.9792,0.3592,0.0017235
1,0.0367,0.05,0.59,0.8933,0.0018350000000000003
1,0.0383,0.0467,0.6175,0.3617,0.00178861
0,0.03,0.0483,0.3917,0.4242,0.001449
0,0.0333,0.0583,0.695,0.7808,0.00194139
0,0.0483,0.0283,0.6542,0.1242,0.00136689
0,0.03,0.04,0.8567,0.8183,0.0012
3,0.0483,0.0449,0.5316,0.8428,0.00216867
3,0.0483,0.0499,0.7346,0.6972,0.00241017
3,0.0399,0.0466,0.6656,0.4077,0.00185934
2,0.0483,0.0383,0.8228,0.0208,0.00184989
2,0.0449,0.0532,0.9609,0.7937,0.00238868
5,0.0617,0.0383,0.4058,0.2875,0.00236311
5,0.0683,0.0317,0.6158,0.0175,0.00216511
5,0.0483,0.0283,0.6275,0.9842,0.00136689
2,0.0683,0.0683,0.2775,0.4375,0.00466489
2,0.06,0.04,0.8733,0.68,0.0024
3,0.0433,0.0567,0.5117,0.7417,0.00245511
5,0.0817,0.04,0.9525,0.2333,0.003268
5,0.0817,0.04,0.9008,0.975,0.003268
1,0.065,0.035,0.9092,0.6742,0.002275
5,0.045,0.0617,0.9758,0.6558,0.0027765
5,0.0733,0.0533,0.63,0.7067,0.0039068900000000005
4,0.045,0.0417,0.6792,0.2975,0.0018765
4,0.0383,0.0433,0.5025,0.6267,0.00165839
2,0.04,0.0417,0.84,0.3092,0.001668
5,0.0483,0.035,0.6142,0.0875,0.0016905000000000002
5,0.045,0.035,0.6625,0.1058,0.001575
4,0.03,0.025,0.4176,0.891,0.00075
4,0.0283,0.0316,0.1156,0.6215,0.00089428
4,0.0366,0.0216,0.5957,0.9093,0.00079056
4,0.03,0.0349,0.5707,0.4218,0.001047
4,0.0416,0.0266,0.3619,0.1581,0.00110656
0,0.0367,0.06,0.3833,0.5967,0.002202
0,0.0333,0.0267,0.215,0.275,0.0008891100000000001
5,0.1,0.04,0.8483,0.4333,0.004
5,0.08,0.035,0.365,0.4575,0.0028000000000000004
1,0.0283,0.0583,0.4542,0.0458,0.0016498899999999998
0,0.0549,0.0333,0.5466,0.1314,0.00182817
5,0.0383,0.08,0.6342,0.8183,0.0030640000000000003
5,0.0367,0.0983,0.6667,0.1425,0.0036076100000000002
5,0.085,0.035,0.3992,0.9325,0.0029750000000000006
5,0.0749,0.0682,0.2754,0.8278,0.0051081799999999995
1,0.03,0.06,0.7267,0.5,0.0018
1,0.065,0.04,0.3192,0.7767,0.0026000000000000003
0,0.065,0.0433,0.3542,0.3633,0.0028145
0,0.06,0.0333,0.3783,0.705,0.001998
5,0.0283,0.0567,0.4842,0.1767,0.00160461
5,0.0267,0.0567,0.6567,0.1733,0.0015138900000000002
5,0.0567,0.0317,0.7617,0.3375,0.00179739
5,0.0283,0.0817,0.1242,0.2708,0.0023121099999999996
5,0.1167,0.0183,0.675,0.9842,0.00213561
2,0.1067,0.0883,0.3167,0.6058,0.00942161
2,0.0583,0.0633,0.7558,0.4383,0.0036903899999999996
2,0.07,0.06,0.8083,0.57,0.004200000000000001
2,0.0767,0.0517,0.6717,0.9725,0.00396539
4,0.0433,0.0383,0.36,0.6475,0.00165839
4,0.0417,0.0383,0.7492,0.7125,0.0015971100000000001
4,0.0266,0.0366,0.7171,0.5574,0.0009735599999999999
4,0.03,0.0333,0.8852,0.3111,0.000999
4,0.0216,0.0383,0.9426,0.5599,0.00082728
3,0.0433,0.0583,0.9767,0.7292,0.0025243899999999996
3,0.05,0.0533,0.6117,0.865,0.0026650000000000003
0,0.0499,0.0449,0.396,0.2787,0.0022405100000000002
0,0.0682,0.0433,0.5815,0.5308,0.0029530599999999995
0,0.0466,0.0333,0.8469,0.4309,0.0015517800000000002
0,0.0266,0.0333,0.4759,0.8519,0.0008857800000000001
3,0.0717,0.0583,0.9558,0.1208,0.00418011
2,0.0467,0.055,0.265,0.6325,0.0025685
0,0.0549,0.0333,0.5466,0.822,0.00182817
0,0.0532,0.0416,0.5541,0.4052,0.00221312
0,0.0499,0.0466,0.787,0.4792,0.00232534
3,0.055,0.0467,0.7908,0.0833,0.0025685
3,0.04,0.0417,0.8583,0.6008,0.001668
3,0.045,0.035,0.9658,0.6108,0.001575
3,0.0533,0.04,0.7683,0.8317,0.002132
3,0.0417,0.0433,0.2092,0.2167,0.00180561
1,0.0667,0.0317,0.575,0.3108,0.00211439
0,0.0433,0.0433,0.9567,0.3517,0.00187489
0,0.0333,0.0483,0.475,0.9325,0.0016083900000000003
4,0.0517,0.0433,0.1142,0.2117,0.00223861
2,0.0383,0.0399,0.8328,0.2696,0.00152817
2,0.0366,0.0333,0.9734,0.4393,0.00121878
2,0.0433,0.0366,0.7704,0.6456,0.00158478
1,0.0333,0.0633,0.3267,0.9083,0.00210789
1,0.07,0.0317,0.3517,0.0358,0.002219
1,0.0217,0.0517,0.3325,0.4625,0.0011218900000000002
1,0.0867,0.0417,0.7617,0.9008,0.00361539
0,0.05,0.0583,0.0417,0.7358,0.002915
4,0.035,0.04,0.0992,0.7267,0.0014000000000000002
4,0.04,0.035,0.07,0.6158,0.0014000000000000002
4,0.04,0.0383,0.4167,0.7408,0.0015320000000000002
0,0.0383,0.035,0.7008,0.8158,0.0013405000000000001
0,0.0317,0.035,0.3208,0.5292,0.0011095
2,0.0683,0.05,0.0808,0.9067,0.003415
2,0.075,0.0517,0.3058,0.6025,0.0038775
2,0.07,0.0533,0.75,0.4833,0.0037310000000000004
3,0.0433,0.0417,0.2667,0.6742,0.00180561
3,0.0367,0.0467,0.2767,0.5667,0.00171389
3,0.0417,0.055,0.4975,0.7642,0.0022935
5,0.1017,0.04,0.3908,0.1167,0.0040680000000000004
5,0.0517,0.1467,0.4975,0.7917,0.00758439
5,0.0617,0.0367,0.0792,0.02,0.0022643900000000002
1,0.0283,0.0317,0.4408,0.8642,0.0008971099999999999
3,0.0649,0.0566,0.1922,0.8136,0.0036733399999999998
3,0.0549,0.0549,0.713,0.6614,0.0030140099999999997
2,0.065,0.06,0.6858,0.225,0.0039
3,0.0483,0.0667,0.1558,0.185,0.0032216099999999998
4,0.04,0.0417,0.8783,0.5808,0.001668
4,0.04,0.0367,0.055,0.3017,0.0014680000000000001
0,0.0417,0.0617,0.4658,0.5008,0.00257289
0,0.045,0.035,0.3825,0.0192,0.001575
0,0.045,0.0417,0.3058,0.7525,0.0018765
1,0.0333,0.065,0.535,0.7408,0.0021645
1,0.0717,0.03,0.4958,0.8717,0.0021509999999999997
0,0.0467,0.055,0.1317,0.5058,0.0025685
2,0.045,0.04,0.7692,0.09,0.0018
2,0.0349,0.0349,0.2621,0.8145,0.00121801
2,0.0383,0.0366,0.1389,0.787,0.00140178
1,0.0367,0.0417,0.825,0.5708,0.0015303900000000002
1,0.0367,0.0333,0.7767,0.6383,0.0012221100000000002
1,0.04,0.0383,0.885,0.7592,0.0015320000000000002
4,0.0317,0.0333,0.6792,0.3417,0.00105561
2,0.0383,0.04,0.4975,0.3983,0.0015320000000000002
2,0.0367,0.0333,0.3567,0.2283,0.0012221100000000002
2,0.0367,0.035,0.2667,0.7358,0.0012845000000000003
2,0.0283,0.0283,0.1875,0.8608,0.00080089
2,0.0433,0.0367,0.5617,0.0217,0.0015891100000000001
4,0.0333,0.04,0.8633,0.3667,0.001332
3,0.0583,0.0617,0.5242,0.5842,0.0035971099999999997
4,0.0316,0.0283,0.5632,0.129,0.00089428
4,0.0383,0.0483,0.3785,0.5,0.00184989
3,0.0366,0.0549,0.792,0.2704,0.00200934
3,0.0366,0.0549,0.7188,0.3552,0.00200934
3,0.0416,0.0566,0.4251,0.589,0.00235456
3,0.0466,0.0349,0.2646,0.0957,0.0016263400000000002
3,0.055,0.0533,0.6342,0.29,0.0029315
3,0.0617,0.065,0.6775,0.2292,0.0040105
3,0.0833,0.085,0.9283,0.4042,0.007080500000000001
3,0.0566,0.0549,0.3677,0.8544,0.0031073399999999997
0,0.0532,0.0666,0.4243,0.0499,0.0035431200000000003
0,0.0416,0.0799,0.2554,0.3561,0.0033238399999999998
0,0.0882,0.0549,0.505,0.8328,0.00484218
0,0.0533,0.03,0.2233,0.6217,0.001599
0,0.0283,0.0533,0.6142,0.5117,0.0015083899999999999
0,0.0467,0.0283,0.2383,0.4642,0.00132161
0,0.0367,0.0383,0.31,0.8042,0.00140561
0,0.0683,0.0467,0.0542,0.705,0.00318961
0,0.05,0.065,0.235,0.0658,0.0032500000000000003
0,0.0717,0.0533,0.4125,0.2,0.00382161
0,0.0467,0.0683,0.52,0.7958,0.00318961
4,0.0317,0.0367,0.8325,0.5383,0.00116339
0,0.0316,0.0316,0.881,0.9809,0.0009985600000000001
0,0.0433,0.0366,0.2829,0.228,0.00158478
0,0.0583,0.0317,0.8592,0.3042,0.0018481099999999998
0,0.0517,0.0283,0.9558,0.4508,0.00146311
0,0.0283,0.0633,0.1592,0.74,0.0017913899999999997
5,0.0467,0.0317,0.025,0.6325,0.0014803899999999998
5,0.0317,0.0733,0.2575,0.7767,0.0023236100000000003
5,0.0633,0.0383,0.73,0.3358,0.00242439
0,0.0283,0.0466,0.9526,0.3777,0.00131878
0,0.0383,0.025,0.4451,0.9293,0.0009575
0,0.0666,0.0383,0.1697,0.4484,0.0025507800000000003
0,0.0366,0.0433,0.0882,0.0233,0.00158478
0,0.0532,0.0566,0.5824,0.1082,0.0030111199999999995
4,0.0483,0.0416,0.1905,0.713,0.00200928
4,0.0449,0.0632,0.3186,0.589,0.0028376800000000004
4,0.0417,0.05,0.9542,0.7667,0.002085
4,0.0283,0.045,0.5658,0.8292,0.0012735
4,0.0267,0.03,0.9783,0.5633,0.0008010000000000001
5,0.0899,0.0333,0.4792,0.4359,0.00299367
5,0.0715,0.0216,0.1889,0.2504,0.0015444
0,0.0433,0.0383,0.0616,0.094,0.00165839
0,0.0483,0.0649,0.6664,0.6431,0.00313467
0,0.0349,0.0466,0.4401,0.5491,0.0016263400000000002
4,0.0366,0.0233,0.777,0.7987,0.00085278
2,0.035,0.0317,0.2242,0.8008,0.0011095
2,0.0317,0.0333,0.2792,0.665,0.00105561
2,0.035,0.03,0.0208,0.6633,0.0010500000000000002
2,0.04,0.035,0.0217,0.3908,0.0014000000000000002
1,0.0533,0.04,0.445,0.6467,0.002132
1,0.0483,0.04,0.5642,0.865,0.0019320000000000001
0,0.0567,0.0333,0.1617,0.2033,0.0018881100000000001
2,0.0433,0.0333,0.3933,0.1117,0.0014418900000000001
3,0.055,0.0417,0.2592,0.5125,0.0022935
3,0.0349,0.0333,0.2671,0.2679,0.0011621700000000001
0,0.0516,0.0366,0.0691,0.421,0.00188856
3,0.0549,0.0616,0.4251,0.7696,0.00338184
1,0.03,0.065,0.715,0.7958,0.00195
2,0.0567,0.0517,0.2433,0.4525,0.0029313900000000003
2,0.0583,0.055,0.4158,0.3308,0.0032064999999999997
2,0.055,0.0567,0.4092,0.9367,0.0031185
3,0.0433,0.055,0.3367,0.5625,0.0023815
3,0.045,0.0567,0.5375,0.5567,0.0025515
3,0.055,0.05,0.4592,0.6917,0.0027500000000000003
4,0.0167,0.0333,0.2033,0.7133,0.0005561100000000001
2,0.0283,0.0433,0.9825,0.1364,0.0012253899999999998
1,0.0466,0.1148,0.8286,0.2354,0.00534968
1,0.0899,0.0483,0.5408,0.1705,0.00434217
1,0.0416,0.0849,0.1922,0.3286,0.00353184
2,0.0566,0.0582,0.1864,0.4717,0.0032941199999999998
5,0.095,0.0333,0.5625,0.69,0.0031635000000000005
5,0.035,0.0633,0.0608,0.39,0.0022155
3,0.065,0.0567,0.2208,0.7283,0.0036855
4,0.0283,0.0267,0.4625,0.4367,0.00075561
2,0.0483,0.0483,0.5542,0.5675,0.0023328900000000002
3,0.0517,0.0483,0.2992,0.0642,0.0024971100000000003
3,0.06,0.0533,0.0633,0.285,0.003198
0,0.0617,0.0367,0.0492,0.42,0.0022643900000000002
3,0.0383,0.0433,0.1339,0.6872,0.00165839
3,0.0349,0.0349,0.6963,0.8777,0.00121801
3,0.0416,0.0499,0.9642,0.7171,0.00207584
3,0.0233,0.0316,0.5641,0.4634,0.0007362800000000001
3,0.0517,0.0617,0.0942,0.1925,0.00318989
3,0.05,0.0767,0.5917,0.585,0.0038350000000000003
3,0.045,0.06,0.5675,0.83,0.0026999999999999997
5,0.0233,0.0749,0.4859,0.0591,0.0017451699999999999
5,0.0416,0.0283,0.1023,0.7779,0.00117728
5,0.0532,0.0233,0.0333,0.2679,0.00123956
0,0.0582,0.0765,0.2371,0.4226,0.0044523
0,0.0433,0.0499,0.6323,0.2978,0.00216067
0,0.06,0.0367,0.12,0.5283,0.002202
1,0.0466,0.1148,0.4958,0.5815,0.00534968
1,0.0899,0.0483,0.208,0.5166,0.00434217
1,0.0516,0.0815,0.6747,0.2471,0.0042054
1,0.0417,0.0617,0.2525,0.2558,0.00257289
1,0.06,0.07,0.5567,0.2283,0.004200000000000001
0,0.0467,0.06,0.4683,0.6867,0.002802
0,0.055,0.0417,0.0358,0.6142,0.0022935
1,0.0599,0.0433,0.4093,0.2879,0.00259367
1,0.0832,0.0516,0.2529,0.0491,0.00429312
5,0.0717,0.0433,0.2225,0.4083,0.00310461
5,0.0417,0.0967,0.7558,0.8133,0.00403239
3,0.0383,0.0582,0.6797,0.5932,0.00222906
3,0.0616,0.0366,0.1872,0.7171,0.00225456
3,0.0383,0.0366,0.2621,0.1647,0.00140178
0,0.0233,0.0416,0.4942,0.0441,0.00096928
0,0.0516,0.0266,0.5017,0.7687,0.0013725599999999999
5,0.1048,0.03,0.1473,0.1331,0.003144
1,0.0533,0.0333,0.7717,0.97,0.00177489
3,0.085,0.065,0.9108,0.2375,0.005525
3,0.0983,0.0817,0.8308,0.4408,0.00803111
3,0.08,0.0683,0.5217,0.3892,0.005464
3,0.1,0.0767,0.1283,0.435,0.007670000000000001
4,0.0483,0.0167,0.7908,0.1283,0.00080661
1,0.085,0.0483,0.8775,0.2192,0.004105500000000001
3,0.0483,0.0532,0.3885,0.8869,0.00256956
3,0.0599,0.0699,0.3195,0.2047,0.0041870100000000006
3,0.0517,0.0617,0.7858,0.1925,0.00318989
3,0.0783,0.0667,0.4892,0.6017,0.005222609999999999
3,0.1033,0.0717,0.3717,0.4108,0.00740661
2,0.045,0.0517,0.4808,0.1225,0.0023265
0,0.035,0.03,0.2408,0.66,0.0010500000000000002
0,0.035,0.0317,0.6275,0.6242,0.0011095
4,0.0333,0.0316,0.3394,0.5133,0.0010522800000000003
4,0.035,0.0283,0.2942,0.6942,0.0009905
4,0.03,0.0283,0.9683,0.3542,0.0008489999999999999
2,0.035,0.035,0.0692,0.1858,0.0012250000000000002
2,0.0383,0.0367,0.4808,0.93,0.00140561
2,0.0517,0.04,0.6458,0.5633,0.002068
2,0.0383,0.0367,0.1925,0.2133,0.00140561
1,0.0733,0.03,0.7833,0.5467,0.002199
1,0.0367,0.0383,0.3083,0.9792,0.00140561
0,0.0467,0.06,0.135,0.1533,0.002802
2,0.0566,0.0349,0.5291,0.0191,0.00197534
2,0.0616,0.0632,0.5582,0.4892,0.0038931200000000003
3,0.0433,0.0533,0.96,0.2967,0.00230789
3,0.0567,0.0567,0.6817,0.8567,0.00321489
1,0.0449,0.0699,0.2205,0.6622,0.00313851
1,0.0467,0.115,0.5017,0.4192,0.0053705
1,0.09,0.0483,0.79,0.4842,0.004347
1,0.0517,0.0817,0.3225,0.7542,0.00422389
2,0.045,0.0367,0.5558,0.1517,0.0016515000000000002
3,0.06,0.0417,0.89,0.6658,0.002502
3,0.0333,0.04,0.185,0.73,0.001332
3,0.0383,0.045,0.6725,0.9342,0.0017235
2,0.0367,0.035,0.34,0.7608,0.0012845000000000003
3,0.0783,0.1017,0.1008,0.1142,0.007963109999999999
4,0.0333,0.0283,0.9533,0.0942,0.0009423900000000001
4,0.025,0.04,0.6892,0.3033,0.001
5,0.0617,0.0383,0.7392,0.8542,0.00236311
5,0.0667,0.0433,0.7783,0.2367,0.0028881099999999997
5,0.0683,0.0367,0.9492,0.5817,0.0025066100000000003
5,0.08,0.035,0.3667,0.3042,0.0028000000000000004
5,0.0817,0.0383,0.5842,0.1375,0.00312911
5,0.0483,0.0917,0.7808,0.2975,0.00442911
5,0.0433,0.0998,0.8785,0.5258,0.00432134
5,0.1082,0.0433,0.7396,0.3644,0.00468506
5,0.0366,0.0682,0.7171,0.1106,0.00249612
5,0.0433,0.0349,0.975,0.3702,0.00151117
5,0.0732,0.0433,0.4443,0.371,0.00316956
5,0.0516,0.0616,0.3869,0.1739,0.00317856
5,0.0433,0.0982,0.1248,0.0507,0.004252059999999999
0,0.0467,0.055,0.4783,0.1742,0.0025685
0,0.0317,0.0533,0.4775,0.785,0.00168961
0,0.04,0.0517,0.06,0.7775,0.002068
0,0.045,0.0483,0.1342,0.5442,0.0021735
0,0.0433,0.0383,0.6033,0.3408,0.00165839
4,0.0283,0.0316,0.2471,0.8877,0.00089428
4,0.0217,0.02,0.3325,0.56,0.00043400000000000003
5,0.0583,0.03,0.1758,0.5167,0.001749
5,0.0583,0.0283,0.1725,0.3442,0.0016498899999999998
5,0.0333,0.0583,0.3367,0.2392,0.00194139
5,0.0833,0.03,0.27,0.8767,0.002499
3,0.08,0.0367,0.8283,0.02,0.0029360000000000002
3,0.0632,0.0549,0.1697,0.3003,0.00346968
3,0.0582,0.0566,0.2903,0.6389,0.0032941199999999998
4,0.0616,0.0649,0.9659,0.1007,0.00399784
4,0.0433,0.0549,0.5424,0.7363,0.0023771699999999996
4,0.0399,0.0549,0.5441,0.114,0.0021905099999999997
0,0.045,0.025,0.3625,0.0142,0.001125
0,0.0483,0.0383,0.0542,0.5042,0.00184989
4,0.03,0.0333,0.2867,0.965,0.000999
4,0.03,0.0367,0.745,0.8667,0.001101
4,0.0217,0.0267,0.8058,0.2217,0.00057939
4,0.025,0.0267,0.1175,0.745,0.0006675000000000001
4,0.035,0.0267,0.0275,0.5683,0.0009345000000000001
3,0.0917,0.0883,0.6775,0.8125,0.008097110000000001
3,0.055,0.1117,0.9708,0.5875,0.0061435
5,0.0383,0.0567,0.9792,0.5383,0.00217161
2,0.0667,0.0683,0.7667,0.5075,0.00455561
0,0.06,0.0367,0.2217,0.98,0.002202
0,0.0333,0.0367,0.805,0.7467,0.0012221100000000002
0,0.04,0.0417,0.3567,0.3042,0.001668
5,0.0367,0.0817,0.2317,0.4025,0.00299839
3,0.07,0.0483,0.0367,0.2892,0.0033810000000000003
3,0.0467,0.055,0.1817,0.8942,0.0025685
3,0.0317,0.045,0.5625,0.5908,0.0014264999999999998
3,0.035,0.0383,0.5725,0.7375,0.0013405000000000001
3,0.0867,0.0717,0.7967,0.5825,0.00621639
0,0.0483,0.0333,0.5982,0.7404,0.0016083900000000003
0,0.0466,0.0266,0.3028,0.3677,0.00123956
4,0.0383,0.04,0.4425,0.3233,0.0015320000000000002
4,0.0417,0.0467,0.4358,0.9667,0.00194739
4,0.035,0.0533,0.2342,0.055,0.0018655000000000002
4,0.0367,0.04,0.1417,0.42,0.0014680000000000001
0,0.06,0.07,0.83,0.3767,0.004200000000000001
0,0.0633,0.0617,0.8733,0.8875,0.0039056099999999995
1,0.065,0.0517,0.4725,0.6008,0.0033605
1,0.055,0.0433,0.5742,0.275,0.0023815
3,0.045,0.04,0.8825,0.1767,0.0018
3,0.09,0.0633,0.7217,0.4467,0.005696999999999999
3,0.0533,0.0533,0.9717,0.5183,0.00284089
0,0.04,0.04,0.4417,0.155,0.0016
0,0.03,0.0517,0.4533,0.0658,0.001551
0,0.0467,0.0217,0.0733,0.1375,0.00101339
0,0.0416,0.0383,0.9326,0.8195,0.0015932799999999999
0,0.0333,0.0433,0.5874,0.3777,0.0014418900000000001
2,0.045,0.05,0.8258,0.77,0.00225
2,0.0366,0.0349,0.6572,0.2404,0.00127734
3,0.0417,0.0567,0.2392,0.0783,0.00236439
3,0.0433,0.04,0.7267,0.285,0.001732
3,0.0467,0.035,0.4,0.5725,0.0016345
2,0.0416,0.0449,0.3502,0.4368,0.00186784
0,0.03,0.0483,0.4633,0.7625,0.001449
0,0.04,0.0383,0.8033,0.6908,0.0015320000000000002
5,0.075,0.06,0.0842,0.7283,0.0045
2,0.0467,0.0467,0.8783,0.4167,0.00218089
2,0.0449,0.0333,0.094,0.9285,0.0014951700000000003
2,0.0383,0.0416,0.0258,0.4617,0.0015932799999999999
1,0.1217,0.06,0.1908,0.29,0.0073019999999999995
5,0.0383,0.1531,0.5965,0.5108,0.005863730000000001
5,0.0882,0.0283,0.6664,0.2138,0.00249606
5,0.11,0.0283,0.6,0.3858,0.003113
5,0.0283,0.1033,0.1325,0.1867,0.00292339
3,0.1117,0.1,0.0925,0.9483,0.01117
3,0.0917,0.1417,0.4208,0.6275,0.01299389
3,0.125,0.085,0.7558,0.2875,0.010625
3,0.1333,0.115,0.4883,0.9408,0.015329500000000001
1,0.0383,0.0616,0.723,0.6514,0.00235928
1,0.0399,0.0782,0.5025,0.3486,0.00312018
1,0.0466,0.0582,0.1481,0.7213,0.00271212
4,0.025,0.025,0.0625,0.3358,0.0006250000000000001
4,0.035,0.0217,0.7625,0.7708,0.0007595000000000001
3,0.0516,0.0349,0.4301,0.8062,0.00180084
3,0.0483,0.0516,0.1672,0.4318,0.00249228
3,0.0483,0.0649,0.8927,0.2088,0.00313467
4,0.0399,0.0316,0.0599,0.099,0.00126084
4,0.03,0.0333,0.213,0.3111,0.000999
2,0.06,0.0617,0.69,0.1458,0.0037019999999999996
4,0.035,0.0533,0.5675,0.815,0.0018655000000000002
4,0.0367,0.0567,0.8433,0.6783,0.00208089
2,0.0383,0.04,0.8308,0.7317,0.0015320000000000002
2,0.0367,0.0333,0.69,0.5617,0.0012221100000000002
2,0.0433,0.0367,0.895,0.355,0.0015891100000000001
0,0.0449,0.0283,0.0241,0.505,0.00127067
5,0.0783,0.0767,0.2692,0.225,0.00600561
5,0.1,0.03,0.5767,0.475,0.003
5,0.0667,0.0533,0.6667,0.7617,0.0035551099999999998
5,0.035,0.075,0.6408,0.5975,0.002625
3,0.0617,0.0683,0.3192,0.6592,0.00421411
5,0.0867,0.03,0.4733,0.2133,0.002601
5,0.0317,0.05,0.4408,0.9733,0.001585
5,0.0217,0.06,0.6875,0.855,0.001302
1,0.0383,0.0948,0.0474,0.6664,0.0036308399999999998
1,0.0599,0.0399,0.2779,0.5557,0.00239001
3,0.0433,0.03,0.41,0.5633,0.0012989999999999998
3,0.0367,0.0333,0.2633,0.5733,0.0012221100000000002
1,0.06,0.07,0.2233,0.7117,0.004200000000000001
2,0.0449,0.0499,0.1722,0.2313,0.0022405100000000002
0,0.0583,0.0467,0.3742,0.0967,0.00272261
2,0.05,0.045,0.4883,0.4708,0.00225
2,0.045,0.0517,0.8125,0.6892,0.0023265
2,0.0433,0.0433,0.27,0.0917,0.00187489
5,0.0666,0.0849,0.8835,0.3053,0.005654340000000001
5,0.0832,0.0516,0.9551,0.6797,0.00429312
5,0.0532,0.0349,0.4476,0.297,0.0018566799999999999
3,0.0366,0.0516,0.9268,0.8228,0.00188856
3,0.0516,0.0349,0.0973,0.475,0.00180084
3,0.0516,0.0799,0.6015,0.0466,0.00412284
3,0.0516,0.0516,0.2088,0.277,0.00266256
4,0.0367,0.0217,0.0683,0.6225,0.0007963900000000001
4,0.035,0.035,0.2408,0.7925,0.0012250000000000002
4,0.0483,0.04,0.3908,0.69,0.0019320000000000001
1,0.07,0.0317,0.6,0.1925,0.002219
1,0.0267,0.045,0.4367,0.9292,0.0012015
2,0.0699,0.0699,0.7471,0.396,0.0048860100000000005
2,0.0549,0.0516,0.5832,0.287,0.0028328399999999997
2,0.0582,0.0649,0.2121,0.7379,0.00377718
2,0.0516,0.0532,0.2288,0.1364,0.0027451199999999998
4,0.0316,0.0449,0.8411,0.4534,0.0014188400000000002
4,0.03,0.0483,0.9817,0.3968,0.001449
0,0.0733,0.0633,0.2317,0.4483,0.00463989
0,0.0417,0.0633,0.6092,0.3317,0.0026396099999999997
4,0.06,0.045,0.7617,0.3608,0.0026999999999999997
1,0.035,0.0433,0.3675,0.9767,0.0015155000000000001
1,0.0933,0.0367,0.375,0.37,0.00342411
1,0.0567,0.0417,0.125,0.2542,0.00236439
2,0.0483,0.0433,0.3286,0.8902,0.00209139
2,0.0366,0.0399,0.9235,0.9667,0.0014603399999999999
2,0.0349,0.0483,0.8095,0.9642,0.00168567
5,0.0217,0.0817,0.1075,0.8158,0.0017728899999999998
2,0.0649,0.0566,0.5183,0.6622,0.0036733399999999998
2,0.0483,0.0483,0.3003,0.5532,0.0023328900000000002
3,0.0667,0.0617,0.6983,0.0325,0.004115389999999999
4,0.0367,0.02,0.3883,0.0133,0.0007340000000000001
4,0.03,0.0383,0.8833,0.5175,0.001149
2,0.035,0.04,0.1625,0.0667,0.0014000000000000002
2,0.0367,0.0333,0.0333,0.5467,0.0012221100000000002
0,0.04,0.0717,0.1483,0.2192,0.002868
0,0.0383,0.06,0.1808,0.4267,0.002298
0,0.055,0.0483,0.4692,0.1825,0.0026565
2,0.0549,0.0483,0.52,0.9343,0.00265167
2,0.0366,0.0399,0.8852,0.1448,0.0014603399999999999
1,0.0849,0.0333,0.6947,0.9551,0.0028271700000000004
1,0.0632,0.0283,0.3744,0.1622,0.00178856
2,0.0467,0.0383,0.475,0.3375,0.00178861
2,0.0433,0.04,0.18,0.235,0.001732
2,0.035,0.05,0.2058,0.7433,0.0017500000000000003
2,0.045,0.0483,0.6292,0.8142,0.0021735
2,0.0417,0.0433,0.7492,0.5833,0.00180561
0,0.055,0.0283,0.5192,0.8858,0.0015565
0,0.0317,0.055,0.8125,0.8042,0.0017435
1,0.0417,0.055,0.6658,0.5875,0.0022935
1,0.0533,0.0333,0.205,0.6367,0.00177489
4,0.0417,0.0483,0.3108,0.6575,0.00201411
4,0.03,0.0383,0.3583,0.5542,0.001149
3,0.0499,0.03,0.4626,0.6156,0.0014969999999999998
2,0.0383,0.0333,0.1975,0.2467,0.0012753900000000002
2,0.0367,0.0367,0.1983,0.84,0.0013468900000000003
2,0.045,0.0367,0.8892,0.685,0.0016515000000000002
0,0.075,0.0567,0.0558,0.6017,0.0042525
0,0.0633,0.045,0.5633,0.0242,0.0028484999999999995
0,0.0433,0.0433,0.2667,0.6867,0.00187489
2,0.065,0.0717,0.2808,0.4842,0.004660500000000001
2,0.0617,0.0683,0.6408,0.3458,0.00421411
1,0.0317,0.0417,0.1475,0.6475,0.00132189
1,0.0417,0.03,0.4442,0.645,0.001251
4,0.0333,0.0316,0.0582,0.6597,0.0010522800000000003
5,0.0283,0.0767,0.3958,0.5067,0.00217061
4,0.0266,0.0333,0.3245,0.8353,0.0008857800000000001
4,0.025,0.02,0.0524,0.7438,0.0005
2,0.0449,0.0333,0.4268,0.396,0.0014951700000000003
2,0.0383,0.0383,0.1922,0.5116,0.00146689
2,0.0666,0.0549,0.5225,0.4018,0.00365634
5,0.0899,0.0399,0.7787,0.0582,0.0035870099999999994
5,0.0416,0.0882,0.881,0.4684,0.0036691199999999997
2,0.09,0.1083,0.605,0.6842,0.009746999999999999
2,0.065,0.06,0.4375,0.245,0.0039
2,0.0617,0.0717,0.5708,0.1925,0.00442389
2,0.0517,0.0783,0.9725,0.3292,0.00404811
2,0.0566,0.0715,0.2978,0.4351,0.004046899999999999
2,0.0517,0.055,0.1342,0.6675,0.0028435
2,0.0567,0.0683,0.1983,0.5758,0.00387261
2,0.055,0.055,0.4542,0.6725,0.003025
0,0.035,0.0483,0.3125,0.9392,0.0016905000000000002
0,0.065,0.0767,0.0342,0.4317,0.0049855
0,0.06,0.085,0.3483,0.6358,0.0051
0,0.0733,0.0517,0.5667,0.0275,0.0037896100000000005
1,0.0566,0.0416,0.7404,0.9742,0.00235456
1,0.0532,0.0499,0.5657,0.1165,0.00265468
3,0.0683,0.0633,0.3358,0.9283,0.00432339
3,0.0483,0.05,0.5875,0.7917,0.0024150000000000005
2,0.0483,0.0516,0.52,0.3436,0.00249228
2,0.0433,0.0483,0.787,0.4118,0.00209139
2,0.0349,0.0383,0.4817,0.0707,0.00133667
2,0.0383,0.0333,0.4817,0.3611,0.0012753900000000002
2,0.0233,0.0383,0.0133,0.6947,0.0008923900000000001
2,0.0765,0.0765,0.396,0.6156,0.00585225
2,0.0815,0.0666,0.4018,0.0749,0.005427900000000001
2,0.03,0.0333,0.865,0.225,0.000999
1,0.0783,0.0233,0.9308,0.9867,0.00182439
1,0.0533,0.085,0.645,0.8792,0.004530500000000001
5,0.0467,0.02,0.7817,0.7233,0.0009339999999999999
2,0.0483,0.0433,0.9376,0.8087,0.00209139
5,0.0233,0.0617,0.8317,0.4792,0.00143761
5,0.03,0.055,0.5567,0.9675,0.00165
4,0.0383,0.0383,0.1242,0.2625,0.00146689
4,0.0383,0.0333,0.2992,0.5017,0.0012753900000000002
5,0.0349,0.0449,0.9742,0.6997,0.0015670100000000002
2,0.0567,0.0333,0.4683,0.9817,0.0018881100000000001
2,0.0617,0.0633,0.4392,0.5117,0.0039056099999999995
4,0.03,0.0267,0.2533,0.7467,0.0008010000000000001
4,0.03,0.03,0.26,0.6633,0.0009
4,0.0267,0.03,0.6217,0.7417,0.0008010000000000001
5,0.0617,0.055,0.8542,0.7375,0.0033935
5,0.0367,0.0383,0.02,0.7742,0.00140561
5,0.075,0.035,0.6575,0.3458,0.002625
4,0.045,0.04,0.7925,0.77,0.0018
0,0.0316,0.025,0.0491,0.5532,0.0007900000000000001
3,0.0583,0.0567,0.3742,0.895,0.00330561
5,0.0649,0.0233,0.6065,0.2213,0.00151217
4,0.0383,0.0333,0.0208,0.1298,0.0012753900000000002
2,0.0483,0.045,0.4092,0.5558,0.0021735
2,0.0417,0.0467,0.7825,0.315,0.00194739
0,0.0467,0.0583,0.1283,0.5208,0.00272261
5,0.0216,0.0616,0.678,0.9659,0.0013305600000000002
0,0.0667,0.04,0.42,0.2067,0.002668
0,0.06,0.0533,0.6217,0.4633,0.003198
0,0.0533,0.0583,0.9383,0.2275,0.00310739
0,0.0883,0.04,0.3608,0.4417,0.0035320000000000004
5,0.0566,0.0632,0.2612,0.8536,0.00357712
5,0.0399,0.0383,0.2246,0.0208,0.00152817
5,0.0366,0.0765,0.6522,0.6572,0.0027999
0,0.0433,0.0383,0.3943,0.6597,0.00165839
1,0.0983,0.0533,0.8608,0.3267,0.00523939
2,0.045,0.0483,0.8608,0.3125,0.0021735
2,0.045,0.0567,0.5592,0.0817,0.0025515
2,0.0617,0.055,0.3475,0.5042,0.0033935
3,0.0767,0.0633,0.6367,0.3517,0.00485511
0,0.0567,0.0467,0.3633,0.9267,0.00264789
0,0.0533,0.03,0.8917,0.6217,0.001599
0,0.0517,0.0367,0.1608,0.5483,0.0018973900000000003
0,0.0433,0.0317,0.625,0.1975,0.0013726099999999998
0,0.035,0.0567,0.9442,0.5617,0.0019845
0,0.0283,0.0467,0.3092,0.375,0.00132161
0,0.0433,0.0383,0.0233,0.6825,0.00165839
4,0.0433,0.0433,0.18,0.285,0.00187489
0,0.0566,0.0466,0.9667,0.6456,0.00263756
0,0.0333,0.0516,0.6489,0.3785,0.0017182800000000002
0,0.0532,0.03,0.4409,0.9501,0.0015959999999999998
1,0.0433,0.1015,0.2063,0.4517,0.00439495
1,0.0417,0.055,0.0992,0.2542,0.0022935
1,0.025,0.0717,0.7208,0.3708,0.0017925
0,0.07,0.0333,0.205,0.1767,0.0023310000000000006
4,0.0317,0.025,0.8358,0.6742,0.0007925
4,0.0183,0.0233,0.7442,0.9467,0.00042639
3,0.0983,0.0817,0.0708,0.1075,0.00803111
1,0.0416,0.0799,0.1855,0.9567,0.0033238399999999998
1,0.0682,0.0532,0.1639,0.7072,0.0036282399999999996
5,0.0383,0.055,0.2358,0.0292,0.0021065
5,0.1117,0.0383,0.5542,0.4408,0.00427811
0,0.0617,0.045,0.1725,0.5508,0.0027765
0,0.0533,0.0367,0.4567,0.98,0.00195611
2,0.0416,0.0449,0.099,0.1805,0.00186784
0,0.0533,0.0433,0.0283,0.6767,0.00230789
0,0.0583,0.0333,0.0992,0.2667,0.00194139
0,0.04,0.0517,0.385,0.8125,0.002068
4,0.0283,0.0283,0.9359,0.4667,0.00080089
4,0.0283,0.0216,0.703,0.5749,0.00061128
4,0.025,0.0233,0.6181,0.2779,0.0005825
5,0.0499,0.0982,0.3344,0.9443,0.00490018
5,0.0499,0.0416,0.1148,0.916,0.00207584
4,0.0416,0.0499,0.7113,0.2346,0.00207584
1,0.0449,0.0782,0.2903,0.7446,0.0035111800000000005
2,0.0416,0.0349,0.0241,0.4634,0.00145184
2,0.0466,0.0499,0.6672,0.1464,0.00232534
0,0.055,0.0333,0.4508,0.87,0.0018315000000000002
4,0.04,0.04,0.2617,0.8767,0.0016
4,0.035,0.04,0.5008,0.7017,0.0014000000000000002
1,0.055,0.0433,0.2792,0.7483,0.0023815
0,0.0383,0.055,0.2108,0.0425,0.0021065
0,0.0483,0.07,0.8058,0.1483,0.0033810000000000003
0,0.065,0.045,0.4042,0.5992,0.002925
0,0.0567,0.0583,0.5867,0.4825,0.00330561
3,0.0715,0.0649,0.1955,0.287,0.00464035
3,0.0749,0.0815,0.1622,0.1356,0.00610435
1,0.0833,0.0567,0.6417,0.77,0.00472311
3,0.0783,0.0417,0.6392,0.7292,0.00326511
4,0.025,0.0383,0.7512,0.5266,0.0009575
4,0.0316,0.0433,0.6464,0.376,0.0013682800000000001
4,0.025,0.0316,0.4484,0.2654,0.0007900000000000001
4,0.0283,0.0266,0.322,0.6938,0.0007527799999999999
0,0.055,0.0267,0.2375,0.1383,0.0014685000000000002
0,0.045,0.0317,0.6408,0.1692,0.0014264999999999998
0,0.04,0.0417,0.1267,0.2558,0.001668
1,0.0483,0.035,0.1075,0.5908,0.0016905000000000002
1,0.045,0.0367,0.6392,0.6183,0.0016515000000000002
1,0.08,0.04,0.9583,0.1467,0.0032
1,0.0517,0.0667,0.7075,0.1683,0.00344839
4,0.0333,0.0317,0.9417,0.3408,0.00105561
4,0.0383,0.0367,0.3925,0.0433,0.00140561
4,0.035,0.03,0.6175,0.04,0.0010500000000000002
0,0.0532,0.0316,0.9318,0.4534,0.0016811200000000001
0,0.0233,0.0483,0.8602,0.074,0.0011253900000000002
3,0.0717,0.0583,0.7742,0.0308,0.00418011
4,0.0283,0.0266,0.8178,0.4975,0.0007527799999999999
4,0.0216,0.025,0.4501,0.4318,0.00054
2,0.0433,0.0433,0.3943,0.3428,0.00187489
0,0.03,0.0599,0.8636,0.1697,0.001797
1,0.0699,0.0483,0.9268,0.7163,0.0033761700000000004
1,0.0732,0.0349,0.6173,0.9792,0.00255468
4,0.0367,0.04,0.2883,0.0833,0.0014680000000000001
3,0.0632,0.0699,0.3794,0.1448,0.004417680000000001
3,0.0749,0.1015,0.2288,0.0724,0.00760235
0,0.05,0.0233,0.9267,0.9217,0.001165
4,0.0316,0.0399,0.1406,0.6955,0.00126084
4,0.0366,0.0366,0.7155,0.7504,0.00133956
1,0.0367,0.0517,0.4667,0.3925,0.0018973900000000003
1,0.03,0.0633,0.8183,0.4783,0.0018989999999999999
1,0.0683,0.03,0.5275,0.8317,0.002049
1,0.0283,0.0383,0.5425,0.9792,0.00108389
1,0.1133,0.045,0.5817,0.5025,0.0050985
1,0.0467,0.0883,0.5167,0.7908,0.00412361
1,0.08,0.05,0.2467,0.3233,0.004
4,0.0483,0.0499,0.7562,0.8586,0.00241017
2,0.0417,0.035,0.1825,0.0242,0.0014595
2,0.0383,0.0467,0.3708,0.2133,0.00178861
2,0.03,0.035,0.2333,0.5625,0.0010500000000000002
4,0.0366,0.0433,0.7953,0.7571,0.00158478
4,0.0416,0.0433,0.1705,0.5973,0.00180128
4,0.0399,0.0499,0.9584,0.2995,0.00199101
2,0.0449,0.0483,0.5715,0.6314,0.00216867
0,0.0283,0.0433,0.5175,0.65,0.0012253899999999998
4,0.0349,0.0316,0.4035,0.9592,0.0011028400000000001
0,0.0267,0.0583,0.6133,0.3275,0.00155661
2,0.04,0.045,0.9433,0.5442,0.0018
2,0.0417,0.0383,0.6275,0.5125,0.0015971100000000001
2,0.0433,0.045,0.81,0.7275,0.0019485
2,0.0433,0.0783,0.0233,0.5992,0.0033903899999999996
2,0.0667,0.0583,0.475,0.6558,0.0038886099999999994
1,0.0267,0.045,0.9417,0.5175,0.0012015
2,0.0667,0.0667,0.8383,0.2467,0.00444889
0,0.0399,0.0383,0.0899,0.5433,0.00152817
3,0.0699,0.0566,0.1864,0.03,0.00395634
3,0.1165,0.0865,0.386,0.6755,0.01007725
1,0.0349,0.0566,0.6248,0.3411,0.00197534
2,0.0617,0.0583,0.8725,0.9692,0.0035971099999999997
3,0.0366,0.0449,0.8619,0.6265,0.00164334
3,0.0499,0.0366,0.3012,0.6822,0.00182634
3,0.0499,0.03,0.1298,0.2845,0.0014969999999999998
1,0.0632,0.0483,0.7338,0.2804,0.0030525600000000006
1,0.0832,0.0333,0.812,0.416,0.00277056
1,0.0383,0.0782,0.4717,0.089,0.0029950600000000003
2,0.045,0.0517,0.9292,0.7025,0.0023265
2,0.0467,0.05,0.4467,0.475,0.002335
1,0.055,0.0267,0.6025,0.185,0.0014685000000000002
1,0.0333,0.05,0.33,0.1933,0.0016650000000000002
1,0.0433,0.0367,0.2817,0.84,0.0015891100000000001
4,0.03,0.0283,0.3,0.3542,0.0008489999999999999
1,0.1133,0.045,0.9267,0.8342,0.0050985
1,0.08,0.05,0.5917,0.655,0.004
1,0.04,0.0433,0.73,0.29,0.001732
1,0.075,0.035,0.8558,0.2958,0.002625
1,0.0867,0.07,0.5517,0.2983,0.006069000000000001
1,0.0633,0.0917,0.47,0.5692,0.00580461
1,0.0317,0.0683,0.9825,0.1625,0.00216511
1,0.0533,0.0767,0.8567,0.7733,0.00408811
1,0.05,0.07,0.41,0.8833,0.0035000000000000005
1,0.08,0.0433,0.3083,0.1217,0.003464
1,0.07,0.0367,0.4183,0.6583,0.0025690000000000005
0,0.055,0.04,0.4608,0.5067,0.0022
0,0.0433,0.0417,0.4417,0.2308,0.00180561
0,0.0449,0.0283,0.4584,0.4235,0.00127067
0,0.035,0.0283,0.2925,0.4625,0.0009905
0,0.0417,0.0483,0.4992,0.2242,0.00201411
3,0.0633,0.065,0.6367,0.3875,0.0041145
4,0.02,0.0517,0.5033,0.1125,0.001034
4,0.0283,0.0567,0.1308,0.1083,0.00160461
4,0.0217,0.035,0.6442,0.3375,0.0007595000000000001
4,0.0216,0.0499,0.1223,0.7837,0.00107784
4,0.015,0.0715,0.5083,0.5782,0.0010724999999999999
4,0.0483,0.0166,0.5416,0.3411,0.0008017800000000001
4,0.0383,0.0433,0.2571,0.2879,0.00165839
4,0.0516,0.0399,0.5815,0.5258,0.0020588399999999997
0,0.035,0.0483,0.4158,0.9325,0.0016905000000000002
5,0.09,0.0467,0.7033,0.115,0.004203
5,0.0333,0.0367,0.9817,0.52,0.0012221100000000002
3,0.0683,0.0633,0.3358,0.2617,0.00432339
3,0.0483,0.05,0.5875,0.125,0.0024150000000000005
4,0.0483,0.0166,0.8744,0.8719,0.0008017800000000001
5,0.0832,0.0349,0.9551,0.6814,0.00290368
5,0.0732,0.0349,0.9601,0.1273,0.00255468
5,0.0815,0.0383,0.7479,0.2937,0.00312145
5,0.0483,0.0915,0.5499,0.1339,0.00441945
5,0.0383,0.0899,0.1456,0.4393,0.0034431699999999997
3,0.0417,0.0333,0.3458,0.2167,0.0013886100000000002
3,0.0817,0.06,0.2958,0.8467,0.004901999999999999
5,0.0783,0.0367,0.1825,0.635,0.00287361
5,0.0967,0.035,0.8583,0.6658,0.0033845
5,0.0333,0.0833,0.0683,0.4,0.00277389
4,0.0433,0.0317,0.6367,0.7675,0.0013726099999999998
4,0.0417,0.04,0.8075,0.8333,0.001668
2,0.0317,0.0417,0.9825,0.0225,0.00132189
2,0.035,0.06,0.9808,0.265,0.0021000000000000003
2,0.0317,0.0567,0.9825,0.6783,0.00179739
2,0.0733,0.07,0.1517,0.26,0.005131000000000001
2,0.0633,0.0667,0.3533,0.78,0.004222109999999999
2,0.075,0.0433,0.5958,0.9767,0.0032475
4,0.03,0.025,0.5117,0.4242,0.00075
4,0.0283,0.0283,0.7275,0.5342,0.00080089
4,0.0283,0.0217,0.9625,0.4258,0.00061411
5,0.0815,0.0283,0.723,0.9626,0.00230645
5,0.0765,0.0283,0.8636,0.901,0.0021649499999999997
2,0.0367,0.0367,0.5267,0.5133,0.0013468900000000003
2,0.0433,0.0417,0.2783,0.5158,0.00180561
2,0.0433,0.0433,0.2183,0.3017,0.00187489
5,0.065,0.025,0.5792,0.7708,0.0016250000000000001
5,0.05,0.0233,0.2917,0.28,0.001165
5,0.04,0.0233,0.2483,0.4967,0.0009320000000000001
2,0.0533,0.0467,0.7033,0.0717,0.00248911
2,0.0517,0.0483,0.4742,0.5542,0.0024971100000000003
0,0.0782,0.0433,0.8211,0.6339,0.00338606
0,0.0399,0.0349,0.0599,0.307,0.00139251
2,0.04,0.035,0.8567,0.4275,0.0014000000000000002
2,0.0417,0.0317,0.6842,0.2358,0.00132189
2,0.04,0.0383,0.8917,0.0342,0.0015320000000000002
4,0.035,0.0417,0.6325,0.2342,0.0014595
4,0.04,0.0483,0.0383,0.2408,0.0019320000000000001
5,0.0682,0.0349,0.8128,0.911,0.00238018
5,0.0632,0.0582,0.6755,0.5566,0.0036782400000000006
5,0.0549,0.0749,0.6248,0.2055,0.004112009999999999
3,0.0732,0.0715,0.7171,0.8344,0.005233799999999999
3,0.0566,0.0682,0.173,0.8045,0.0038601199999999994
2,0.0333,0.0366,0.9235,0.0682,0.00121878
2,0.0416,0.0333,0.3586,0.6506,0.00138528
0,0.0583,0.04,0.3808,0.2017,0.002332
4,0.0333,0.0516,0.5641,0.4684,0.0017182800000000002
4,0.0499,0.0433,0.4393,0.629,0.00216067
4,0.0449,0.0399,0.8594,0.5707,0.00179151
5,0.085,0.0467,0.4542,0.8467,0.0039695
5,0.04,0.05,0.6317,0.8583,0.002
5,0.0433,0.055,0.7983,0.8558,0.0023815
5,0.04,0.075,0.0567,0.8775,0.003
2,0.0383,0.0449,0.7895,0.4101,0.0017196700000000002
2,0.0233,0.0416,0.0133,0.3236,0.00096928
2,0.0399,0.0399,0.4809,0.3195,0.0015920099999999998
2,0.0466,0.0483,0.4809,0.6464,0.0022507800000000004
5,0.065,0.025,0.0475,0.4375,0.0016250000000000001
2,0.045,0.0467,0.9092,0.6067,0.0021015
2,0.0383,0.0367,0.4425,0.4083,0.00140561
0,0.0617,0.0267,0.4342,0.855,0.00164739
0,0.0217,0.0567,0.0858,0.7683,0.00123039
3,0.0549,0.0666,0.2221,0.2413,0.00365634
0,0.0632,0.0283,0.7537,0.1323,0.00178856
0,0.0216,0.0383,0.2903,0.7812,0.00082728
2,0.0483,0.0433,0.2308,0.16,0.00209139
0,0.0649,0.0416,0.6298,0.9759,0.00269984
0,0.0599,0.0849,0.3161,0.7895,0.0050855100000000006
4,0.0317,0.0267,0.6958,0.7117,0.00084639
4,0.045,0.0367,0.2858,0.7717,0.0016515000000000002
4,0.0367,0.03,0.7667,0.7267,0.001101
1,0.055,0.07,0.1908,0.5917,0.0038500000000000006
1,0.075,0.0383,0.5008,0.2125,0.0028725
1,0.0417,0.08,0.5508,0.735,0.003336
1,0.0567,0.0833,0.3167,0.895,0.00472311
1,0.0717,0.1,0.1408,0.745,0.00717
3,0.0633,0.0533,0.1917,0.9067,0.0033738899999999996
3,0.0783,0.0517,0.5842,0.4092,0.00404811
3,0.0633,0.0467,0.83,0.4333,0.0029561099999999996
0,0.0833,0.0517,0.255,0.4775,0.00430661
5,0.07,0.0317,0.18,0.5008,0.002219
5,0.03,0.0517,0.49,0.4125,0.001551
5,0.0517,0.025,0.7492,0.4658,0.0012925000000000002
5,0.035,0.04,0.6958,0.7117,0.0014000000000000002
5,0.0717,0.04,0.3542,0.195,0.002868
5,0.1017,0.0433,0.6225,0.5467,0.00440361
1,0.0683,0.0533,0.7542,0.5233,0.00364039
1,0.0783,0.04,0.6108,0.8833,0.003132
1,0.0817,0.055,0.4508,0.6492,0.0044935
1,0.0983,0.07,0.6008,0.4733,0.006881000000000001
2,0.0483,0.0499,0.8394,0.6622,0.00241017
5,0.0267,0.0817,0.3217,0.1158,0.00218139
5,0.025,0.0517,0.6142,0.1775,0.0012925000000000002
5,0.07,0.0233,0.6767,0.48,0.0016310000000000003
5,0.025,0.0417,0.8308,0.2208,0.0010425
5,0.0266,0.0666,0.5025,0.7804,0.0017715600000000001
3,0.0682,0.0532,0.1739,0.7903,0.0036282399999999996
0,0.0417,0.0567,0.5642,0.4267,0.00236439
0,0.0317,0.0467,0.4192,0.31,0.0014803899999999998
2,0.0383,0.0367,0.9342,0.165,0.00140561
1,0.0417,0.065,0.7758,0.7458,0.0027105000000000002
1,0.0616,0.0316,0.4983,0.7263,0.0019465600000000002
4,0.03,0.0216,0.2013,0.7446,0.000648
4,0.0433,0.0233,0.7321,0.2829,0.00100889
4,0.0349,0.0316,0.53,0.8128,0.0011028400000000001
4,0.0349,0.03,0.2621,0.8586,0.001047
3,0.0783,0.0933,0.4525,0.7683,0.007305389999999999
3,0.06,0.0617,0.63,0.9492,0.0037019999999999996
5,0.1017,0.0483,0.7292,0.9358,0.00491211
5,0.07,0.0667,0.7517,0.8067,0.004669
3,0.0433,0.0433,0.3444,0.3261,0.00187489
3,0.0466,0.0566,0.2246,0.2413,0.00263756
2,0.0317,0.0333,0.2808,0.2,0.00105561
2,0.035,0.0383,0.3192,0.7275,0.0013405000000000001
2,0.0333,0.04,0.0467,0.0283,0.001332
2,0.03,0.0333,0.865,0.8917,0.000999
2,0.0267,0.03,0.8817,0.31,0.0008010000000000001
3,0.0483,0.0567,0.5008,0.8383,0.0027386100000000003
5,0.0899,0.0582,0.6007,0.0458,0.0052321799999999995
3,0.065,0.07,0.3158,0.5867,0.00455
3,0.0917,0.1017,0.6725,0.5508,0.00932589
4,0.0349,0.03,0.1656,0.0166,0.001047
1,0.0767,0.05,0.6517,0.6883,0.0038350000000000003
1,0.0817,0.0517,0.5192,0.4958,0.00422389
0,0.0317,0.0467,0.3908,0.3883,0.0014803899999999998
0,0.0317,0.05,0.6925,0.8117,0.001585
0,0.0533,0.0283,0.8033,0.0375,0.0015083899999999999
0,0.0483,0.0283,0.3808,0.4442,0.00136689
0,0.0267,0.0433,0.4417,0.2933,0.0011561100000000001
1,0.05,0.0583,0.4533,0.0825,0.002915
5,0.0383,0.0699,0.5383,0.2829,0.00267717
5,0.0316,0.0799,0.5067,0.5524,0.0025248400000000004
5,0.0499,0.0532,0.411,0.6988,0.00265468
0,0.06,0.04,0.5,0.4667,0.0024
0,0.0383,0.06,0.2075,0.2067,0.002298
0,0.0483,0.0533,0.3858,0.36,0.00257439
0,0.0483,0.06,0.5508,0.4533,0.002898
5,0.0167,0.1167,0.3367,0.2283,0.00194889
0,0.0567,0.0217,0.3533,0.1892,0.00123039
0,0.0533,0.025,0.8733,0.0275,0.0013325000000000001
0,0.0533,0.0267,0.865,0.6333,0.00142311
0,0.0217,0.0483,0.5875,0.3492,0.00104811
0,0.0183,0.0667,0.2242,0.7767,0.00122061
0,0.0333,0.0499,0.2196,0.5308,0.00166167
3,0.0467,0.0517,0.97,0.4092,0.00241439
5,0.03,0.1117,0.385,0.4008,0.003351
5,0.105,0.03,0.1858,0.8683,0.0031499999999999996
2,0.03,0.0532,0.9817,0.1348,0.0015959999999999998
2,0.0349,0.0566,0.9792,0.4542,0.00197534
1,0.0466,0.0399,0.3794,0.4443,0.00185934
1,0.0599,0.03,0.5374,0.3527,0.001797
1,0.0366,0.0266,0.4908,0.0532,0.0009735599999999999
3,0.0517,0.0533,0.5342,0.61,0.0027556100000000004
3,0.065,0.0883,0.7592,0.5342,0.005739500000000001
1,0.0317,0.05,0.3492,0.2617,0.001585
1,0.0283,0.055,0.5258,0.8392,0.0015565
1,0.03,0.0667,0.5767,0.2667,0.0020009999999999997
1,0.0383,0.0783,0.4358,0.6208,0.0029988899999999997
1,0.0566,0.0283,0.5108,0.6414,0.00160178
1,0.0283,0.055,0.5275,0.1742,0.0015565
4,0.03,0.0317,0.6117,0.4658,0.0009509999999999999
4,0.0317,0.035,0.8142,0.3908,0.0011095
1,0.05,0.04,0.1067,0.9083,0.002
2,0.0383,0.045,0.5425,0.0592,0.0017235
2,0.04,0.04,0.8517,0.15,0.0016
2,0.0483,0.0517,0.8408,0.5408,0.0024971100000000003
5,0.1283,0.0583,0.3408,0.5442,0.0074798899999999995
5,0.075,0.0617,0.6792,0.5075,0.0046275
5,0.0833,0.0883,0.7267,0.6542,0.00735539
1,0.0516,0.0316,0.3869,0.4168,0.00163056
5,0.0783,0.0433,0.0742,0.855,0.0033903899999999996
5,0.0933,0.0283,0.38,0.2608,0.00264039
5,0.0617,0.0317,0.4675,0.5792,0.00195589
3,0.0967,0.0683,0.7067,0.4858,0.0066046099999999995
3,0.085,0.0567,0.8292,0.4217,0.0048195
3,0.0583,0.1,0.9692,0.0533,0.00583
3,0.075,0.075,0.4925,0.3875,0.005625
3,0.08,0.0733,0.27,0.4967,0.005864
5,0.0998,0.0366,0.371,0.5424,0.00365268
5,0.0982,0.0516,0.2854,0.881,0.00506712
3,0.0933,0.065,0.7083,0.4108,0.0060645
3,0.0967,0.0717,0.3217,0.4958,0.006933389999999999
1,0.0517,0.0783,0.6875,0.3492,0.00404811
1,0.0533,0.0833,0.495,0.4817,0.00443989
1,0.0333,0.07,0.5183,0.92,0.0023310000000000006
1,0.0683,0.0633,0.7625,0.545,0.00432339
4,0.04,0.0333,0.15,0.0783,0.001332
4,0.0383,0.0417,0.5042,0.1792,0.0015971100000000001
2,0.0516,0.0449,0.7413,0.4251,0.00231684
2,0.0416,0.0416,0.3436,0.5017,0.00173056
2,0.0416,0.0349,0.6897,0.4634,0.00145184
5,0.035,0.0383,0.0692,0.7825,0.0013405000000000001
5,0.06,0.05,0.6083,0.5867,0.003
5,0.095,0.03,0.3225,0.3283,0.00285
5,0.095,0.0267,0.7458,0.285,0.0025365
5,0.0583,0.0267,0.9692,0.73,0.00155661
5,0.0267,0.0717,0.4267,0.7508,0.0019143900000000002
5,0.0633,0.045,0.4433,0.6258,0.0028484999999999995
5,0.1133,0.0333,0.0717,0.3017,0.00377289
3,0.0583,0.0567,0.6125,0.6217,0.00330561
1,0.0467,0.0817,0.1367,0.2325,0.0038153899999999997
1,0.045,0.0833,0.1708,0.0983,0.0037484999999999997
1,0.0583,0.0767,0.2175,0.525,0.00447161
1,0.085,0.06,0.4808,0.1333,0.0051
5,0.055,0.045,0.1592,0.1408,0.0024749999999999998
5,0.045,0.0517,0.7342,0.5558,0.0023265
5,0.0383,0.0633,0.7608,0.8617,0.00242439
5,0.0517,0.04,0.9725,0.885,0.002068
5,0.0383,0.085,0.3075,0.4675,0.0032555
0,0.0266,0.0466,0.2013,0.5391,0.00123956
5,0.0183,0.0433,0.7775,0.8933,0.00079239
2,0.0567,0.0583,0.5367,0.5458,0.00330561
0,0.065,0.0583,0.6392,0.7758,0.0037895
0,0.0833,0.0517,0.9233,0.4775,0.00430661
4,0.0367,0.04,0.2,0.835,0.0014680000000000001
3,0.06,0.0717,0.6817,0.2242,0.004301999999999999
5,0.0417,0.0617,0.7042,0.4375,0.00257289
0,0.0417,0.0383,0.7492,0.4508,0.0015971100000000001
0,0.055,0.05,0.4775,0.4133,0.0027500000000000003
3,0.0699,0.0666,0.1381,0.3428,0.004655340000000001
3,0.0466,0.0815,0.9734,0.48,0.0037979000000000003
3,0.0649,0.0549,0.8344,0.6564,0.0035630099999999997
3,0.0865,0.0832,0.1864,0.4426,0.007196799999999999
2,0.065,0.06,0.1225,0.2933,0.0039
5,0.035,0.0383,0.0692,0.1158,0.0013405000000000001
1,0.0682,0.0433,0.4967,0.4542,0.0029530599999999995
0,0.0367,0.0467,0.1133,0.7583,0.00171389
0,0.0533,0.0433,0.2433,0.6833,0.00230789
5,0.0483,0.0917,0.1142,0.2975,0.00442911
5,0.0383,0.035,0.5208,0.0192,0.0013405000000000001
5,0.0333,0.0417,0.37,0.0225,0.0013886100000000002
5,0.0417,0.0717,0.3708,0.5542,0.0029898900000000003
5,0.06,0.05,0.1733,0.6117,0.003
5,0.0967,0.0417,0.05,0.8742,0.00403239
2,0.0267,0.0433,0.015,0.865,0.0011561100000000001
2,0.0333,0.035,0.24,0.3408,0.0011655000000000003
0,0.0383,0.0317,0.6525,0.4875,0.00121411
0,0.0317,0.04,0.5525,0.0217,0.001268
0,0.025,0.0367,0.7758,0.6183,0.0009175000000000001
0,0.0417,0.0317,0.3675,0.3925,0.00132189
5,0.0433,0.07,0.34,0.23,0.0030310000000000003
5,0.0767,0.04,0.1283,0.2333,0.0030680000000000004
2,0.0433,0.0467,0.375,0.82,0.0020221099999999997
0,0.0767,0.0567,0.39,0.1767,0.00434889
5,0.0417,0.1017,0.7658,0.7192,0.00424089
5,0.0667,0.0433,0.8467,0.5317,0.0028881099999999997
5,0.0233,0.065,0.9867,0.1175,0.0015145000000000002
2,0.0317,0.0733,0.0175,0.3233,0.0023236100000000003
3,0.0666,0.0948,0.5874,0.708,0.00631368
3,0.0732,0.0982,0.5025,0.322,0.007188239999999999
5,0.0467,0.0267,0.045,0.8383,0.00124689
5,0.0882,0.0516,0.6248,0.109,0.00455112
5,0.0682,0.0632,0.3469,0.8453,0.00431024
1,0.0717,0.035,0.8508,0.3992,0.0025095000000000004
1,0.045,0.0667,0.8042,0.095,0.0030015
1,0.075,0.0367,0.3325,0.17,0.0027525
1,0.0683,0.0317,0.3075,0.6992,0.00216511
1,0.03,0.0483,0.8333,0.6375,0.001449
5,0.0732,0.0483,0.4576,0.4201,0.00353556
5,0.0965,0.0882,0.5291,0.2088,0.0085113
3,0.065,0.07,0.4858,0.5267,0.00455
4,0.04,0.02,0.4117,0.2733,0.0008
4,0.0417,0.035,0.1708,0.3742,0.0014595
0,0.05,0.0583,0.8017,0.4025,0.002915
0,0.0283,0.055,0.5742,0.1508,0.0015565
3,0.0516,0.0566,0.8461,0.609,0.00292056
3,0.0632,0.0582,0.6057,0.9476,0.0036782400000000006
0,0.0333,0.0617,0.4767,0.7342,0.00205461
0,0.05,0.0517,0.615,0.5592,0.0025850000000000005
0,0.05,0.055,0.73,0.8175,0.0027500000000000003
0,0.0383,0.07,0.3625,0.5067,0.0026810000000000002
1,0.0333,0.0633,0.0417,0.18,0.00210789
1,0.0383,0.0317,0.2108,0.1608,0.00121411
0,0.0383,0.0483,0.5815,0.2987,0.00184989
0,0.0349,0.0466,0.4684,0.8136,0.0016263400000000002
0,0.0383,0.0632,0.2454,0.7537,0.0024205600000000004
5,0.0383,0.1017,0.8892,0.8575,0.0038951100000000002
4,0.0317,0.0333,0.9375,0.3817,0.00105561
4,0.03,0.0267,0.8883,0.085,0.0008010000000000001
5,0.0833,0.0483,0.1767,0.5708,0.00402339
5,0.0567,0.0317,0.4467,0.6375,0.00179739
5,0.0717,0.0433,0.4858,0.7483,0.00310461
4,0.0433,0.04,0.1067,0.9617,0.001732
4,0.0467,0.0417,0.075,0.6025,0.00194739
5,0.0383,0.0682,0.7646,0.0358,0.00261206
5,0.0383,0.1098,0.8028,0.7521,0.00420534
5,0.0932,0.0932,0.4493,0.7488,0.008686240000000001
5,0.0383,0.0349,0.2671,0.9792,0.00133667
3,0.065,0.0883,0.2842,0.1692,0.005739500000000001
3,0.0567,0.0667,0.8933,0.3283,0.0037818899999999996
3,0.08,0.0667,0.86,0.0617,0.005336
3,0.0733,0.09,0.6683,0.515,0.006597
5,0.065,0.025,0.7808,0.4958,0.0016250000000000001
4,0.025,0.035,0.0142,0.9092,0.0008750000000000001
4,0.0349,0.0333,0.6564,0.6789,0.0011621700000000001
4,0.0349,0.0233,0.7346,0.3943,0.0008131700000000001
4,0.0433,0.0283,0.8303,0.6231,0.0012253899999999998
4,0.0383,0.0283,0.3735,0.8594,0.00108389
1,0.0633,0.025,0.895,0.6558,0.0015825
4,0.0367,0.025,0.2433,0.9858,0.0009175000000000001
4,0.05,0.045,0.6967,0.2792,0.00225
1,0.0399,0.0932,0.9368,0.3894,0.00371868
3,0.0383,0.0433,0.4667,0.1564,0.00165839
5,0.0333,0.0517,0.8667,0.2175,0.0017216100000000002
4,0.0449,0.0483,0.906,0.4484,0.00216867
4,0.0399,0.0433,0.6739,0.1215,0.00172767
4,0.0399,0.0466,0.6406,0.5907,0.00185934
4,0.0366,0.0283,0.193,0.5133,0.00103578
1,0.045,0.0533,0.1025,0.7717,0.0023985
1,0.0317,0.0483,0.5408,0.2775,0.00153111
1,0.0683,0.0367,0.6108,0.1383,0.0025066100000000003
1,0.0317,0.0617,0.8375,0.5275,0.00195589
5,0.0349,0.0283,0.5166,0.3985,0.00098767
5,0.03,0.0666,0.5857,0.218,0.001998
5,0.0566,0.03,0.3012,0.0965,0.0016979999999999999
5,0.0616,0.0266,0.8344,0.4792,0.00163856
0,0.0466,0.0333,0.0649,0.3943,0.0015517800000000002
2,0.0449,0.0416,0.8245,0.4601,0.00186784
2,0.0499,0.0449,0.604,0.6747,0.0022405100000000002
0,0.0317,0.0517,0.0942,0.4908,0.00163889
0,0.0333,0.045,0.3183,0.5658,0.0014985
0,0.0583,0.0217,0.6308,0.1325,0.00126511
0,0.02,0.0667,0.4567,0.4633,0.001334
0,0.02,0.06,0.9583,0.1533,0.0012
0,0.0267,0.0583,0.9483,0.8592,0.00155661
0,0.0483,0.025,0.2125,0.4125,0.0012075000000000002
5,0.0483,0.0865,0.1522,0.4542,0.00417795
5,0.0516,0.0416,0.1406,0.6314,0.00214656
5,0.0566,0.0449,0.1431,0.7978,0.00254134
5,0.0765,0.0416,0.1215,0.0574,0.0031823999999999997
1,0.0633,0.0483,0.9317,0.7208,0.00305739
1,0.085,0.0333,0.8525,0.585,0.0028305000000000006
4,0.0417,0.0333,0.7358,0.1783,0.0013886100000000002
4,0.04,0.0383,0.82,0.4508,0.0015320000000000002
5,0.0732,0.025,0.7754,0.2637,0.00183
5,0.0466,0.0599,0.9451,0.5674,0.0027913400000000002
4,0.0416,0.0316,0.3785,0.876,0.00131456
4,0.0682,0.0732,0.8594,0.6822,0.00499224
0,0.0317,0.045,0.7042,0.2858,0.0014264999999999998
0,0.0317,0.0467,0.9758,0.0517,0.0014803899999999998
0,0.03,0.0467,0.8733,0.65,0.001401
0,0.05,0.03,0.1783,0.4283,0.0015
0,0.0433,0.0317,0.1033,0.6525,0.0013726099999999998
3,0.06,0.0567,0.82,0.82,0.003402
4,0.035,0.0367,0.3292,0.9033,0.0012845000000000003
3,0.045,0.04,0.3158,0.51,0.0018
3,0.09,0.0633,0.155,0.78,0.005696999999999999
3,0.0783,0.0533,0.4175,0.8517,0.00417339
1,0.0383,0.0517,0.2758,0.2325,0.00198011
1,0.0317,0.0567,0.7108,0.5083,0.00179739
1,0.0333,0.0517,0.2283,0.5658,0.0017216100000000002
5,0.0399,0.1165,0.2296,0.2646,0.00464835
2,0.0667,0.0667,0.5633,0.2783,0.00444889
2,0.0383,0.0567,0.3208,0.8733,0.00217161
5,0.0483,0.0266,0.2854,0.1647,0.00128478
5,0.0666,0.0233,0.4809,0.0466,0.0015517800000000002
4,0.0333,0.0366,0.1314,0.1597,0.00121878
3,0.065,0.055,0.3275,0.5608,0.003575
3,0.065,0.0783,0.5942,0.5275,0.005089499999999999
3,0.0783,0.0483,0.0775,0.7158,0.00378189
3,0.0883,0.0717,0.1408,0.3375,0.00633111
4,0.0349,0.03,0.9276,0.8586,0.001047
5,0.0267,0.065,0.315,0.3208,0.0017355
5,0.1283,0.1317,0.5075,0.8208,0.01689711
2,0.0483,0.0667,0.7858,0.0817,0.0032216099999999998
2,0.0517,0.065,0.4075,0.3075,0.0033605
5,0.05,0.0417,0.2167,0.0842,0.002085
2,0.0449,0.0516,0.5183,0.8777,0.00231684
2,0.0566,0.0466,0.0948,0.8885,0.00263756
0,0.0533,0.04,0.9533,0.5783,0.002132
5,0.0649,0.0366,0.9409,0.6273,0.00237534
2,0.0383,0.0416,0.5682,0.3819,0.0015932799999999999
0,0.04,0.0383,0.91,0.4575,0.0015320000000000002
4,0.03,0.0283,0.3067,0.2825,0.0008489999999999999
0,0.0499,0.0815,0.5042,0.9493,0.00406685
4,0.04,0.0333,0.4833,0.56,0.001332
4,0.0333,0.04,0.3917,0.2533,0.001332
4,0.04,0.0417,0.8367,0.6608,0.001668
5,0.0333,0.08,0.7417,0.6933,0.002664
5,0.0717,0.0267,0.0375,0.44,0.0019143900000000002
5,0.06,0.0317,0.1483,0.6908,0.0019019999999999998
1,0.0782,0.0632,0.5,0.1431,0.0049422400000000005
5,0.0383,0.0583,0.5692,0.0308,0.00223289
5,0.0333,0.06,0.8217,0.63,0.001998
1,0.0483,0.0982,0.713,0.6431,0.00474306
4,0.0383,0.0516,0.718,0.9326,0.00197628
1,0.0467,0.0383,0.865,0.3525,0.00178861
1,0.03,0.045,0.795,0.2208,0.0013499999999999999
1,0.0333,0.075,0.305,0.2842,0.0024975
1,0.0517,0.0617,0.4458,0.6358,0.00318989
1,0.04,0.0517,0.5083,0.0275,0.002068
1,0.08,0.0283,0.6083,0.4392,0.002264
5,0.0317,0.1217,0.3742,0.8442,0.00385789
5,0.0383,0.0817,0.7358,0.0425,0.00312911
5,0.0883,0.0283,0.6642,0.3042,0.00249889
3,0.0566,0.0483,0.6323,0.7928,0.00273378
3,0.0549,0.0566,0.1938,0.6789,0.0031073399999999997
3,0.0582,0.0715,0.1606,0.3353,0.0041613
2,0.0483,0.0483,0.2438,0.5416,0.0023328900000000002
5,0.0867,0.0417,0.2717,0.0375,0.00361539
5,0.11,0.03,0.645,0.2033,0.0033
5,0.0567,0.035,0.8967,0.2242,0.0019845
5,0.0467,0.1,0.065,0.0633,0.00467
5,0.065,0.0683,0.1942,0.0858,0.0044395
5,0.035,0.0767,0.1975,0.065,0.0026845000000000003
5,0.0283,0.075,0.7108,0.3858,0.0021225
2,0.0533,0.04,0.8933,0.2967,0.002132
2,0.04,0.0433,0.46,0.84,0.001732
4,0.0433,0.0383,0.145,0.7825,0.00165839
4,0.0417,0.0367,0.4425,0.5733,0.0015303900000000002
4,0.0367,0.0433,0.5183,0.88,0.0015891100000000001
0,0.03,0.0483,0.0583,0.7575,0.001449
0,0.0483,0.0283,0.3192,0.4575,0.00136689
0,0.045,0.0283,0.4575,0.0892,0.0012735
4,0.0266,0.0283,0.8369,0.4318,0.0007527799999999999
5,0.085,0.0467,0.8808,0.5133,0.0039695
5,0.04,0.075,0.4833,0.5442,0.003
5,0.0317,0.0867,0.8092,0.74,0.00274839
4,0.0467,0.0633,0.22,0.9667,0.0029561099999999996
4,0.06,0.075,0.1467,0.5658,0.0045
1,0.0567,0.0683,0.825,0.5392,0.00387261
1,0.0483,0.0567,0.5958,0.285,0.0027386100000000003
2,0.0283,0.0333,0.1475,0.075,0.0009423900000000001
2,0.0317,0.0333,0.0175,0.35,0.00105561
2,0.0383,0.0367,0.3208,0.7467,0.00140561
3,0.065,0.0583,0.3142,0.4025,0.0037895
3,0.0583,0.0433,0.4675,0.39,0.0025243899999999996
3,0.0433,0.0417,0.2867,0.3325,0.00180561
5,0.0533,0.1167,0.6433,0.64,0.00622011
5,0.14,0.055,0.67,0.8775,0.007700000000000001
0,0.0483,0.025,0.4758,0.1375,0.0012075000000000002
3,0.045,0.0567,0.1908,0.2233,0.0025515
3,0.0717,0.045,0.7058,0.7092,0.0032264999999999998
3,0.055,0.05,0.1125,0.3583,0.0027500000000000003
3,0.035,0.055,0.3092,0.5125,0.0019250000000000003
3,0.0367,0.045,0.4683,0.7075,0.0016515000000000002
3,0.0483,0.0733,0.6708,0.1317,0.0035403900000000005
3,0.0582,0.0666,0.2704,0.2213,0.0038761200000000007
1,0.0532,0.03,0.6223,0.1215,0.0015959999999999998
1,0.0483,0.0433,0.0291,0.2812,0.00209139
1,0.0449,0.0566,0.6032,0.6439,0.00254134
1,0.055,0.0367,0.4742,0.1717,0.0020185000000000003
5,0.0317,0.1217,0.7058,0.3625,0.00385789
5,0.0317,0.13,0.5258,0.7,0.004121
5,0.0417,0.135,0.2658,0.4225,0.005629500000000001
3,0.0467,0.0467,0.4917,0.9133,0.00218089
3,0.0483,0.055,0.5358,0.6142,0.0026565
1,0.0517,0.0433,0.2292,0.1033,0.00223861
1,0.0467,0.03,0.7233,0.5417,0.001401
1,0.035,0.0667,0.8625,0.61,0.0023345
1,0.06,0.03,0.4733,0.8383,0.0018
2,0.075,0.0817,0.4042,0.9358,0.006127499999999999
2,0.08,0.065,0.6417,0.7075,0.005200000000000001
4,0.025,0.0233,0.7496,0.7837,0.0005825
4,0.0233,0.0266,0.7271,0.624,0.00061978
4,0.03,0.0283,0.8253,0.3203,0.0008489999999999999
4,0.0233,0.025,0.7887,0.0624,0.0005825
1,0.0633,0.0967,0.8417,0.405,0.006121109999999999
3,0.0433,0.0317,0.0683,0.1308,0.0013726099999999998
3,0.045,0.035,0.0875,0.2492,0.001575
1,0.0433,0.0815,0.9384,0.0757,0.00352895
1,0.0632,0.0466,0.8203,0.416,0.0029451200000000003
1,0.0366,0.0566,0.5724,0.5657,0.00207156
0,0.0567,0.025,0.6733,0.6142,0.0014175000000000001
0,0.0367,0.065,0.4483,0.8292,0.0023855000000000005
0,0.0417,0.035,0.0225,0.9108,0.0014595
0,0.055,0.0517,0.1075,0.4158,0.0028435
4,0.0532,0.0216,0.8852,0.5033,0.00114912
4,0.0582,0.03,0.8894,0.1314,0.001746
4,0.0366,0.0233,0.6606,0.6439,0.00085278
4,0.035,0.0533,0.0358,0.245,0.0018655000000000002
4,0.035,0.035,0.3558,0.5775,0.0012250000000000002
4,0.02,0.0333,0.812,0.9517,0.000666
4,0.0349,0.0316,0.6115,0.1522,0.0011028400000000001
4,0.0266,0.0349,0.3111,0.8727,0.0009283399999999999
3,0.045,0.045,0.0875,0.4925,0.002025
3,0.0533,0.0467,0.3867,0.5367,0.00248911
5,0.0383,0.0667,0.2325,0.965,0.0025546099999999997
5,0.0383,0.11,0.1942,0.2483,0.004213
5,0.0933,0.0933,0.5483,0.2517,0.008704889999999998
5,0.0383,0.0367,0.7325,0.02,0.00140561
3,0.0583,0.065,0.7858,0.7758,0.0037895
3,0.0567,0.0533,0.5333,0.6217,0.00302211
4,0.0383,0.0333,0.2704,0.3111,0.0012753900000000002
2,0.0633,0.0733,0.7717,0.9267,0.00463989
5,0.03,0.055,0.89,0.6342,0.00165
5,0.0517,0.0283,0.2192,0.4558,0.00146311
4,0.0233,0.025,0.7133,0.2975,0.0005825
0,0.0932,0.0449,0.7221,0.525,0.0041846800000000005
4,0.04,0.0333,0.2333,0.9667,0.001332
4,0.0467,0.04,0.57,0.9633,0.0018679999999999999
4,0.0467,0.0383,0.2267,0.3725,0.00178861
2,0.0483,0.0383,0.1108,0.7208,0.00184989
1,0.0483,0.0233,0.8361,0.4892,0.0011253900000000002
1,0.0599,0.0266,0.619,0.9834,0.00159334
5,0.0917,0.04,0.0475,0.3867,0.0036680000000000003
4,0.0266,0.0333,0.1148,0.1331,0.0008857800000000001
4,0.0283,0.025,0.0674,0.6048,0.0007075
4,0.03,0.03,0.5541,0.1631,0.0009
4,0.0416,0.0316,0.8328,0.4035,0.00131456
4,0.0599,0.0449,0.2363,0.6398,0.0026895100000000004
5,0.0833,0.0317,0.36,0.3575,0.00264061
5,0.0917,0.0333,0.6008,0.5483,0.0030536100000000004
5,0.0817,0.03,0.6008,0.2833,0.0024509999999999996
0,0.035,0.0567,0.8292,0.1217,0.0019845
0,0.0333,0.0467,0.8317,0.4683,0.0015551100000000002
0,0.0417,0.0367,0.3658,0.22,0.0015303900000000002
5,0.0267,0.07,0.44,0.4783,0.0018690000000000002
3,0.055,0.0667,0.7758,0.76,0.0036685
0,0.0566,0.0216,0.3111,0.2804,0.00122256
0,0.0216,0.0483,0.0774,0.1206,0.0010432800000000002
4,0.0449,0.0433,0.3835,0.0749,0.00194417
4,0.0399,0.0383,0.2629,0.4334,0.00152817
4,0.0367,0.04,0.7667,0.3867,0.0014680000000000001
4,0.0383,0.0417,0.8325,0.6858,0.0015971100000000001
1,0.0499,0.0582,0.5458,0.9176,0.00290418
1,0.0417,0.0933,0.6325,0.9067,0.0038906099999999996
1,0.0817,0.07,0.4475,0.7383,0.005719
1,0.0717,0.0883,0.6308,0.8758,0.00633111
1,0.0933,0.065,0.9033,0.9575,0.0060645
1,0.07,0.085,0.495,0.4192,0.005950000000000001
5,0.0383,0.07,0.1258,0.3733,0.0026810000000000002
5,0.0317,0.08,0.1575,0.1033,0.002536
2,0.0517,0.0517,0.7742,0.6008,0.0026728900000000002
2,0.0383,0.035,0.1442,0.7792,0.0013405000000000001
2,0.0483,0.0417,0.2092,0.5125,0.00201411
5,0.08,0.035,0.5983,0.2325,0.0028000000000000004
0,0.0567,0.045,0.435,0.0858,0.0025515
0,0.0617,0.04,0.2908,0.4767,0.002468
0,0.04,0.0333,0.1367,0.7033,0.001332
0,0.025,0.0433,0.2275,0.1233,0.0010825
0,0.0417,0.0317,0.6992,0.0592,0.00132189
3,0.0817,0.0333,0.2942,0.0183,0.00272061
3,0.1,0.0883,0.0733,0.7308,0.008830000000000001
3,0.075,0.0833,0.2192,0.4633,0.0062475
0,0.0266,0.0549,0.8802,0.3769,0.0014603399999999999
0,0.0599,0.0266,0.2712,0.8902,0.00159334
0,0.0516,0.025,0.3785,0.1572,0.0012900000000000001
0,0.0233,0.0433,0.5507,0.1547,0.00100889
5,0.075,0.0517,0.5108,0.5925,0.0038775
5,0.0483,0.105,0.1558,0.6442,0.0050715000000000005
5,0.0917,0.04,0.8858,0.9433,0.0036680000000000003
5,0.0417,0.0883,0.7825,0.5325,0.00368211
3,0.0817,0.0667,0.5308,0.7117,0.005449389999999999
0,0.0433,0.0283,0.8817,0.0875,0.0012253899999999998
1,0.05,0.0717,0.7117,0.4675,0.003585
1,0.0782,0.0632,0.8311,0.4892,0.0049422400000000005
1,0.0865,0.0582,0.1181,0.7463,0.005034299999999999
1,0.0649,0.0849,0.4717,0.0557,0.00551001
2,0.0466,0.0566,0.8053,0.3128,0.00263756
2,0.0433,0.0532,0.4942,0.1947,0.0023035599999999996
1,0.0399,0.0782,0.2479,0.7146,0.00312018
1,0.0349,0.0532,0.8245,0.589,0.0018566799999999999
2,0.0567,0.0367,0.435,0.02,0.00208089
2,0.0533,0.0517,0.35,0.2808,0.0027556100000000004
2,0.075,0.07,0.0658,0.55,0.00525
2,0.0517,0.0533,0.2842,0.5867,0.0027556100000000004
0,0.03,0.0532,0.8802,0.4243,0.0015959999999999998
0,0.0449,0.0283,0.7912,0.9542,0.00127067
0,0.0233,0.0549,0.218,0.0857,0.00127917
5,0.0566,0.0732,0.1947,0.6839,0.00414312
2,0.0715,0.0865,0.3902,0.8253,0.006184749999999999
2,0.0882,0.1048,0.307,0.5399,0.00924336
2,0.0632,0.0782,0.0699,0.7895,0.0049422400000000005
2,0.08,0.0733,0.5483,0.2583,0.005864
0,0.0383,0.025,0.8875,0.6025,0.0009575
0,0.0533,0.03,0.3983,0.0167,0.001599
0,0.0233,0.0483,0.47,0.3958,0.0011253900000000002
0,0.0217,0.04,0.3375,0.69,0.0008680000000000001
0,0.025,0.04,0.0442,0.22,0.001
3,0.0517,0.0433,0.0475,0.2167,0.00223861
3,0.0517,0.0383,0.4058,0.2758,0.00198011
3,0.0267,0.0433,0.5383,0.1,0.0011561100000000001
0,0.0333,0.0516,0.6905,0.3286,0.0017182800000000002
3,0.0532,0.0649,0.5507,0.3602,0.0034526799999999996
3,0.0632,0.0666,0.1364,0.5025,0.004209120000000001
0,0.0783,0.04,0.3558,0.0767,0.003132
5,0.0333,0.075,0.2983,0.4492,0.0024975
5,0.0667,0.035,0.77,0.7558,0.0023345
4,0.0349,0.0399,0.6681,0.1381,0.00139251
4,0.0333,0.0349,0.4093,0.5166,0.0011621700000000001
1,0.0367,0.0833,0.6317,0.8467,0.0030571100000000005
1,0.0417,0.0733,0.1308,0.7333,0.0030566100000000004
1,0.0533,0.03,0.375,0.88,0.001599
1,0.0483,0.0433,0.9708,0.72,0.00209139
1,0.045,0.0567,0.3942,0.3567,0.0025515
5,0.0832,0.0433,0.6356,0.0982,0.00360256
5,0.0715,0.0632,0.3436,0.8536,0.0045188
5,0.0815,0.0416,0.0424,0.2121,0.0033904
5,0.0366,0.0682,0.5874,0.6564,0.00249612
2,0.045,0.04,0.1592,0.305,0.0018
2,0.0433,0.04,0.5517,0.435,0.001732
1,0.0867,0.0417,0.37,0.7075,0.00361539
1,0.0267,0.0583,0.7083,0.9442,0.00155661
4,0.035,0.0233,0.5975,0.04,0.0008155000000000001
4,0.0233,0.0317,0.615,0.8775,0.00073861
4,0.03,0.0267,0.45,0.6883,0.0008010000000000001
2,0.0467,0.0417,0.4517,0.4708,0.00194739
2,0.04,0.0467,0.4583,0.82,0.0018679999999999999
4,0.06,0.065,0.0317,0.9008,0.0039
4,0.0433,0.055,0.455,0.2642,0.0023815
4,0.04,0.055,0.4533,0.8875,0.0022
0,0.0366,0.0599,0.614,0.4043,0.00219234
0,0.0333,0.0266,0.782,0.7255,0.0008857800000000001
4,0.0517,0.065,0.2775,0.6908,0.0033605
4,0.0533,0.0533,0.5917,0.5317,0.00284089
5,0.0367,0.0617,0.8017,0.5908,0.0022643900000000002
5,0.0417,0.0633,0.0725,0.3483,0.0026396099999999997
1,0.0283,0.0717,0.4542,0.1175,0.0020291099999999998
2,0.0583,0.0583,0.0308,0.8725,0.00339889
2,0.045,0.0483,0.2658,0.7958,0.0021735
2,0.0483,0.05,0.4908,0.905,0.0024150000000000005
2,0.0533,0.05,0.815,0.2583,0.0026650000000000003
2,0.045,0.05,0.1108,0.2117,0.00225
2,0.075,0.07,0.9175,0.55,0.00525
5,0.0483,0.0317,0.4042,0.5758,0.00153111
5,0.0617,0.0233,0.9675,0.44,0.00143761
5,0.0283,0.0649,0.4717,0.2371,0.0018366699999999999
5,0.0532,0.0516,0.7438,0.3319,0.0027451199999999998
4,0.0416,0.0349,0.1606,0.6265,0.00145184
4,0.0266,0.02,0.4393,0.5541,0.000532
5,0.045,0.1333,0.5458,0.885,0.0059984999999999995
5,0.0883,0.0533,0.4742,0.4733,0.00470639
5,0.0867,0.04,0.42,0.3583,0.003468
5,0.0383,0.1017,0.5558,0.0975,0.0038951100000000002
4,0.0367,0.0433,0.235,0.35,0.0015891100000000001
4,0.0383,0.05,0.5258,0.18,0.001915
4,0.05,0.035,0.34,0.3025,0.0017500000000000003
1,0.0433,0.055,0.5867,0.2842,0.0023815
1,0.0567,0.0317,0.9567,0.7058,0.00179739
1,0.0733,0.0317,0.9117,0.6258,0.0023236100000000003
0,0.0316,0.0466,0.9393,0.2795,0.0014725600000000001
0,0.03,0.0433,0.8669,0.7371,0.0012989999999999998
5,0.0517,0.025,0.9725,0.3792,0.0012925000000000002
4,0.0316,0.0399,0.4717,0.2146,0.00126084
4,0.0349,0.0416,0.0324,0.2338,0.00145184
4,0.0416,0.0483,0.0358,0.5699,0.00200928
4,0.0399,0.0483,0.6256,0.2271,0.00192717
4,0.0449,0.0416,0.3186,0.703,0.00186784
4,0.0383,0.0433,0.495,0.3744,0.00165839
2,0.0399,0.0483,0.5358,0.1805,0.00192717
4,0.0283,0.03,0.0825,0.345,0.0008489999999999999
4,0.04,0.0233,0.6117,0.0133,0.0009320000000000001
5,0.08,0.04,0.9583,0.73,0.0032
5,0.0967,0.0367,0.7433,0.1933,0.0035488900000000003
5,0.0267,0.0283,0.985,0.2892,0.00075561
5,0.0333,0.085,0.6933,0.6708,0.0028305000000000006
0,0.0349,0.0566,0.8361,0.8785,0.00197534
0,0.0333,0.0466,0.8319,0.5324,0.0015517800000000002
2,0.0683,0.0767,0.3508,0.3283,0.00523861
2,0.06,0.0583,0.0967,0.3558,0.003498
2,0.065,0.07,0.4375,0.5983,0.00455
3,0.07,0.0983,0.5983,0.5292,0.006881000000000001
3,0.055,0.0567,0.9575,0.3667,0.0031185
2,0.0367,0.04,0.7067,0.1017,0.0014680000000000001
2,0.035,0.04,0.8758,0.355,0.0014000000000000002
2,0.0383,0.0333,0.6025,0.4967,0.0012753900000000002
2,0.0317,0.035,0.1225,0.3675,0.0011095
5,0.03,0.0965,0.3078,0.3228,0.002895
5,0.0233,0.0715,0.3411,0.8328,0.00166595
5,0.0233,0.0483,0.381,0.8245,0.0011253900000000002
5,0.0649,0.0283,0.322,0.53,0.0018366699999999999
4,0.0433,0.0467,0.2167,0.21,0.0020221099999999997
4,0.035,0.0333,0.4008,0.045,0.0011655000000000003
4,0.035,0.04,0.8592,0.3933,0.0014000000000000002
4,0.04,0.035,0.83,0.2825,0.0014000000000000002
2,0.0683,0.065,0.8942,0.1992,0.0044395
2,0.0483,0.0667,0.7858,0.7467,0.0032216099999999998
2,0.0517,0.0583,0.4075,0.9692,0.00301411
3,0.0666,0.0699,0.2263,0.8286,0.004655340000000001
3,0.0699,0.0732,0.6589,0.5058,0.00511668
2,0.0683,0.0733,0.4542,0.9367,0.00500639
2,0.0733,0.0767,0.25,0.4633,0.0056221100000000005
0,0.04,0.0433,0.2483,0.9733,0.001732
0,0.0532,0.0399,0.7121,0.4226,0.0021226799999999996
3,0.0433,0.0882,0.9617,0.6414,0.00381906
0,0.06,0.0583,0.0367,0.4458,0.003498
2,0.0383,0.0349,0.3935,0.4052,0.00133667
1,0.0283,0.055,0.3142,0.2458,0.0015565
1,0.03,0.055,0.8667,0.6225,0.00165
1,0.03,0.0717,0.9467,0.5775,0.0021509999999999997
1,0.035,0.0533,0.3292,0.03,0.0018655000000000002
1,0.0283,0.0467,0.2642,0.55,0.00132161
3,0.13,0.0983,0.6783,0.8858,0.012779
3,0.1217,0.105,0.7458,0.3908,0.0127785
2,0.0399,0.0483,0.6606,0.475,0.00192717
2,0.0416,0.0449,0.7629,0.1805,0.00186784
2,0.0516,0.0366,0.2554,0.2063,0.00188856
2,0.0499,0.0466,0.1847,0.629,0.00232534
2,0.0449,0.0433,0.4151,0.7488,0.00194417
5,0.0417,0.1217,0.5442,0.6442,0.00507489
5,0.0867,0.0317,0.24,0.8308,0.00274839
0,0.0483,0.0333,0.6398,0.0183,0.0016083900000000003
0,0.0333,0.0532,0.2163,0.3111,0.0017715600000000001
0,0.0483,0.0499,0.1972,0.8802,0.00241017
0,0.0316,0.0549,0.4917,0.7629,0.00173484
0,0.06,0.035,0.165,0.1608,0.0021000000000000003
0,0.0333,0.0317,0.4067,0.9825,0.00105561
0,0.03,0.05,0.7767,0.2867,0.0015
0,0.045,0.0283,0.6275,0.2258,0.0012735
4,0.045,0.035,0.3475,0.5742,0.001575
4,0.0483,0.0483,0.4292,0.2958,0.0023328900000000002
0,0.0466,0.0416,0.8286,0.4002,0.00193856
0,0.0566,0.0399,0.8719,0.7404,0.0022583399999999997
0,0.0416,0.0632,0.3785,0.7338,0.00262912
0,0.0416,0.0532,0.2637,0.4309,0.00221312
0,0.0333,0.0317,0.595,0.3525,0.00105561
0,0.03,0.0467,0.795,0.8917,0.001401
1,0.0699,0.0349,0.0616,0.094,0.00243951
1,0.0599,0.03,0.2646,0.183,0.001797
1,0.0599,0.0266,0.421,0.4925,0.00159334
0,0.0417,0.0717,0.0558,0.5258,0.0029898900000000003
0,0.04,0.0683,0.4767,0.7858,0.002732
0,0.0233,0.0367,0.3983,0.8867,0.0008551100000000002
0,0.0283,0.0517,0.9842,0.3992,0.00146311
0,0.0467,0.0217,0.605,0.4708,0.00101339
0,0.0383,0.02,0.3108,0.3383,0.0007660000000000001
0,0.0383,0.0233,0.7808,0.045,0.0008923900000000001
5,0.05,0.0567,0.37,0.8383,0.0028350000000000003
5,0.075,0.0283,0.4175,0.0925,0.0021225
5,0.0549,0.0749,0.9576,0.6298,0.004112009999999999
4,0.04,0.035,0.2067,0.4042,0.0014000000000000002
4,0.035,0.0283,0.1358,0.6442,0.0009905
3,0.0533,0.0333,0.4883,0.31,0.00177489
3,0.0433,0.035,0.2933,0.4692,0.0015155000000000001
3,0.0717,0.0467,0.8692,0.67,0.0033483899999999997
0,0.045,0.03,0.9442,0.725,0.0013499999999999999
5,0.0399,0.0366,0.8819,0.0699,0.0014603399999999999
0,0.06,0.035,0.48,0.3825,0.0021000000000000003
4,0.0483,0.0367,0.2875,0.1917,0.0017726100000000002
4,0.0333,0.03,0.165,0.0167,0.000999
1,0.0433,0.0882,0.2912,0.3702,0.00381906
1,0.0599,0.0283,0.0549,0.708,0.00169517
4,0.0683,0.04,0.1425,0.7183,0.002732
4,0.0467,0.065,0.32,0.9658,0.0030355
4,0.0583,0.0867,0.6608,0.4283,0.00505461
4,0.0733,0.07,0.765,0.195,0.005131000000000001
1,0.0467,0.0367,0.4733,0.4667,0.00171389
1,0.07,0.0367,0.7467,0.0967,0.0025690000000000005
4,0.03,0.0383,0.525,0.3658,0.001149
3,0.0449,0.0483,0.8977,0.3519,0.00216867
3,0.0399,0.0449,0.7887,0.5932,0.00179151
0,0.0383,0.0349,0.297,0.1855,0.00133667
0,0.0316,0.0349,0.6764,0.4717,0.0011028400000000001
5,0.03,0.0799,0.4526,0.0982,0.002397
5,0.0233,0.0566,0.8902,0.0865,0.00131878
3,0.0649,0.0699,0.0707,0.3361,0.0045365100000000005
3,0.0516,0.0499,0.2072,0.5874,0.00257484
3,0.04,0.0567,0.555,0.3733,0.002268
3,0.035,0.055,0.4375,0.1725,0.0019250000000000003
1,0.0433,0.0383,0.381,0.9226,0.00165839
4,0.03,0.0333,0.25,0.575,0.000999
4,0.0333,0.0317,0.8117,0.4192,0.00105561
4,0.0283,0.0283,0.8008,0.8375,0.00080089
4,0.0283,0.025,0.8842,0.8725,0.0007075
5,0.03,0.07,0.2383,0.2,0.0021000000000000003
5,0.075,0.025,0.6658,0.0958,0.001875
5,0.0317,0.0533,0.6592,0.96,0.00168961
5,0.0317,0.0517,0.8642,0.6842,0.00163889
3,0.0666,0.0666,0.4376,0.8353,0.004435560000000001
3,0.0632,0.0715,0.6489,0.6015,0.0045188
3,0.0499,0.0416,0.7105,0.8161,0.00207584
3,0.0566,0.0549,0.7354,0.6631,0.0031073399999999997
3,0.0449,0.0466,0.5483,0.4343,0.0020923400000000003
2,0.03,0.0433,0.93,0.2,0.0012989999999999998
2,0.0333,0.035,0.9167,0.7608,0.0011655000000000003
2,0.04,0.05,0.435,0.3383,0.002
5,0.0267,0.0417,0.4283,0.2442,0.0011133900000000001
5,0.0317,0.065,0.3992,0.7992,0.0020605
5,0.0317,0.0633,0.4258,0.615,0.00200661
2,0.0732,0.0666,0.2879,0.2596,0.00487512
3,0.0632,0.0566,0.2596,0.8519,0.00357712
3,0.0715,0.0666,0.5582,0.4409,0.0047619
5,0.0416,0.1065,0.7329,0.6256,0.004430399999999999
5,0.0932,0.0366,0.5191,0.5225,0.00341112
5,0.0982,0.0416,0.5948,0.7696,0.004085119999999999
0,0.0483,0.0316,0.7729,0.7945,0.0015262800000000003
2,0.065,0.06,0.8758,0.3533,0.0039
1,0.0532,0.0399,0.0998,0.2762,0.0021226799999999996
4,0.0183,0.035,0.4208,0.7225,0.0006405000000000001
1,0.0767,0.0467,0.6517,0.025,0.00358189
4,0.0333,0.045,0.1,0.3642,0.0014985
4,0.0417,0.0433,0.1658,0.1933,0.00180561
2,0.0732,0.0699,0.8486,0.4093,0.00511668
2,0.0616,0.0649,0.6414,0.0358,0.00399784
2,0.0715,0.0582,0.6681,0.3486,0.0041613
5,0.1148,0.0399,0.2953,0.614,0.004580519999999999
0,0.0333,0.0483,0.4583,0.2925,0.0016083900000000003
3,0.0467,0.035,0.45,0.4908,0.0016345
3,0.0467,0.0533,0.6017,0.1583,0.00248911
3,0.065,0.0917,0.1125,0.8458,0.0059605000000000005
3,0.055,0.08,0.1842,0.5833,0.0044
5,0.0433,0.1,0.785,0.475,0.00433
5,0.1083,0.0433,0.9258,0.6367,0.00468939
5,0.0367,0.0683,0.9483,0.8908,0.0025066100000000003
5,0.0483,0.0867,0.1792,0.5467,0.0041876100000000005
5,0.0517,0.0417,0.1908,0.3692,0.00215589
5,0.0567,0.045,0.1883,0.2025,0.0025515
5,0.0767,0.0417,0.21,0.9442,0.00319839
5,0.0883,0.0333,0.4058,0.6183,0.00294039
4,0.0367,0.05,0.2067,0.55,0.0018350000000000003
4,0.0383,0.0317,0.3658,0.8692,0.00121411
3,0.0483,0.0433,0.0441,0.6705,0.00209139
1,0.0549,0.0582,0.0824,0.5233,0.00319518
5,0.0733,0.03,0.6317,0.1983,0.002199
0,0.0449,0.0233,0.6348,0.985,0.0010461700000000001
0,0.0483,0.0383,0.9426,0.4967,0.00184989
3,0.055,0.05,0.6092,0.1517,0.0027500000000000003
3,0.0567,0.0617,0.9483,0.3925,0.00349839
2,0.0683,0.0583,0.8242,0.6225,0.00398189
2,0.06,0.05,0.6867,0.065,0.003
4,0.0517,0.0783,0.0858,0.7742,0.00404811
5,0.0317,0.0967,0.6608,0.1967,0.00306539
0,0.0367,0.0533,0.3483,0.7917,0.00195611
2,0.0483,0.0583,0.2775,0.6492,0.00281589
2,0.065,0.0567,0.4842,0.1583,0.0036855
0,0.0483,0.0333,0.0658,0.8267,0.0016083900000000003
0,0.0617,0.03,0.8192,0.7167,0.0018509999999999998
0,0.03,0.0467,0.795,0.225,0.001401
3,0.0317,0.045,0.2292,0.0592,0.0014264999999999998
3,0.035,0.0383,0.2392,0.2058,0.0013405000000000001
3,0.035,0.0367,0.8108,0.525,0.0012845000000000003
3,0.0383,0.0417,0.4358,0.8242,0.0015971100000000001
5,0.1017,0.0333,0.2992,0.69,0.0033866100000000004
5,0.035,0.0967,0.5942,0.74,0.0033845
1,0.055,0.0267,0.0692,0.5183,0.0014685000000000002
5,0.0233,0.0749,0.1531,0.5915,0.0017451699999999999
3,0.07,0.0783,0.075,0.5942,0.005481
3,0.075,0.09,0.3558,0.7633,0.00675
5,0.0483,0.0832,0.0374,0.5557,0.00401856
4,0.03,0.0383,0.6917,0.8992,0.001149
4,0.045,0.04,0.7242,0.3267,0.0018
2,0.04,0.045,0.53,0.4525,0.0018
2,0.045,0.0383,0.1808,0.4592,0.0017235
5,0.0867,0.0367,0.0617,0.875,0.00318189
5,0.0467,0.0917,0.26,0.3108,0.00428239
5,0.1283,0.0517,0.0992,0.0725,0.00663311
5,0.08,0.0417,0.6417,0.1492,0.003336
3,0.0782,0.0932,0.5449,0.2329,0.0072882400000000005
3,0.0599,0.0616,0.3677,0.0524,0.0036898400000000002
3,0.07,0.055,0.815,0.9708,0.0038500000000000006
5,0.0233,0.0582,0.9035,0.6963,0.00135606
5,0.0732,0.0832,0.0749,0.4842,0.00609024
5,0.0366,0.0915,0.5491,0.6215,0.0033489
5,0.0466,0.0449,0.3361,0.6681,0.0020923400000000003
3,0.0517,0.05,0.9575,0.2017,0.0025850000000000005
4,0.02,0.035,0.3783,0.7358,0.0007000000000000001
1,0.0667,0.035,0.9617,0.7458,0.0023345
4,0.0316,0.0316,0.8394,0.5815,0.0009985600000000001
4,0.0316,0.0233,0.5366,0.2862,0.0007362800000000001
3,0.0815,0.1098,0.1439,0.2928,0.0089487
1,0.0367,0.0733,0.065,0.4833,0.0026901100000000003
1,0.05,0.0317,0.3033,0.5008,0.001585
3,0.0516,0.0566,0.1805,0.609,0.00292056
3,0.0582,0.0566,0.6481,0.9501,0.0032941199999999998
5,0.06,0.03,0.8433,0.5167,0.0018
5,0.06,0.0283,0.84,0.3442,0.0016979999999999999
5,0.0833,0.03,0.9383,0.8767,0.002499
5,0.0932,0.0932,0.782,0.2662,0.008686240000000001
5,0.0383,0.1215,0.5998,0.5399,0.00465345
2,0.0449,0.0316,0.7978,0.9293,0.0014188400000000002
2,0.0366,0.0349,0.2379,0.916,0.00127734
2,0.0516,0.0416,0.6597,0.4351,0.00214656
3,0.0417,0.0517,0.8642,0.4092,0.00215589
3,0.0433,0.0517,0.2217,0.6992,0.00223861
0,0.045,0.0667,0.2775,0.3217,0.0030015
0,0.0533,0.055,0.4667,0.4542,0.0029315
0,0.0417,0.0683,0.6625,0.7625,0.00284811
3,0.0417,0.0433,0.7408,0.55,0.00180561
0,0.03,0.0433,0.495,0.725,0.0012989999999999998
1,0.0483,0.065,0.1925,0.1342,0.0031395000000000004
2,0.0667,0.0617,0.4667,0.4875,0.004115389999999999
3,0.085,0.0567,0.0692,0.755,0.0048195
3,0.075,0.1,0.2175,0.3867,0.0075
3,0.0599,0.0599,0.0316,0.8486,0.0035880100000000004
5,0.0433,0.035,0.3817,0.6825,0.0015155000000000001
5,0.0183,0.0967,0.3342,0.2717,0.00176961
5,0.025,0.1133,0.4358,0.24,0.0028325
3,0.0715,0.0649,0.8611,0.287,0.00464035
3,0.0749,0.0815,0.8278,0.1356,0.00610435
4,0.0217,0.0233,0.7842,0.2483,0.0005056100000000001
4,0.025,0.0217,0.6242,0.2708,0.0005425
4,0.0267,0.0283,0.32,0.1725,0.00075561
4,0.0233,0.0217,0.0617,0.2092,0.0005056100000000001
5,0.1033,0.0667,0.8033,0.4733,0.00689011
4,0.0366,0.0466,0.5591,0.1098,0.00170556
3,0.03,0.0483,0.1617,0.3958,0.001449
3,0.03,0.0633,0.4233,0.3367,0.0018989999999999999
1,0.045,0.0783,0.3742,0.8258,0.0035234999999999997
1,0.0633,0.0483,0.5983,0.1492,0.00305739
1,0.0833,0.0283,0.52,0.0158,0.00235739
1,0.04,0.0783,0.86,0.3408,0.003132
4,0.0317,0.0333,0.7958,0.2333,0.00105561
0,0.0483,0.0449,0.7812,0.4634,0.00216867
3,0.06,0.0633,0.2383,0.7767,0.0037979999999999997
3,0.0583,0.0667,0.7275,0.78,0.0038886099999999994
0,0.0583,0.03,0.6958,0.56,0.001749
3,0.0582,0.0549,0.3353,0.8245,0.00319518
3,0.0383,0.0567,0.1992,0.345,0.00217161
3,0.055,0.0483,0.5492,0.7925,0.0026565
3,0.045,0.0533,0.3525,0.5933,0.0023985
3,0.0483,0.0483,0.0908,0.4575,0.0023328900000000002
2,0.0283,0.0333,0.9842,0.7583,0.0009423900000000001
2,0.0467,0.0333,0.64,0.9133,0.0015551100000000002
5,0.0633,0.0333,0.63,0.0367,0.00210789
3,0.0783,0.0683,0.4908,0.9642,0.005347889999999999
3,0.0933,0.11,0.4817,0.24,0.010263
3,0.105,0.1067,0.6292,0.3617,0.0112035
2,0.035,0.0317,0.0675,0.0742,0.0011095
2,0.0317,0.04,0.6508,0.64,0.001268
1,0.0367,0.0417,0.2583,0.6175,0.0015303900000000002
4,0.0467,0.0683,0.4967,0.7508,0.00318961
4,0.055,0.075,0.5242,0.2942,0.004125
4,0.0467,0.0633,0.8883,0.9667,0.0029561099999999996
4,0.06,0.075,0.8133,0.5658,0.0045
1,0.0967,0.0467,0.0767,0.6183,0.00451589
1,0.065,0.0333,0.5792,0.7017,0.0021645
2,0.065,0.075,0.2792,0.4825,0.004875
2,0.0633,0.0717,0.84,0.3425,0.004538609999999999
2,0.0767,0.0767,0.835,0.7083,0.005882890000000001
2,0.0399,0.0433,0.396,0.1847,0.00172767
2,0.0383,0.0383,0.7363,0.2304,0.00146689
3,0.045,0.065,0.9758,0.5258,0.002925
3,0.0467,0.04,0.8833,0.1783,0.0018679999999999999
1,0.0333,0.0749,0.6922,0.7163,0.00249417
1,0.0516,0.0616,0.5516,0.3652,0.00317856
2,0.0533,0.0467,0.6833,0.1717,0.00248911
2,0.0433,0.04,0.9083,0.2983,0.001732
2,0.05,0.0517,0.5367,0.4642,0.0025850000000000005
5,0.0316,0.0682,0.0341,0.703,0.00215512
4,0.0233,0.0267,0.5033,0.035,0.00062211
4,0.0283,0.025,0.3525,0.2842,0.0007075
4,0.0233,0.02,0.9633,0.215,0.00046600000000000005
1,0.0449,0.0815,0.2105,0.3087,0.0036593500000000004
1,0.0283,0.0666,0.5233,0.3461,0.0018847800000000002
0,0.0483,0.0349,0.8378,0.4301,0.00168567
0,0.0516,0.0349,0.4917,0.089,0.00180084
4,0.0366,0.0399,0.8552,0.9451,0.0014603399999999999
1,0.0849,0.0383,0.1522,0.6314,0.0032516700000000003
1,0.0749,0.0433,0.2654,0.1314,0.0032431699999999996
0,0.0283,0.0567,0.4408,0.6967,0.00160461
5,0.0433,0.0998,0.213,0.5258,0.00432134
5,0.1082,0.0433,0.074,0.3644,0.00468506
5,0.0366,0.0682,0.0516,0.1106,0.00249612
0,0.0366,0.0566,0.8319,0.0899,0.00207156
0,0.0533,0.0483,0.4567,0.2942,0.00257439
2,0.0449,0.0366,0.4434,0.8486,0.00164334
2,0.04,0.0283,0.9683,0.0158,0.001132
0,0.0283,0.0433,0.6958,0.235,0.0012253899999999998
0,0.0433,0.0483,0.875,0.1358,0.00209139
0,0.0567,0.0333,0.695,0.5367,0.0018881100000000001
4,0.0283,0.0317,0.2758,0.3625,0.0008971099999999999
4,0.0366,0.0499,0.9251,0.4476,0.00182634
4,0.0383,0.0383,0.8211,0.0208,0.00146689
4,0.0582,0.0449,0.2504,0.3053,0.00261318
0,0.0433,0.0567,0.6133,0.965,0.00245511
0,0.03,0.045,0.6733,0.1442,0.0013499999999999999
2,0.0416,0.0466,0.1755,0.3428,0.00193856
2,0.0599,0.0616,0.3095,0.8544,0.0036898400000000002
0,0.0466,0.0599,0.8619,0.8469,0.0027913400000000002
1,0.0416,0.0799,0.6697,0.9301,0.0033238399999999998
1,0.0865,0.0549,0.7854,0.6448,0.00474885
3,0.045,0.0617,0.1242,0.8092,0.0027765
3,0.04,0.0983,0.2383,0.9258,0.003932
3,0.04,0.0483,0.7367,0.0375,0.0019320000000000001
3,0.0517,0.0467,0.8875,0.61,0.00241439
3,0.0683,0.0583,0.2042,0.6792,0.00398189
3,0.0682,0.0532,0.505,0.4459,0.0036282399999999996
3,0.0333,0.0915,0.2729,0.4967,0.00304695
3,0.0416,0.0815,0.272,0.0424,0.0033904
4,0.0333,0.0333,0.6922,0.6473,0.0011088900000000002
5,0.0267,0.1033,0.9633,0.3083,0.0027581100000000002
5,0.1133,0.0283,0.17,0.5142,0.00320639
5,0.045,0.0283,0.0825,0.4208,0.0012735
0,0.0582,0.03,0.3602,0.5641,0.001746
0,0.04,0.0383,0.745,0.7942,0.0015320000000000002
0,0.04,0.0433,0.6083,0.555,0.001732
2,0.0316,0.0399,0.0175,0.9767,0.00126084
2,0.0349,0.0599,0.0191,0.7354,0.0020905100000000003
2,0.0316,0.0566,0.0175,0.3228,0.00178856
1,0.0715,0.0649,0.3669,0.9642,0.00464035
1,0.0932,0.0649,0.0965,0.8943,0.00604868
4,0.0333,0.0383,0.4592,0.0824,0.0012753900000000002
4,0.0383,0.0233,0.4517,0.6073,0.0008923900000000001
4,0.0399,0.025,0.2047,0.7429,0.0009975
1,0.0683,0.045,0.4758,0.3675,0.0030735
1,0.07,0.0383,0.1633,0.2675,0.0026810000000000002
1,0.0617,0.055,0.2475,0.8775,0.0033935
3,0.0483,0.0533,0.6108,0.1133,0.00257439
3,0.06,0.07,0.6783,0.7967,0.004200000000000001
0,0.035,0.06,0.1642,0.1083,0.0021000000000000003
0,0.0317,0.045,0.4492,0.5792,0.0014264999999999998
1,0.0317,0.1,0.9825,0.14,0.00317
2,0.035,0.0317,0.8925,0.8008,0.0011095
2,0.0317,0.0333,0.9475,0.665,0.00105561
2,0.035,0.03,0.6875,0.6633,0.0010500000000000002
2,0.0433,0.035,0.6867,0.3908,0.0015155000000000001
2,0.0317,0.0283,0.3092,0.7842,0.0008971099999999999
5,0.0267,0.0417,0.4283,0.9092,0.0011133900000000001
5,0.0317,0.0817,0.5408,0.2375,0.0025898899999999996
5,0.05,0.03,0.2983,0.545,0.0015
5,0.0317,0.0667,0.1492,0.2917,0.00211439
1,0.09,0.0533,0.1917,0.7317,0.004797
1,0.045,0.0933,0.7992,0.46,0.0041985
0,0.0483,0.0267,0.9608,0.2783,0.00128961
4,0.0266,0.0582,0.6938,0.8844,0.00154812
4,0.0532,0.0216,0.2196,0.5033,0.00114912
4,0.0582,0.03,0.2238,0.1314,0.001746
2,0.0732,0.0666,0.9534,0.2596,0.00487512
1,0.0899,0.0616,0.218,0.2205,0.00553784
1,0.0566,0.0815,0.4842,0.5666,0.0046129
3,0.04,0.0483,0.4017,0.6092,0.0019320000000000001
3,0.04,0.0517,0.1967,0.4092,0.002068
2,0.0499,0.0449,0.7987,0.6065,0.0022405100000000002
0,0.025,0.0599,0.7196,0.6256,0.0014975000000000001
0,0.0632,0.0283,0.0882,0.1323,0.00178856
4,0.0366,0.0399,0.6955,0.0483,0.0014603399999999999
4,0.0599,0.0466,0.2496,0.4509,0.0027913400000000002
0,0.02,0.0567,0.3367,0.2967,0.001134
0,0.0367,0.0183,0.02,0.1242,0.0006716100000000001
0,0.0583,0.0183,0.3158,0.6242,0.00106689
1,0.035,0.0517,0.7825,0.6508,0.0018095000000000003
0,0.0617,0.05,0.2608,0.1367,0.003085
0,0.0583,0.0367,0.4492,0.5417,0.00213961
0,0.0517,0.0467,0.2958,0.72,0.00241439
0,0.0583,0.0467,0.2025,0.885,0.00272261
0,0.04,0.0583,0.0433,0.2475,0.002332
5,0.0333,0.0749,0.6988,0.5516,0.00249417
5,0.0666,0.0349,0.228,0.2454,0.0023243400000000003
5,0.0683,0.0383,0.4125,0.3475,0.00261589
5,0.0483,0.0517,0.3158,0.5358,0.0024971100000000003
2,0.0632,0.0666,0.2795,0.2829,0.004209120000000001
3,0.0683,0.04,0.6525,0.9783,0.002732
1,0.0333,0.0682,0.6872,0.5749,0.00227106
5,0.0417,0.0283,0.5625,0.7558,0.00118011
0,0.0632,0.0616,0.7687,0.5582,0.0038931200000000003
0,0.0549,0.0682,0.2754,0.698,0.0037441799999999997
0,0.0433,0.0632,0.6406,0.6755,0.0027365600000000003
4,0.0417,0.0417,0.5958,0.7175,0.00173889
0,0.06,0.03,0.635,0.435,0.0018
0,0.0583,0.03,0.1042,0.8567,0.001749
0,0.0483,0.05,0.2058,0.2183,0.0024150000000000005
1,0.0283,0.0467,0.8342,0.2167,0.00132161
5,0.0566,0.03,0.9684,0.4193,0.0016979999999999999
5,0.0283,0.1281,0.1872,0.9126,0.0036252299999999997
5,0.0383,0.035,0.6075,0.3008,0.0013405000000000001
5,0.0183,0.0567,0.8892,0.645,0.00103761
5,0.0583,0.0267,0.4092,0.9033,0.00155661
1,0.0567,0.0333,0.375,0.0867,0.0018881100000000001
1,0.035,0.0617,0.5008,0.3992,0.0021595
2,0.0317,0.0267,0.7742,0.82,0.00084639
2,0.035,0.0367,0.8908,0.9367,0.0012845000000000003
2,0.0417,0.0367,0.8942,0.325,0.0015303900000000002
2,0.04,0.04,0.6033,0.1183,0.0016
4,0.025,0.035,0.0142,0.2442,0.0008750000000000001
4,0.0433,0.0483,0.7217,0.6975,0.00209139
5,0.03,0.055,0.935,0.7808,0.00165
5,0.0417,0.07,0.8242,0.82,0.002919
5,0.0683,0.0433,0.4792,0.7017,0.00295739
5,0.075,0.05,0.0675,0.8883,0.00375
1,0.0416,0.0516,0.0907,0.1073,0.00214656
5,0.0765,0.0416,0.787,0.9077,0.0031823999999999997
4,0.0517,0.045,0.9058,0.4508,0.0023265
3,0.0666,0.0649,0.2779,0.104,0.00432234
3,0.0749,0.0899,0.3852,0.7987,0.006733509999999999
3,0.0832,0.0699,0.1797,0.8669,0.00581568
4,0.0383,0.0216,0.6431,0.9326,0.00082728
4,0.0383,0.0333,0.9359,0.3111,0.0012753900000000002
1,0.0616,0.0599,0.5849,0.8037,0.0036898400000000002
1,0.0349,0.0799,0.5682,0.3478,0.00278851
1,0.0366,0.0882,0.1797,0.7163,0.00322812
4,0.0467,0.03,0.1833,0.73,0.001401
4,0.0267,0.0317,0.655,0.9758,0.00084639
4,0.03,0.0233,0.52,0.4833,0.000699
1,0.0682,0.0899,0.5233,0.6156,0.006131179999999999
1,0.0899,0.0532,0.1414,0.2696,0.004782679999999999
1,0.0466,0.0865,0.3478,0.5807,0.0040309
1,0.0715,0.0532,0.7163,0.6689,0.0038037999999999995
4,0.0399,0.0416,0.1631,0.1572,0.0016598399999999999
0,0.0283,0.0466,0.287,0.3777,0.00131878
0,0.0216,0.0399,0.327,0.8419,0.00086184
3,0.06,0.0483,0.95,0.3325,0.002898
5,0.0733,0.0233,0.2717,0.0417,0.00170789
5,0.0983,0.0233,0.5692,0.205,0.0022903900000000002
5,0.0167,0.1083,0.515,0.9442,0.0018086099999999998
2,0.0567,0.0717,0.7,0.5658,0.00406539
2,0.0517,0.05,0.3008,0.9233,0.0025850000000000005
5,0.0933,0.0483,0.31,0.7408,0.00450639
5,0.0533,0.13,0.0717,0.9017,0.006929
5,0.0433,0.0817,0.1483,0.3592,0.0035376099999999996
4,0.0349,0.0349,0.7562,0.2088,0.00121801
4,0.0483,0.0399,0.6065,0.3111,0.00192717
0,0.0367,0.0417,0.66,0.6042,0.0015303900000000002
0,0.0517,0.04,0.7175,0.4233,0.002068
0,0.0333,0.0417,0.585,0.2908,0.0013886100000000002
3,0.04,0.04,0.1867,0.61,0.0016
3,0.0517,0.0567,0.5125,0.2633,0.0029313900000000003
3,0.0566,0.0682,0.8369,0.114,0.0038601199999999994
3,0.0732,0.0616,0.4143,0.6281,0.00450912
2,0.0399,0.0333,0.3095,0.797,0.0013286700000000001
2,0.0316,0.0349,0.0175,0.7612,0.0011028400000000001
2,0.0366,0.0399,0.2579,0.2712,0.0014603399999999999
3,0.0632,0.0599,0.4143,0.5241,0.0037856800000000005
0,0.0483,0.0317,0.5308,0.7792,0.00153111
0,0.05,0.045,0.6017,0.7225,0.00225
0,0.0683,0.0433,0.4158,0.47,0.00295739
0,0.0417,0.0417,0.1458,0.4008,0.00173889
0,0.0317,0.045,0.9608,0.6008,0.0014264999999999998
0,0.0383,0.0483,0.4225,0.6942,0.00184989
5,0.0383,0.1098,0.4717,0.2696,0.00420534
5,0.0932,0.0932,0.1181,0.2662,0.008686240000000001
4,0.0383,0.0333,0.6442,0.39,0.0012753900000000002
4,0.035,0.0333,0.3808,0.7283,0.0011655000000000003
4,0.0283,0.0317,0.0842,0.7775,0.0008971099999999999
5,0.0782,0.0466,0.4052,0.4659,0.0036441200000000003
5,0.0765,0.0399,0.2562,0.1448,0.0030523499999999997
5,0.0799,0.0449,0.1664,0.6448,0.0035875100000000004
5,0.0466,0.0283,0.1198,0.0158,0.00131878
5,0.0467,0.0567,0.4717,0.4967,0.00264789
2,0.0317,0.03,0.5942,0.4067,0.0009509999999999999
2,0.0317,0.0267,0.7758,0.155,0.00084639
2,0.035,0.0367,0.8908,0.2717,0.0012845000000000003
1,0.0417,0.035,0.6825,0.3375,0.0014595
1,0.035,0.0317,0.0958,0.5658,0.0011095
1,0.0417,0.045,0.2842,0.5575,0.0018765
2,0.0433,0.0433,0.5983,0.5617,0.00187489
2,0.0517,0.0483,0.9075,0.7725,0.0024971100000000003
4,0.045,0.0383,0.2442,0.0242,0.0017235
4,0.0267,0.035,0.1667,0.4725,0.0009345000000000001
0,0.0267,0.0467,0.13,0.4617,0.00124689
0,0.04,0.0283,0.3467,0.6225,0.001132
1,0.0433,0.0617,0.2733,0.9458,0.0026716099999999996
2,0.0983,0.1083,0.6458,0.8592,0.01064589
4,0.045,0.0483,0.4225,0.8992,0.0021735
4,0.04,0.0467,0.6883,0.7567,0.0018679999999999999
5,0.0233,0.065,0.6817,0.2242,0.0015145000000000002
4,0.03,0.0267,0.5567,0.7733,0.0008010000000000001
4,0.025,0.025,0.0742,0.9325,0.0006250000000000001
4,0.0417,0.0467,0.7708,0.2083,0.00194739
0,0.0466,0.0333,0.7238,0.9418,0.0015517800000000002
0,0.03,0.0349,0.9817,0.2654,0.001047
3,0.0466,0.0516,0.03,0.5915,0.00240456
2,0.04,0.0283,0.59,0.2275,0.001132
2,0.0417,0.0333,0.2742,0.1117,0.0013886100000000002
2,0.0417,0.0333,0.3608,0.535,0.0013886100000000002
0,0.06,0.0267,0.3933,0.6417,0.0016020000000000001
2,0.0566,0.0532,0.3311,0.1348,0.0030111199999999995
2,0.0699,0.0582,0.4226,0.1988,0.00406818
2,0.0566,0.0566,0.3261,0.4542,0.00320356
2,0.0567,0.0467,0.3517,0.2783,0.00264789
2,0.055,0.0633,0.8425,0.4833,0.0034815
4,0.0399,0.0416,0.8087,0.4734,0.0016598399999999999
4,0.0366,0.0499,0.5923,0.7937,0.00182634
4,0.0383,0.0399,0.4884,0.3661,0.00152817
4,0.0383,0.0333,0.109,0.0965,0.0012753900000000002
5,0.08,0.02,0.185,0.775,0.0016
5,0.0183,0.0583,0.3658,0.4542,0.00106689
5,0.0317,0.0667,0.4308,0.5983,0.00211439
0,0.0267,0.045,0.88,0.1575,0.0012015
0,0.045,0.025,0.6608,0.4958,0.001125
0,0.0433,0.0283,0.8817,0.7542,0.0012253899999999998
1,0.0599,0.0549,0.2679,0.1772,0.00328851
1,0.0666,0.0383,0.1597,0.6314,0.0025507800000000003
2,0.0366,0.0649,0.9784,0.3453,0.00237534
2,0.075,0.065,0.9275,0.2292,0.004875
3,0.0483,0.0649,0.2271,0.2088,0.00313467
5,0.0899,0.0333,0.812,0.9667,0.00299367
5,0.0715,0.0216,0.5216,0.7812,0.0015444
5,0.0549,0.0216,0.3186,0.7945,0.00118584
5,0.0649,0.0233,0.2604,0.6306,0.00151217
3,0.0549,0.0549,0.1073,0.7729,0.0030140099999999997
3,0.0433,0.0532,0.6689,0.1148,0.0023035599999999996
3,0.0499,0.0549,0.2529,0.5017,0.0027395099999999997
0,0.0867,0.0533,0.6483,0.3733,0.00462111
0,0.06,0.0583,0.795,0.7792,0.003498
5,0.035,0.085,0.1258,0.7292,0.0029750000000000006
5,0.0467,0.09,0.6167,0.425,0.004203
5,0.04,0.0833,0.3483,0.87,0.003332
5,0.095,0.0433,0.6008,0.94,0.0041135
5,0.0433,0.095,0.8133,0.7625,0.0041135
0,0.0433,0.0317,0.9583,0.7692,0.0013726099999999998
0,0.0283,0.0467,0.6425,0.9467,0.00132161
2,0.075,0.09,0.5175,0.315,0.00675
2,0.08,0.0767,0.5117,0.595,0.006136000000000001
5,0.025,0.045,0.6958,0.3792,0.001125
5,0.0533,0.0433,0.13,0.4383,0.00230789
0,0.0333,0.0283,0.4817,0.9792,0.0009423900000000001
0,0.0699,0.0416,0.8769,0.4767,0.00290784
0,0.0333,0.0649,0.6156,0.5715,0.00216117
0,0.0499,0.0283,0.6572,0.2288,0.00141217
2,0.0517,0.0533,0.5175,0.5383,0.0027556100000000004
5,0.0383,0.0983,0.1242,0.7242,0.00376489
5,0.13,0.0533,0.3917,0.715,0.006929
5,0.0417,0.07,0.4258,0.5433,0.002919
5,0.0817,0.06,0.2442,0.4133,0.004901999999999999
3,0.1017,0.13,0.4192,0.6233,0.013221
3,0.1217,0.0933,0.4675,0.845,0.01135461
1,0.025,0.065,0.2692,0.8958,0.0016250000000000001
3,0.1,0.0817,0.5517,0.2958,0.00817
5,0.0399,0.1165,0.8952,0.2646,0.00464835
5,0.0667,0.03,0.3917,0.6133,0.0020009999999999997
5,0.065,0.055,0.5475,0.4458,0.003575
5,0.0316,0.1215,0.9559,0.6381,0.0038394
5,0.0383,0.0799,0.3636,0.183,0.00306017
5,0.0366,0.0982,0.3328,0.8577,0.0035941199999999997
5,0.0849,0.0349,0.5982,0.0691,0.0029630100000000003
3,0.0617,0.075,0.6492,0.6375,0.0046275
1,0.055,0.07,0.5225,0.9383,0.0038500000000000006
1,0.0767,0.0383,0.8317,0.5592,0.0029376100000000002
4,0.0267,0.0317,0.3767,0.0358,0.00084639
4,0.0283,0.0267,0.0858,0.4167,0.00075561
4,0.04,0.0383,0.4267,0.9442,0.0015320000000000002
4,0.0217,0.03,0.8575,0.795,0.000651
5,0.0583,0.06,0.1058,0.1233,0.003498
3,0.0433,0.0715,0.7121,0.4185,0.0030959499999999997
3,0.0433,0.0566,0.6988,0.6373,0.0024507799999999996
3,0.0466,0.0499,0.614,0.7388,0.00232534
3,0.0483,0.0517,0.4908,0.4558,0.0024971100000000003
0,0.03,0.0349,0.02,0.4817,0.001047
0,0.055,0.035,0.0892,0.8325,0.0019250000000000003
0,0.0433,0.0517,0.0233,0.5108,0.00223861
5,0.06,0.0383,0.29,0.3108,0.002298
5,0.07,0.0317,0.5133,0.1558,0.002219
5,0.03,0.0517,0.8233,0.0675,0.001551
5,0.04,0.0817,0.2117,0.2908,0.003268
0,0.04,0.0433,0.855,0.7183,0.001732
3,0.0617,0.055,0.5308,0.2708,0.0033935
3,0.0417,0.0417,0.0708,0.1458,0.00173889
2,0.0333,0.0367,0.5733,0.19,0.0012221100000000002
2,0.03,0.0367,0.765,0.02,0.001101
2,0.0367,0.0383,0.9667,0.2242,0.00140561
0,0.0333,0.0283,0.4817,0.3125,0.0009423900000000001
0,0.0383,0.04,0.7175,0.7233,0.0015320000000000002
0,0.0416,0.0349,0.4285,0.129,0.00145184
1,0.0467,0.115,0.1683,0.7658,0.0053705
1,0.09,0.0483,0.4567,0.8308,0.004347
1,0.0417,0.085,0.8058,0.6725,0.0035445000000000003
0,0.05,0.0333,0.3583,0.2217,0.0016650000000000002
0,0.04,0.0533,0.7533,0.3083,0.002132
3,0.0633,0.0467,0.2083,0.7717,0.0029561099999999996
3,0.0533,0.055,0.7017,0.7858,0.0029315
3,0.0683,0.0833,0.0442,0.47,0.00568939
2,0.1,0.1167,0.3833,0.8233,0.01167
3,0.0749,0.1015,0.8943,0.0724,0.00760235
4,0.0367,0.0233,0.22,0.2017,0.0008551100000000002
2,0.04,0.0417,0.295,0.7425,0.001668
2,0.0433,0.0433,0.8383,0.5833,0.00187489
2,0.0517,0.0517,0.0742,0.8742,0.0026728900000000002
2,0.035,0.0367,0.4042,0.815,0.0012845000000000003
2,0.0333,0.0367,0.0733,0.2717,0.0012221100000000002
2,0.0383,0.0433,0.7708,0.9767,0.00165839
2,0.0417,0.0417,0.5558,0.7825,0.00173889
3,0.0899,0.0932,0.1864,0.6772,0.00837868
4,0.0283,0.0383,0.6158,0.3292,0.00108389
4,0.0417,0.0267,0.7708,0.2617,0.0011133900000000001
4,0.0317,0.035,0.9425,0.8825,0.0011095
4,0.04,0.035,0.785,0.7475,0.0014000000000000002
4,0.0333,0.0383,0.9483,0.6842,0.0012753900000000002
4,0.0467,0.0533,0.8433,0.57,0.00248911
0,0.07,0.0333,0.205,0.8417,0.0023310000000000006
3,0.0433,0.0416,0.7304,0.327,0.00180128
3,0.0366,0.0466,0.7205,0.4343,0.00170556
3,0.0416,0.0549,0.5,0.2371,0.0022838399999999997
3,0.0633,0.0567,0.74,0.1483,0.00358911
3,0.0717,0.0667,0.4392,0.56,0.00478239
4,0.0383,0.0399,0.6364,0.2879,0.00152817
4,0.0349,0.0466,0.7762,0.8519,0.0016263400000000002
2,0.0567,0.0533,0.6667,0.8667,0.00302211
2,0.07,0.0583,0.575,0.8025,0.004081
2,0.0567,0.0567,0.6717,0.5467,0.00321489
1,0.0333,0.0749,0.3594,0.1506,0.00249417
1,0.0749,0.0433,0.5982,0.6972,0.0032431699999999996
2,0.0367,0.0467,0.28,0.1117,0.00171389
4,0.0316,0.0316,0.8594,0.9077,0.0009985600000000001
4,0.0316,0.03,0.3353,0.8735,0.0009480000000000001
2,0.0699,0.0599,0.4493,0.5358,0.0041870100000000006
4,0.045,0.0367,0.7942,0.4067,0.0016515000000000002
4,0.035,0.0333,0.3042,0.79,0.0011655000000000003
4,0.0433,0.0317,0.7067,0.5475,0.0013726099999999998
1,0.0383,0.0283,0.9492,0.4708,0.00108389
4,0.0317,0.025,0.1325,0.8842,0.0007925
4,0.0233,0.0267,0.605,0.9317,0.00062211
4,0.0283,0.0283,0.1625,0.4442,0.00080089
4,0.03,0.04,0.4033,0.165,0.0012
1,0.03,0.0683,0.8083,0.5992,0.002049
1,0.0433,0.025,0.0717,0.4375,0.0010825
2,0.0433,0.0367,0.535,0.0433,0.0015891100000000001
4,0.0349,0.0333,0.6165,0.9368,0.0011621700000000001
4,0.0283,0.0316,0.9126,0.8877,0.00089428
0,0.055,0.03,0.3292,0.2783,0.00165
4,0.0383,0.0317,0.2642,0.0592,0.00121411
2,0.0667,0.0683,0.1,0.5075,0.00455561
3,0.0683,0.065,0.8292,0.7725,0.0044395
3,0.0717,0.0683,0.5058,0.3392,0.00489711
4,0.0399,0.0433,0.7138,0.5907,0.00172767
4,0.0333,0.0666,0.5441,0.2579,0.0022177800000000004
4,0.0416,0.0483,0.0225,0.3436,0.00200928
4,0.04,0.03,0.66,0.8683,0.0012
4,0.0283,0.0433,0.5925,0.7133,0.0012253899999999998
1,0.0599,0.0832,0.9201,0.371,0.00498368
1,0.0616,0.0599,0.9176,0.0449,0.0036898400000000002
1,0.055,0.0383,0.2875,0.0492,0.0021065
3,0.065,0.0883,0.2842,0.8608,0.005739500000000001
3,0.0817,0.0667,0.8592,0.7533,0.005449389999999999
4,0.0383,0.03,0.2142,0.5267,0.001149
1,0.0749,0.0383,0.8311,0.4418,0.00286867
0,0.0717,0.0617,0.0425,0.5958,0.00442389
0,0.065,0.0817,0.4792,0.1175,0.0053105
0,0.0633,0.065,0.5533,0.5525,0.0041145
0,0.0767,0.065,0.7817,0.1575,0.0049855
1,0.0717,0.035,0.5175,0.0658,0.0025095000000000004
1,0.03,0.0483,0.5,0.3042,0.001449
3,0.0566,0.0666,0.7704,0.6722,0.0037695600000000004
3,0.0799,0.0666,0.8037,0.9384,0.005321340000000001
3,0.0499,0.0799,0.6156,0.4226,0.00398701
3,0.0399,0.0899,0.9767,0.4859,0.0035870099999999994
4,0.0367,0.06,0.6233,0.2717,0.002202
4,0.035,0.0267,0.4325,0.2467,0.0009345000000000001
4,0.025,0.04,0.6642,0.58,0.001
4,0.035,0.0317,0.2608,0.6075,0.0011095
3,0.0733,0.0583,0.33,0.6192,0.00427339
3,0.05,0.045,0.4583,0.0825,0.00225
3,0.05,0.0883,0.8217,0.1708,0.0044150000000000005
1,0.0433,0.0817,0.6417,0.4225,0.0035376099999999996
3,0.0367,0.04,0.425,0.5467,0.0014680000000000001
3,0.0467,0.0417,0.7217,0.3792,0.00194739
3,0.0833,0.0667,0.3517,0.2633,0.0055561099999999995
2,0.0717,0.0717,0.3542,0.7725,0.00514089
1,0.0782,0.0433,0.0691,0.0233,0.00338606
1,0.0649,0.0632,0.4884,0.604,0.004101680000000001
1,0.0466,0.0815,0.6389,0.1489,0.0037979000000000003
3,0.0583,0.0417,0.6292,0.9775,0.0024311099999999998
1,0.0267,0.0517,0.9367,0.1058,0.0013803900000000002
1,0.0267,0.06,0.835,0.6433,0.0016020000000000001
1,0.0383,0.0283,0.9792,0.8808,0.00108389
0,0.0317,0.03,0.9825,0.1167,0.0009509999999999999
0,0.035,0.0417,0.2275,0.7158,0.0014595
3,0.0532,0.0799,0.7105,0.1481,0.00425068
3,0.0599,0.1248,0.4725,0.094,0.00747552
0,0.0317,0.045,0.4308,0.1508,0.0014264999999999998
0,0.0317,0.025,0.8525,0.5225,0.0007925
1,0.03,0.0483,0.5108,0.6181,0.001449
1,0.0649,0.0399,0.4933,0.0433,0.0025895099999999997
5,0.02,0.1181,0.015,0.6747,0.002362
3,0.0516,0.0466,0.8727,0.7937,0.00240456
2,0.07,0.07,0.2283,0.355,0.004900000000000001
0,0.07,0.0333,0.275,0.2867,0.0023310000000000006
0,0.0517,0.0317,0.3525,0.7642,0.00163889
0,0.065,0.0283,0.7125,0.6092,0.0018395
3,0.0599,0.1248,0.8037,0.4401,0.00747552
3,0.0682,0.0815,0.6514,0.1356,0.0055582999999999995
3,0.0649,0.0549,0.5017,0.312,0.0035630099999999997
2,0.0416,0.0349,0.8145,0.9759,0.00145184
2,0.0383,0.0466,0.6265,0.787,0.0017847800000000001
2,0.03,0.0349,0.7637,0.4384,0.001047
0,0.0599,0.0433,0.6972,0.4226,0.00259367
0,0.0549,0.0349,0.5532,0.3486,0.00191601
1,0.04,0.0783,0.75,0.2858,0.003132
1,0.035,0.0533,0.1725,0.4117,0.0018655000000000002
2,0.0483,0.0433,0.6258,0.535,0.00209139
2,0.0517,0.0367,0.0292,0.6317,0.0018973900000000003
0,0.03,0.0549,0.9601,0.8028,0.0016469999999999998
0,0.03,0.0499,0.5541,0.381,0.0014969999999999998
0,0.0449,0.0283,0.7047,0.4418,0.00127067
1,0.0667,0.04,0.9633,0.6483,0.002668
1,0.0317,0.0583,0.6142,0.3542,0.0018481099999999998
5,0.075,0.0417,0.4592,0.1025,0.0031275
5,0.1317,0.035,0.2025,0.4975,0.004609500000000001
5,0.13,0.0433,0.4417,0.4267,0.005629
5,0.0267,0.0567,0.7633,0.435,0.0015138900000000002
5,0.0317,0.0383,0.9825,0.4358,0.00121411
5,0.0733,0.0233,0.605,0.575,0.00170789
5,0.1,0.0233,0.9017,0.7383,0.00233
0,0.0317,0.0417,0.2808,0.2442,0.00132189
0,0.0333,0.0467,0.4433,0.4733,0.0015551100000000002
0,0.0317,0.0533,0.8492,0.3783,0.00168961
0,0.0467,0.0283,0.535,0.8325,0.00132161
1,0.0683,0.0317,0.0808,0.5192,0.00216511
2,0.0433,0.0333,0.2712,0.3561,0.0014418900000000001
2,0.0433,0.0333,0.1947,0.5108,0.0014418900000000001
2,0.0383,0.0416,0.2354,0.9143,0.0015932799999999999
3,0.0566,0.0682,0.5042,0.4601,0.0038601199999999994
3,0.0732,0.0532,0.0815,0.97,0.0038942399999999998
3,0.0699,0.0749,0.3111,0.2005,0.00523551
3,0.0582,0.0765,0.1789,0.0749,0.0044523
2,0.0383,0.035,0.3575,0.7275,0.0013405000000000001
2,0.0367,0.0383,0.6283,0.8058,0.00140561
1,0.08,0.0417,0.075,0.0592,0.003336
1,0.045,0.0617,0.4158,0.1775,0.0027765
1,0.055,0.035,0.5658,0.4258,0.0019250000000000003
2,0.0483,0.0532,0.1772,0.2912,0.00256956
2,0.0316,0.0416,0.0175,0.1339,0.00131456
1,0.0699,0.0582,0.4592,0.8245,0.00406818
1,0.0582,0.0499,0.713,0.5957,0.00290418
0,0.05,0.0233,0.9267,0.255,0.001165
0,0.0533,0.0233,0.5267,0.4467,0.00124189
2,0.0416,0.0366,0.8062,0.7488,0.00152256
2,0.0416,0.0316,0.3136,0.1007,0.00131456
2,0.0283,0.0316,0.2687,0.7196,0.00089428
2,0.0399,0.0383,0.1082,0.302,0.00152817
1,0.0533,0.04,0.9,0.725,0.002132
4,0.0333,0.03,0.2783,0.6283,0.000999
4,0.0367,0.025,0.575,0.3575,0.0009175000000000001
4,0.0283,0.04,0.1058,0.3867,0.001132
4,0.0283,0.0317,0.7508,0.7775,0.0008971099999999999
1,0.0567,0.0267,0.88,0.4917,0.0015138900000000002
1,0.075,0.04,0.2658,0.88,0.003
1,0.07,0.0317,0.615,0.6925,0.002219
1,0.0317,0.055,0.5825,0.0425,0.0017435
1,0.06,0.0333,0.27,0.1683,0.001998
3,0.0417,0.0467,0.6708,0.2883,0.00194739
3,0.0582,0.0483,0.8378,0.6531,0.00281106
3,0.0483,0.0699,0.4767,0.8386,0.0033761700000000004
3,0.0582,0.0932,0.4368,0.5807,0.00542424
3,0.0732,0.0666,0.4243,0.3311,0.00487512
4,0.03,0.0266,0.7438,0.2546,0.0007979999999999999
4,0.03,0.03,0.7371,0.3378,0.0009
4,0.0266,0.03,0.376,0.2596,0.0007979999999999999
0,0.0367,0.0283,0.215,0.1108,0.0010386100000000001
0,0.0217,0.06,0.9725,0.7633,0.001302
0,0.05,0.0233,0.395,0.5883,0.001165
1,0.035,0.055,0.0608,0.5192,0.0019250000000000003
1,0.03,0.055,0.385,0.6592,0.00165
1,0.0383,0.075,0.5592,0.5842,0.0028725
0,0.0333,0.0317,0.5083,0.3525,0.00105561
0,0.025,0.0367,0.7358,0.3417,0.0009175000000000001
5,0.0633,0.0333,0.63,0.7033,0.00210789
5,0.06,0.035,0.4333,0.4842,0.0021000000000000003
0,0.06,0.0617,0.2467,0.4958,0.0037019999999999996
0,0.0717,0.05,0.4425,0.8183,0.003585
0,0.0517,0.0417,0.7542,0.8558,0.00215589
0,0.0583,0.0433,0.6942,0.3667,0.0025243899999999996
0,0.03,0.045,0.0867,0.7842,0.0013499999999999999
0,0.055,0.0317,0.4458,0.1108,0.0017435
1,0.0532,0.0466,0.9334,0.574,0.00247912
1,0.0366,0.0632,0.4559,0.6057,0.00231312
2,0.045,0.0367,0.3242,0.0733,0.0016515000000000002
2,0.025,0.04,0.0142,0.3833,0.001
2,0.0433,0.0383,0.5583,0.1125,0.00165839
4,0.0217,0.035,0.7992,0.8875,0.0007595000000000001
0,0.0399,0.0349,0.7255,0.307,0.00139251
2,0.0349,0.0399,0.1689,0.9334,0.00139251
2,0.0366,0.0333,0.2978,0.4542,0.00121878
4,0.0233,0.025,0.9517,0.3708,0.0005825
4,0.02,0.0217,0.8683,0.4842,0.00043400000000000003
1,0.0217,0.045,0.8042,0.3225,0.0009764999999999999
1,0.0267,0.0583,0.1767,0.6108,0.00155661
1,0.0317,0.0567,0.9625,0.6983,0.00179739
0,0.0349,0.03,0.7562,0.3411,0.001047
0,0.0349,0.0316,0.3702,0.3769,0.0011028400000000001
5,0.0867,0.04,0.4667,0.6933,0.003468
0,0.0383,0.0533,0.4942,0.4617,0.00204139
0,0.04,0.0417,0.77,0.4425,0.001668
4,0.03,0.0283,0.5817,0.6158,0.0008489999999999999
3,0.04,0.04,0.855,0.7383,0.0016
3,0.0467,0.0333,0.9333,0.5217,0.0015551100000000002
5,0.0367,0.0933,0.6967,0.2217,0.00342411
3,0.0666,0.0632,0.7687,0.6772,0.004209120000000001
3,0.0865,0.0849,0.594,0.9276,0.00734385
0,0.0449,0.0316,0.6298,0.9809,0.0014188400000000002
0,0.0466,0.0616,0.2429,0.8511,0.0028705600000000003
3,0.0617,0.055,0.5825,0.3958,0.0033935
3,0.08,0.055,0.82,0.7408,0.0044
0,0.0582,0.0349,0.2654,0.5832,0.00203118
5,0.05,0.0733,0.4083,0.5117,0.0036650000000000003
5,0.1033,0.0467,0.3567,0.1567,0.00482411
5,0.0383,0.0883,0.0575,0.8858,0.0033818900000000002
5,0.0867,0.04,0.4683,0.7833,0.003468
4,0.0183,0.035,0.9875,0.3892,0.0006405000000000001
4,0.0367,0.0283,0.4833,0.8825,0.0010386100000000001
3,0.0433,0.0549,0.8453,0.926,0.0023771699999999996
3,0.0499,0.0349,0.5923,0.5449,0.00174151
2,0.045,0.0367,0.4292,0.185,0.0016515000000000002
2,0.04,0.04,0.79,0.89,0.0016
2,0.0633,0.0733,0.7717,0.26,0.00463989
3,0.05,0.0417,0.2183,0.3642,0.002085
3,0.065,0.0567,0.4308,0.2567,0.0036855
1,0.0433,0.0882,0.9567,0.3702,0.00381906
1,0.0599,0.0283,0.7205,0.708,0.00169517
0,0.0682,0.0466,0.9426,0.2962,0.00317812
0,0.0499,0.0649,0.7621,0.9343,0.00323851
0,0.0699,0.0532,0.5857,0.8003,0.00371868
0,0.0466,0.0682,0.4775,0.2055,0.00317812
1,0.0732,0.0532,0.9101,0.0483,0.0038942399999999998
1,0.0416,0.0582,0.8877,0.3286,0.00242112
1,0.0433,0.075,0.0783,0.6492,0.0032475
3,0.0583,0.0483,0.4925,0.6925,0.00281589
3,0.05,0.07,0.855,0.5067,0.0035000000000000005
3,0.0583,0.0933,0.8958,0.765,0.00543939
1,0.0667,0.04,0.5933,0.24,0.002668
1,0.0633,0.055,0.96,0.1925,0.0034815
1,0.0483,0.0467,0.5642,0.4583,0.00225561
1,0.0783,0.04,0.1725,0.6617,0.003132
3,0.045,0.05,0.7025,0.785,0.00225
1,0.0383,0.0517,0.7058,0.0275,0.00198011
5,0.0317,0.1217,0.0408,0.3625,0.00385789
2,0.0483,0.0367,0.5492,0.945,0.0017726100000000002
2,0.0467,0.045,0.115,0.8508,0.0021015
1,0.045,0.045,0.4642,0.4892,0.002025
1,0.035,0.0267,0.6375,0.3467,0.0009345000000000001
4,0.0383,0.05,0.1908,0.7133,0.001915
4,0.03,0.035,0.0167,0.8358,0.0010500000000000002
1,0.0383,0.0883,0.7358,0.3192,0.0033818900000000002
1,0.0417,0.0717,0.7425,0.8275,0.0029898900000000003
1,0.0433,0.1017,0.125,0.5492,0.00440361
1,0.1067,0.0433,0.4567,0.6,0.00462011
1,0.0633,0.07,0.3567,0.345,0.004431
1,0.0649,0.0699,0.4534,0.7621,0.0045365100000000005
3,0.1115,0.1198,0.2388,0.8935,0.0133577
3,0.0732,0.0982,0.5175,0.3702,0.007188239999999999
2,0.045,0.04,0.4392,0.335,0.0018
2,0.0383,0.04,0.5175,0.17,0.0015320000000000002
2,0.05,0.0433,0.8367,0.6067,0.002165
1,0.0599,0.0549,0.6007,0.7429,0.00328851
1,0.0666,0.0433,0.5857,0.2097,0.0028837800000000003
1,0.0715,0.0449,0.312,0.3602,0.00321035
5,0.0433,0.0783,0.645,0.3842,0.0033903899999999996
5,0.0417,0.0333,0.0225,0.3567,0.0013886100000000002
5,0.03,0.0683,0.88,0.6092,0.002049
1,0.0333,0.0567,0.235,0.945,0.0018881100000000001
5,0.0715,0.0433,0.7745,0.5923,0.0030959499999999997
5,0.0416,0.0965,0.2421,0.188,0.0040143999999999996
1,0.0267,0.0717,0.985,0.4508,0.0019143900000000002
1,0.04,0.0517,0.1967,0.0408,0.002068
1,0.0283,0.055,0.3958,0.8842,0.0015565
1,0.0417,0.0233,0.4592,0.5417,0.00097161
0,0.0433,0.0333,0.2433,0.72,0.0014418900000000001
0,0.0483,0.035,0.4725,0.5575,0.0016905000000000002
0,0.055,0.0333,0.3775,0.1517,0.0018315000000000002
0,0.03,0.0483,0.8317,0.4658,0.001449
0,0.0417,0.0267,0.5292,0.5633,0.0011133900000000001
1,0.05,0.035,0.5633,0.0442,0.0017500000000000003
1,0.0717,0.025,0.2875,0.2558,0.0017925
2,0.0417,0.0383,0.5025,0.1225,0.0015971100000000001
2,0.0317,0.0417,0.9825,0.1792,0.00132189
3,0.0583,0.045,0.1442,0.2942,0.0026235
3,0.0317,0.0583,0.3042,0.5125,0.0018481099999999998
3,0.0583,0.0333,0.4042,0.2467,0.00194139
3,0.0533,0.0367,0.54,0.62,0.00195611
0,0.0616,0.0233,0.2354,0.9717,0.0014352800000000001
0,0.025,0.0516,0.4101,0.3952,0.0012900000000000001
0,0.0333,0.0499,0.8902,0.5291,0.00166167
1,0.0466,0.0283,0.4809,0.277,0.00131878
1,0.0549,0.0349,0.5466,0.6381,0.00191601
1,0.0349,0.0549,0.2704,0.4817,0.00191601
0,0.0517,0.0517,0.8225,0.5142,0.0026728900000000002
0,0.0533,0.0367,0.9583,0.8767,0.00195611
2,0.04,0.04,0.4817,0.2633,0.0016
0,0.0599,0.0349,0.4992,0.5067,0.0020905100000000003
0,0.03,0.0549,0.2945,0.8028,0.0016469999999999998
0,0.0449,0.0283,0.0391,0.4418,0.00127067
4,0.0783,0.045,0.8792,0.3208,0.0035234999999999997
4,0.055,0.0667,0.7392,0.6367,0.0036685
2,0.0383,0.0416,0.9226,0.2704,0.0015932799999999999
2,0.0582,0.0466,0.7296,0.1947,0.00271212
2,0.0433,0.0433,0.3544,0.6672,0.00187489
2,0.0399,0.0466,0.5191,0.1231,0.00185934
3,0.0867,0.0633,0.14,0.285,0.005488109999999999
3,0.065,0.0783,0.2475,0.8592,0.005089499999999999
4,0.0467,0.0767,0.8883,0.1217,0.00358189
4,0.0617,0.0667,0.7308,0.3417,0.004115389999999999
3,0.0499,0.0449,0.0466,0.6697,0.0022405100000000002
2,0.0349,0.0316,0.1073,0.2005,0.0011028400000000001
2,0.0316,0.0333,0.0524,0.3361,0.0010522800000000003
2,0.0349,0.03,0.3103,0.3378,0.001047
2,0.0433,0.0349,0.3111,0.6098,0.00151117
2,0.0316,0.0283,0.688,0.2171,0.00089428
2,0.075,0.0567,0.5992,0.6867,0.0042525
2,0.075,0.0583,0.9608,0.3858,0.0043725
0,0.0333,0.05,0.7783,0.47,0.0016650000000000002
4,0.0367,0.0467,0.4383,0.8917,0.00171389
2,0.0466,0.0532,0.7022,0.1248,0.00247912
2,0.0532,0.0483,0.7271,0.4917,0.00256956
2,0.0532,0.0549,0.8253,0.6314,0.0029206799999999997
2,0.045,0.0333,0.2375,0.0717,0.0014985
2,0.0383,0.0417,0.3058,0.5392,0.0015971100000000001
4,0.0333,0.04,0.8583,0.305,0.001332
4,0.0367,0.0367,0.2817,0.25,0.0013468900000000003
0,0.0617,0.0533,0.7342,0.625,0.00328861
0,0.035,0.055,0.9775,0.3808,0.0019250000000000003
4,0.0283,0.0333,0.0442,0.305,0.0009423900000000001
4,0.0383,0.0467,0.1042,0.715,0.00178861
2,0.0783,0.07,0.3275,0.65,0.005481
2,0.06,0.0617,0.355,0.9042,0.0037019999999999996
2,0.0717,0.0667,0.5975,0.5633,0.00478239
0,0.0517,0.0683,0.0408,0.0792,0.00353111
0,0.0233,0.05,0.6883,0.2867,0.001165
0,0.0417,0.0217,0.6858,0.1142,0.00090489
3,0.0616,0.0882,0.6597,0.8245,0.0054331200000000005
3,0.0932,0.1215,0.411,0.4068,0.0113238
5,0.03,0.0683,0.1533,0.5125,0.002049
5,0.05,0.0283,0.2417,0.8225,0.001415
0,0.035,0.0433,0.2175,0.665,0.0015155000000000001
0,0.045,0.045,0.3542,0.2508,0.002025
3,0.0433,0.035,0.6267,0.1358,0.0015155000000000001
3,0.035,0.0483,0.6825,0.6975,0.0016905000000000002
3,0.0283,0.0483,0.2842,0.8692,0.00136689
3,0.0765,0.0632,0.3611,0.6489,0.0048348
5,0.0782,0.0383,0.1606,0.5549,0.0029950600000000003
5,0.0865,0.0466,0.3261,0.8303,0.0040309
5,0.0715,0.0333,0.8361,0.3694,0.00238095
3,0.0483,0.065,0.9575,0.3608,0.0031395000000000004
3,0.045,0.0633,0.9758,0.1217,0.0028484999999999995
3,0.0567,0.0667,0.2267,0.3283,0.0037818899999999996
3,0.08,0.0667,0.1933,0.0617,0.005336
3,0.05,0.08,0.3817,0.5783,0.004
3,0.0383,0.09,0.0208,0.515,0.003447
4,0.0367,0.045,0.2633,0.0675,0.0016515000000000002
4,0.0333,0.045,0.4333,0.8975,0.0014985
4,0.0417,0.0433,0.4992,0.7267,0.00180561
4,0.0233,0.0267,0.1583,0.5817,0.00062211
5,0.0533,0.0283,0.1917,0.5242,0.0015083899999999999
3,0.0633,0.065,0.5683,0.4858,0.0041145
3,0.0567,0.0633,0.8633,0.78,0.00358911
3,0.0583,0.0667,0.0608,0.78,0.0038886099999999994
0,0.0517,0.0633,0.1358,0.74,0.00327261
0,0.0383,0.06,0.5408,0.5517,0.002298
0,0.0483,0.0533,0.7192,0.705,0.00257439
0,0.0483,0.06,0.8858,0.7983,0.002898
0,0.06,0.0417,0.2467,0.9575,0.002502
0,0.0483,0.08,0.2542,0.82,0.0038640000000000002
0,0.0383,0.0683,0.6808,0.7342,0.00261589
4,0.03,0.0267,0.8883,0.7517,0.0008010000000000001
3,0.0649,0.0699,0.7363,0.3361,0.0045365100000000005
3,0.0516,0.0499,0.8727,0.5874,0.00257484
4,0.0399,0.0316,0.6323,0.525,0.00126084
3,0.075,0.09,0.3558,0.0967,0.00675
1,0.04,0.0933,0.06,0.6117,0.0037319999999999996
3,0.0667,0.065,0.42,0.1925,0.0043355
1,0.0833,0.0483,0.5183,0.8842,0.00402339
1,0.0667,0.0833,0.3117,0.8833,0.0055561099999999995
1,0.035,0.1033,0.8725,0.86,0.0036155000000000007
1,0.09,0.0567,0.775,0.5417,0.005103
3,0.0732,0.0582,0.6672,0.3819,0.00426024
3,0.0499,0.0449,0.5408,0.9176,0.0022405100000000002
3,0.0499,0.0882,0.178,0.8295,0.00440118
2,0.0433,0.0517,0.655,0.8392,0.00223861
2,0.045,0.0483,0.5158,0.6458,0.0021735
2,0.0517,0.06,0.7442,0.4133,0.003102
2,0.045,0.0567,0.2142,0.415,0.0025515
2,0.0317,0.055,0.0175,0.8375,0.0017435
1,0.0333,0.0717,0.7017,0.6492,0.00238761
5,0.065,0.0683,0.4325,0.5808,0.0044395
5,0.0583,0.0517,0.6525,0.8042,0.00301411
0,0.075,0.0633,0.1425,0.3683,0.004747499999999999
0,0.0517,0.0533,0.8092,0.43,0.0027556100000000004
0,0.0617,0.0717,0.5525,0.8992,0.00442389
2,0.0417,0.0467,0.4908,0.0917,0.00194739
2,0.0517,0.0467,0.8092,0.9067,0.00241439
2,0.03,0.03,0.7533,0.045,0.0009
4,0.0616,0.0433,0.6281,0.97,0.00266728
0,0.0317,0.0467,0.1742,0.0667,0.0014803899999999998
0,0.0283,0.06,0.2842,0.82,0.0016979999999999999
4,0.0383,0.035,0.6142,0.7675,0.0013405000000000001
4,0.04,0.0367,0.315,0.8333,0.0014680000000000001
1,0.0683,0.0483,0.2592,0.7492,0.00329889
1,0.0567,0.0367,0.9617,0.72,0.00208089
1,0.0317,0.045,0.9825,0.2775,0.0014264999999999998
3,0.0517,0.0533,0.9725,0.7317,0.0027556100000000004
4,0.0399,0.0532,0.3794,0.4892,0.0021226799999999996
4,0.0333,0.025,0.5191,0.3103,0.0008325000000000001
3,0.0633,0.0533,0.8583,0.215,0.0033738899999999996
5,0.105,0.0533,0.0592,0.7133,0.0055965
5,0.06,0.065,0.2183,0.4875,0.0039
5,0.1033,0.0417,0.3967,0.6342,0.00430761
1,0.0899,0.0616,0.5507,0.6464,0.00553784
1,0.0982,0.0649,0.926,0.4168,0.00637318
1,0.0815,0.0449,0.2354,0.8228,0.0036593500000000004
1,0.0566,0.0449,0.817,0.9742,0.00254134
1,0.0583,0.0333,0.3642,0.57,0.00194139
2,0.0417,0.045,0.9008,0.8208,0.0018765
1,0.085,0.0333,0.6358,0.5767,0.0028305000000000006
5,0.0233,0.0717,0.2633,0.8892,0.00167061
5,0.0583,0.045,0.5675,0.7192,0.0026235
1,0.0383,0.0467,0.3342,0.26,0.00178861
1,0.0733,0.04,0.6933,0.2183,0.002932
1,0.0417,0.095,0.8308,0.8342,0.0039615
2,0.0717,0.0867,0.2742,0.6,0.00621639
2,0.0883,0.105,0.3575,0.8858,0.0092715
2,0.0633,0.0783,0.595,0.6358,0.004956389999999999
2,0.0483,0.0583,0.6125,0.2225,0.00281589
5,0.1048,0.1015,0.5366,0.8411,0.010637200000000001
5,0.0817,0.035,0.6925,0.2592,0.0028595
5,0.0283,0.0717,0.4392,0.9625,0.0020291099999999998
5,0.0333,0.0617,0.69,0.8525,0.00205461
4,0.04,0.035,0.7733,0.7375,0.0014000000000000002
4,0.035,0.0283,0.7025,0.9775,0.0009905
5,0.0433,0.0817,0.7117,0.0525,0.0035376099999999996
0,0.0433,0.0732,0.8153,0.1913,0.00316956
0,0.0399,0.0582,0.3927,0.6231,0.00232218
1,0.055,0.0367,0.4742,0.8383,0.0020185000000000003
4,0.03,0.0333,0.7183,0.0533,0.000999
4,0.03,0.04,0.31,0.1233,0.0012
3,0.0533,0.0533,0.7733,0.8917,0.00284089
3,0.0517,0.0417,0.1142,0.3292,0.00215589
3,0.0533,0.0483,0.5017,0.7458,0.00257439
1,0.0366,0.0582,0.6556,0.6032,0.00213012
1,0.0466,0.0715,0.3894,0.5183,0.0033319
5,0.03,0.0549,0.4742,0.1922,0.0016469999999999998
5,0.0699,0.0433,0.9235,0.7438,0.00302667
5,0.0532,0.0616,0.5591,0.3669,0.00327712
5,0.0732,0.0383,0.2729,0.2155,0.00280356
2,0.0466,0.0516,0.1581,0.4601,0.00240456
2,0.0433,0.0433,0.6033,0.6583,0.00187489
1,0.0333,0.055,0.43,0.2442,0.0018315000000000002
1,0.0367,0.065,0.3067,0.2608,0.0023855000000000005
0,0.0417,0.0367,0.6992,0.7533,0.0015303900000000002
0,0.0417,0.0333,0.7075,0.385,0.0013886100000000002
0,0.065,0.0433,0.6158,0.1867,0.0028145
5,0.0367,0.0933,0.0283,0.2217,0.00342411
5,0.0467,0.0483,0.5567,0.4925,0.00225561
5,0.0383,0.08,0.6292,0.715,0.0030640000000000003
4,0.0682,0.0399,0.8544,0.2829,0.0027211799999999997
4,0.0466,0.0666,0.6772,0.0349,0.0031035600000000004
4,0.0582,0.0865,0.3369,0.5724,0.005034299999999999
4,0.0732,0.0699,0.2346,0.8053,0.00511668
0,0.0417,0.0533,0.7558,0.8167,0.00222261
0,0.0433,0.035,0.6233,0.9492,0.0015155000000000001
4,0.0317,0.0183,0.9525,0.1858,0.00058011
4,0.03,0.0333,0.1517,0.3867,0.000999
4,0.0333,0.025,0.8733,0.6875,0.0008325000000000001
5,0.04,0.025,0.7567,0.4292,0.001
5,0.0633,0.03,0.2017,0.4,0.0018989999999999999
3,0.0599,0.0532,0.4626,0.7854,0.00318668
3,0.0582,0.0549,0.708,0.6681,0.00319518
2,0.0417,0.0417,0.4392,0.5992,0.00173889
2,0.0467,0.05,0.2283,0.9067,0.002335
1,0.0433,0.0815,0.2729,0.0757,0.00352895
1,0.0632,0.0466,0.1547,0.416,0.0029451200000000003
4,0.0483,0.055,0.6875,0.7542,0.0026565
0,0.0533,0.0483,0.1833,0.0642,0.00257439
1,0.0783,0.0633,0.1658,0.5117,0.004956389999999999
1,0.0883,0.0583,0.8808,0.2542,0.00514789
1,0.065,0.085,0.5258,0.9458,0.005525
0,0.0499,0.0266,0.2696,0.797,0.00132734
2,0.0333,0.0383,0.73,0.9742,0.0012753900000000002
0,0.0632,0.0649,0.777,0.8727,0.004101680000000001
3,0.0616,0.0666,0.4767,0.599,0.004102560000000001
3,0.0632,0.1364,0.0832,0.6972,0.00862048
3,0.0366,0.0765,0.2762,0.0782,0.0027999
3,0.0632,0.0732,0.4443,0.1664,0.00462624
1,0.0417,0.08,0.3275,0.07,0.003336
1,0.0867,0.055,0.2117,0.3558,0.0047685
4,0.0217,0.0217,0.3375,0.3142,0.00047089
4,0.025,0.0217,0.2825,0.5692,0.0005425
0,0.0567,0.045,0.78,0.4175,0.0025515
0,0.05,0.0617,0.9733,0.2742,0.003085
0,0.0633,0.065,0.4067,0.1842,0.0041145
0,0.0617,0.04,0.6358,0.8083,0.002468
0,0.0433,0.0433,0.0667,0.2883,0.00187489
0,0.05,0.03,0.36,0.0167,0.0015
4,0.03,0.0283,0.3561,0.6597,0.0008489999999999999
4,0.0433,0.045,0.315,0.4675,0.0019485
4,0.0383,0.0517,0.6125,0.6008,0.00198011
5,0.0649,0.0433,0.317,0.6389,0.00281017
3,0.0517,0.08,0.3958,0.955,0.004136
3,0.0517,0.0517,0.7892,0.7242,0.0026728900000000002
2,0.0517,0.0483,0.9175,0.4592,0.0024971100000000003
2,0.05,0.0483,0.545,0.4575,0.0024150000000000005
2,0.0682,0.0666,0.2438,0.0349,0.00454212
5,0.0483,0.0217,0.3892,0.7808,0.00104811
0,0.05,0.055,0.4167,0.5608,0.0027500000000000003
0,0.055,0.05,0.5608,0.8733,0.0027500000000000003
0,0.045,0.0733,0.8475,0.81,0.0032985
3,0.045,0.0617,0.3892,0.3292,0.0027765
3,0.0483,0.05,0.4725,0.655,0.0024150000000000005
2,0.0583,0.0633,0.7758,0.685,0.0036903899999999996
3,0.06,0.045,0.86,0.4675,0.0026999999999999997
3,0.1117,0.0433,0.6492,0.6983,0.00483661
3,0.0417,0.0483,0.9525,0.7008,0.00201411
5,0.0782,0.0349,0.4101,0.5915,0.0027291800000000003
4,0.0283,0.0333,0.0158,0.8333,0.0009423900000000001
0,0.0317,0.0467,0.5892,0.025,0.0014803899999999998
0,0.0517,0.0317,0.8825,0.4492,0.00163889
3,0.0383,0.05,0.5625,0.2033,0.001915
0,0.0333,0.0367,0.185,0.7017,0.0012221100000000002
0,0.0333,0.03,0.4717,0.3217,0.000999
2,0.0599,0.0666,0.4143,0.7404,0.003989340000000001
2,0.0599,0.0682,0.4193,0.2537,0.00408518
2,0.0532,0.0433,0.2529,0.5541,0.0023035599999999996
0,0.0416,0.0366,0.6314,0.7804,0.00152256
1,0.0566,0.0433,0.411,0.6656,0.0024507799999999996
1,0.0349,0.0549,0.3619,0.2055,0.00191601
3,0.0483,0.0516,0.8694,0.1323,0.00249228
4,0.0233,0.0233,0.665,0.0633,0.0005428900000000001
4,0.02,0.0333,0.23,0.7633,0.000666
3,0.0567,0.0483,0.2283,0.8192,0.0027386100000000003
3,0.045,0.0367,0.2542,0.5517,0.0016515000000000002
3,0.0433,0.0317,0.0683,0.7975,0.0013726099999999998
3,0.045,0.035,0.0875,0.9158,0.001575
2,0.0333,0.0366,0.5907,0.599,0.00121878
2,0.0383,0.0333,0.0491,0.4409,0.0012753900000000002
2,0.0449,0.0499,0.3303,0.198,0.0022405100000000002
5,0.0617,0.06,0.1225,0.895,0.0037019999999999996
1,0.0433,0.0749,0.9185,0.3519,0.0032431699999999996
3,0.0867,0.0717,0.2633,0.9158,0.00621639
5,0.0467,0.05,0.6217,0.4167,0.002335
5,0.12,0.0283,0.5767,0.4792,0.0033959999999999997
5,0.1133,0.0317,0.2867,0.7708,0.00359161
5,0.0683,0.0317,0.8308,0.5525,0.00216511
4,0.06,0.0633,0.2267,0.4117,0.0037979999999999997
4,0.06,0.0433,0.47,0.23,0.0025979999999999996
5,0.09,0.0583,0.3967,0.9558,0.005247
5,0.0732,0.025,0.4426,0.7962,0.00183
2,0.0433,0.0399,0.0532,0.6855,0.00172767
2,0.0417,0.055,0.2958,0.1075,0.0022935
2,0.0467,0.0417,0.84,0.5408,0.00194739
1,0.0317,0.0467,0.6675,0.0517,0.0014803899999999998
1,0.0333,0.065,0.34,0.2392,0.0021645
4,0.04,0.0433,0.2217,0.3483,0.001732
4,0.0333,0.0283,0.7633,0.1708,0.0009423900000000001
3,0.0383,0.0466,0.7795,0.7854,0.0017847800000000001
3,0.0333,0.0449,0.5341,0.5998,0.0014951700000000003
3,0.0516,0.0466,0.5399,0.2629,0.00240456
3,0.0366,0.0466,0.416,0.619,0.00170556
3,0.0366,0.0416,0.2213,0.48,0.00152256
0,0.0416,0.0349,0.6681,0.9792,0.00145184
2,0.0683,0.05,0.0808,0.215,0.003415
2,0.0667,0.0533,0.3067,0.5933,0.0035551099999999998
0,0.04,0.0717,0.8133,0.9108,0.002868
4,0.0417,0.0367,0.7258,0.9017,0.0015303900000000002
4,0.0367,0.0417,0.615,0.9308,0.0015303900000000002
4,0.04,0.0417,0.74,0.5842,0.001668
5,0.0667,0.035,0.3683,0.0425,0.0023345
5,0.03,0.0783,0.5867,0.2192,0.002349
5,0.04,0.0933,0.1933,0.105,0.0037319999999999996
5,0.0367,0.0667,0.2967,0.4367,0.00244789
5,0.045,0.0433,0.0242,0.3617,0.0019485
0,0.0699,0.0333,0.7221,0.7138,0.0023276700000000004
0,0.0516,0.0316,0.6448,0.2371,0.00163056
0,0.0649,0.0283,0.2854,0.3918,0.0018366699999999999
2,0.0566,0.0466,0.4276,0.3561,0.00263756
4,0.0283,0.0366,0.4301,0.0849,0.00103578
4,0.03,0.0416,0.1664,0.4567,0.001248
5,0.0617,0.02,0.9675,0.32,0.001234
0,0.045,0.0333,0.3375,0.545,0.0014985
1,0.0599,0.0715,0.9667,0.2604,0.0042828499999999995
1,0.0532,0.0865,0.1498,0.614,0.0046018
1,0.0649,0.0849,0.8045,0.4002,0.00551001
0,0.0333,0.0516,0.3161,0.9476,0.0017182800000000002
3,0.0948,0.1032,0.7313,0.6872,0.00978336
3,0.0399,0.0915,0.0216,0.6331,0.0036508499999999998
5,0.0316,0.0799,0.8394,0.2063,0.0025248400000000004
5,0.0499,0.0532,0.7438,0.3527,0.00265468
5,0.0483,0.045,0.4292,0.4525,0.0021735
5,0.0583,0.0517,0.6542,0.1125,0.00301411
5,0.04,0.075,0.6033,0.6258,0.003
1,0.0666,0.0449,0.3943,0.4384,0.0029903400000000006
1,0.0599,0.0416,0.2662,0.1755,0.00249184
5,0.0233,0.075,0.5117,0.9425,0.0017475000000000001
5,0.0417,0.0283,0.8975,0.2225,0.00118011
5,0.0533,0.0233,0.9667,0.7333,0.00124189
5,0.0732,0.0283,0.5358,0.3686,0.00207156
5,0.0865,0.025,0.3943,0.4301,0.0021625
5,0.0632,0.0216,0.4825,0.0441,0.0013651200000000003
1,0.0416,0.0682,0.683,0.3935,0.00283712
1,0.0616,0.03,0.3569,0.9052,0.001848
1,0.0499,0.0333,0.9717,0.0449,0.00166167
1,0.0467,0.0617,0.28,0.9308,0.0028813899999999997
1,0.0317,0.0817,0.4158,0.8525,0.0025898899999999996
4,0.0433,0.035,0.4,0.5975,0.0015155000000000001
5,0.0883,0.0517,0.3725,0.8925,0.004565110000000001
5,0.0683,0.0633,0.6525,0.155,0.00432339
1,0.065,0.035,0.2408,0.6742,0.002275
5,0.025,0.0467,0.6975,0.38,0.0011675
5,0.0217,0.065,0.5792,0.1842,0.0014105
0,0.04,0.0567,0.8117,0.47,0.002268
0,0.0367,0.05,0.9117,0.29,0.0018350000000000003
0,0.055,0.0567,0.4158,0.2017,0.0031185
4,0.04,0.0333,0.7667,0.6333,0.001332
4,0.0467,0.0383,0.76,0.0392,0.00178861
0,0.0233,0.0417,0.5033,0.9575,0.00097161
0,0.0517,0.0267,0.4958,0.2317,0.0013803900000000002
0,0.0767,0.0583,0.8967,0.2058,0.00447161
0,0.0467,0.0517,0.7183,0.8525,0.00241439
0,0.0683,0.0783,0.4825,0.7025,0.005347889999999999
2,0.0466,0.0349,0.6739,0.0574,0.0016263400000000002
2,0.0433,0.0433,0.6473,0.3827,0.00187489
5,0.0683,0.025,0.8575,0.5642,0.0017075
3,0.0267,0.0633,0.015,0.6817,0.0016901099999999999
0,0.0433,0.0433,0.2646,0.7121,0.00187489
0,0.0549,0.0416,0.5183,0.4534,0.0022838399999999997
5,0.0383,0.0983,0.8842,0.3908,0.00376489
5,0.145,0.05,0.2092,0.4983,0.0072499999999999995
5,0.035,0.06,0.9808,0.08,0.0021000000000000003
1,0.025,0.065,0.8025,0.5625,0.0016250000000000001
1,0.03,0.0567,0.275,0.9633,0.001701
1,0.0483,0.0982,0.0474,0.6431,0.00474306
4,0.04,0.0533,0.045,0.5967,0.002132
4,0.0433,0.0633,0.2533,0.47,0.0027408899999999997
4,0.0467,0.09,0.18,0.1233,0.004203
4,0.0583,0.0633,0.0642,0.3633,0.0036903899999999996
5,0.0283,0.0599,0.4285,0.7404,0.00169517
5,0.0333,0.0532,0.5724,0.2329,0.0017715600000000001
2,0.0583,0.0583,0.6142,0.5225,0.00339889
5,0.1067,0.1017,0.4617,0.1592,0.01085139
0,0.05,0.0383,0.63,0.2775,0.001915
0,0.0283,0.0567,0.1442,0.77,0.00160461
0,0.0483,0.0467,0.7825,0.8717,0.00225561
3,0.0683,0.0533,0.4925,0.555,0.00364039
3,0.0333,0.0917,0.725,0.5042,0.0030536100000000004
3,0.0417,0.08,0.7258,0.9583,0.003336
5,0.055,0.0617,0.3675,0.2875,0.0033935
5,0.0783,0.03,0.2058,0.8233,0.002349
5,0.0517,0.0483,0.3525,0.9192,0.0024971100000000003
4,0.0367,0.035,0.2583,0.2308,0.0012845000000000003
4,0.0333,0.0317,0.3283,0.3825,0.00105561
4,0.0367,0.0367,0.75,0.2183,0.0013468900000000003
2,0.035,0.0333,0.0192,0.1367,0.0011655000000000003
2,0.04,0.0417,0.2233,0.9775,0.001668
2,0.0567,0.065,0.3783,0.1575,0.0036855
2,0.0483,0.0467,0.9358,0.025,0.00225561
5,0.065,0.0333,0.3725,0.3767,0.0021645
4,0.04,0.03,0.61,0.485,0.0012
4,0.0317,0.0283,0.1525,0.4192,0.0008971099999999999
4,0.0317,0.0283,0.2292,0.5942,0.0008971099999999999
4,0.0267,0.0383,0.4883,0.4958,0.00102261
5,0.0717,0.0467,0.0725,0.85,0.0033483899999999997
1,0.07,0.0317,0.9333,0.7258,0.002219
0,0.0583,0.0333,0.3258,0.4983,0.00194139
0,0.0383,0.0417,0.4958,0.8475,0.0015971100000000001
0,0.0333,0.0333,0.705,0.36,0.0011088900000000002
5,0.0316,0.1215,0.292,0.6381,0.0038394
5,0.0316,0.1298,0.4717,0.3012,0.004101680000000001
5,0.0416,0.1348,0.7313,0.5782,0.00560768
3,0.0533,0.0417,0.9517,0.3325,0.00222261
5,0.0433,0.0666,0.4592,0.4592,0.0028837800000000003
5,0.0632,0.0383,0.0749,0.2354,0.0024205600000000004
5,0.0649,0.0466,0.1556,0.4659,0.00302434
3,0.1017,0.0933,0.6875,0.2667,0.00948861
3,0.09,0.04,0.6333,0.9783,0.0036
4,0.0317,0.03,0.6825,0.345,0.0009509999999999999
5,0.0383,0.08,0.3008,0.2517,0.0030640000000000003
5,0.085,0.035,0.0658,0.3658,0.0029750000000000006
3,0.1015,0.1298,0.5782,0.3777,0.013174700000000001
3,0.1215,0.0932,0.53,0.1564,0.0113238
1,0.0533,0.0667,0.6,0.5283,0.0035551099999999998
1,0.045,0.0567,0.2742,0.4267,0.0025515
2,0.0317,0.0383,0.1325,0.0225,0.00121411
2,0.035,0.0383,0.4058,0.0225,0.0013405000000000001
2,0.0333,0.04,0.0967,0.32,0.001332
5,0.1017,0.0483,0.0625,0.9358,0.00491211
5,0.07,0.0667,0.085,0.8067,0.004669
2,0.04,0.0417,0.6517,0.3892,0.001668
3,0.0383,0.0499,0.4368,0.797,0.00191117
0,0.0633,0.0617,0.8967,0.4425,0.0039056099999999995
0,0.0533,0.06,0.5233,0.29,0.003198
2,0.0449,0.0466,0.8677,0.1448,0.0020923400000000003
5,0.0317,0.0683,0.5192,0.2375,0.00216511
5,0.04,0.0583,0.715,0.1875,0.002332
5,0.0283,0.0583,0.7992,0.5375,0.0016498899999999998
1,0.03,0.0433,0.594,0.5308,0.0012989999999999998
0,0.0617,0.0233,0.4292,0.56,0.00143761
0,0.075,0.0433,0.6042,0.3533,0.0032475
0,0.025,0.0516,0.7429,0.926,0.0012900000000000001
0,0.025,0.0549,0.5516,0.5266,0.0013725
3,0.0633,0.0567,0.405,0.6817,0.00358911
4,0.0283,0.0333,0.5525,0.1683,0.0009423900000000001
4,0.0333,0.0333,0.5117,0.9367,0.0011088900000000002
3,0.0649,0.0582,0.683,0.5982,0.00377718
3,0.0582,0.0433,0.53,0.6106,0.00252006
3,0.0433,0.0416,0.7105,0.6681,0.00180128
1,0.0417,0.0833,0.4542,0.6017,0.0034736100000000002
1,0.0417,0.0667,0.1908,0.735,0.00278139
3,0.0366,0.0483,0.5075,0.4501,0.00176778
0,0.0267,0.05,0.6267,0.2217,0.0013350000000000002
0,0.0283,0.0667,0.3142,0.6917,0.0018876099999999999
3,0.125,0.095,0.6825,0.8425,0.011875
3,0.12,0.0967,0.7517,0.355,0.011604
2,0.0467,0.04,0.92,0.685,0.0018679999999999999
5,0.05,0.04,0.0267,0.5517,0.002
5,0.0367,0.0933,0.3617,0.7917,0.00342411
5,0.0867,0.04,0.8017,0.1217,0.003468
5,0.1,0.0367,0.1433,0.2217,0.0036700000000000005
1,0.0532,0.025,0.6589,0.2737,0.00133
1,0.0383,0.0815,0.1439,0.1539,0.00312145
1,0.0266,0.0616,0.2962,0.1489,0.00163856
5,0.0417,0.0817,0.0975,0.3625,0.0034068899999999997
5,0.0617,0.07,0.8542,0.655,0.004319
5,0.04,0.0817,0.2117,0.9575,0.003268
5,0.0667,0.035,0.6567,0.4108,0.0023345
3,0.055,0.0367,0.6558,0.2,0.0020185000000000003
3,0.0467,0.0533,0.2083,0.55,0.00248911
3,0.0517,0.0433,0.4075,0.3533,0.00223861
3,0.0467,0.0467,0.5433,0.0917,0.00218089
4,0.0483,0.0416,0.8561,0.713,0.00200928
4,0.0349,0.0632,0.9792,0.589,0.0022056800000000002
4,0.03,0.025,0.5833,0.5658,0.00075
4,0.0467,0.0333,0.5167,0.6233,0.0015551100000000002
3,0.05,0.0417,0.2867,0.1842,0.002085
3,0.0567,0.055,0.2617,0.3375,0.0031185
3,0.045,0.0467,0.4492,0.5667,0.0021015
2,0.0433,0.0417,0.055,0.8808,0.00180561
2,0.05,0.055,0.5517,0.5225,0.0027500000000000003
2,0.0433,0.0433,0.3033,0.295,0.00187489
1,0.1,0.0533,0.0567,0.575,0.0053300000000000005
1,0.0517,0.055,0.2075,0.4975,0.0028435
1,0.0417,0.0883,0.7242,0.6192,0.00368211
1,0.0733,0.0417,0.3517,0.7458,0.0030566100000000004
1,0.0567,0.0383,0.5267,0.4342,0.00217161
1,0.0367,0.075,0.6567,0.5825,0.0027525
1,0.0817,0.045,0.6008,0.1308,0.0036764999999999996
0,0.0583,0.0217,0.2958,0.6642,0.00126511
0,0.02,0.0367,0.1233,0.98,0.0007340000000000001
0,0.02,0.06,0.6233,0.685,0.0012
4,0.0483,0.035,0.4508,0.2075,0.0016905000000000002
4,0.03,0.0367,0.1317,0.3667,0.001101
1,0.0567,0.06,0.6183,0.45,0.003402
1,0.0833,0.055,0.73,0.2408,0.0045815
1,0.095,0.05,0.2975,0.8133,0.004750000000000001
1,0.045,0.0883,0.2125,0.1958,0.0039735
0,0.0483,0.0333,0.9725,0.589,0.0016083900000000003
0,0.0333,0.0532,0.5491,0.8819,0.0017715600000000001
5,0.0317,0.095,0.8725,0.2442,0.0030115
5,0.0317,0.0633,0.7592,0.9467,0.00200661
5,0.11,0.0333,0.8667,0.2133,0.0036630000000000005
5,0.11,0.02,0.5267,0.2817,0.0022
5,0.1433,0.035,0.095,0.2842,0.005015500000000001
0,0.0383,0.0599,0.1256,0.1032,0.0022941700000000003
4,0.0316,0.0333,0.2022,0.7671,0.0010522800000000003
0,0.0367,0.0533,0.13,0.4167,0.00195611
0,0.0367,0.035,0.635,0.3908,0.0012845000000000003
1,0.05,0.065,0.44,0.1575,0.0032500000000000003
1,0.04,0.0767,0.175,0.4267,0.0030680000000000004
4,0.0383,0.0399,0.2887,0.3927,0.00152817
4,0.0316,0.0366,0.292,0.6173,0.00115656
1,0.0333,0.0817,0.415,0.7092,0.00272061
1,0.0333,0.0583,0.7717,0.0842,0.00194139
5,0.11,0.03,0.8717,0.3217,0.0033
5,0.0233,0.0533,0.74,0.3833,0.00124189
2,0.0717,0.0767,0.5508,0.0833,0.005499390000000001
4,0.0367,0.04,0.1417,0.055,0.0014680000000000001
2,0.0433,0.0449,0.8153,0.8095,0.00194417
2,0.0399,0.0499,0.8053,0.2013,0.00199101
4,0.0333,0.035,0.2867,0.5908,0.0011655000000000003
4,0.03,0.0317,0.135,0.6608,0.0009509999999999999
3,0.0466,0.0516,0.6772,0.5915,0.00240456
3,0.0483,0.0532,0.7679,0.3927,0.00256956
1,0.0483,0.0732,0.525,0.4576,0.00353556
1,0.0466,0.0599,0.6722,0.7837,0.0027913400000000002
2,0.0483,0.0483,0.5815,0.8777,0.0023328900000000002
1,0.08,0.09,0.2133,0.62,0.0072
1,0.0883,0.0733,0.4742,0.735,0.006472390000000001
1,0.0517,0.0733,0.6475,0.0883,0.0037896100000000005
1,0.0667,0.0533,0.28,0.0283,0.0035551099999999998
3,0.0749,0.0832,0.1589,0.1414,0.006231679999999999
3,0.0666,0.0749,0.3394,0.1672,0.00498834
1,0.0417,0.0817,0.1458,0.0425,0.0034068899999999997
1,0.0683,0.0533,0.1675,0.2933,0.00364039
2,0.0366,0.0399,0.1498,0.3877,0.0014603399999999999
2,0.0449,0.0449,0.3469,0.5899,0.0020160100000000004
2,0.0383,0.0433,0.3619,0.3344,0.00165839
4,0.0267,0.025,0.85,0.5392,0.0006675000000000001
4,0.0283,0.03,0.5142,0.6133,0.0008489999999999999
3,0.07,0.055,0.8117,0.9708,0.0038500000000000006
3,0.1167,0.0867,0.6117,0.325,0.01011789
0,0.0466,0.0333,0.6689,0.5092,0.0015517800000000002
0,0.0433,0.0283,0.025,0.51,0.0012253899999999998
2,0.0633,0.0683,0.05,0.3642,0.00432339
2,0.0617,0.0733,0.5325,0.2433,0.00452261
5,0.0317,0.0817,0.3108,0.9575,0.0025898899999999996
5,0.0617,0.055,0.8542,0.0708,0.0033935
5,0.0367,0.0383,0.02,0.1075,0.00140561
2,0.05,0.045,0.5317,0.9275,0.00225
2,0.0266,0.0433,0.9834,0.8902,0.0011517799999999998
1,0.0732,0.0383,0.7221,0.9742,0.00280356
1,0.0366,0.0333,0.7654,0.6922,0.00121878
1,0.0733,0.0417,0.3517,0.0792,0.0030566100000000004
2,0.035,0.065,0.0192,0.6558,0.002275
0,0.0499,0.0399,0.5391,0.8153,0.00199101
0,0.0499,0.0366,0.7255,0.3128,0.00182634
0,0.0616,0.0466,0.5466,0.6206,0.0028705600000000003
0,0.0449,0.0433,0.5033,0.975,0.00194417
0,0.0516,0.0732,0.3319,0.1131,0.00377712
0,0.0699,0.0599,0.8902,0.827,0.0041870100000000006
5,0.0667,0.04,0.36,0.1,0.002668
3,0.1,0.1233,0.345,0.645,0.01233
3,0.1,0.0917,0.7583,0.3008,0.009170000000000001
3,0.1133,0.1,0.5867,0.86,0.01133
1,0.0733,0.04,0.3,0.6417,0.002932
0,0.035,0.0333,0.7875,0.8183,0.0011655000000000003
0,0.03,0.0317,0.4833,0.3125,0.0009509999999999999
4,0.0367,0.0267,0.6183,0.0433,0.0009798900000000002
4,0.035,0.0317,0.3542,0.2292,0.0011095
0,0.0533,0.0317,0.16,0.7875,0.00168961
4,0.0316,0.03,0.6681,0.5408,0.0009480000000000001
4,0.0349,0.025,0.5932,0.8394,0.0008725
4,0.0466,0.025,0.3461,0.9126,0.001165
4,0.0233,0.0349,0.2346,0.0757,0.0008131700000000001
1,0.06,0.0883,0.22,0.1142,0.005298
1,0.1217,0.05,0.7208,0.81,0.006085
1,0.0433,0.08,0.3967,0.43,0.003464
2,0.075,0.075,0.6158,0.6025,0.005625
2,0.065,0.08,0.0742,0.5967,0.005200000000000001
4,0.0317,0.0333,0.1292,0.2333,0.00105561
4,0.0367,0.0433,0.185,0.1217,0.0015891100000000001
3,0.0667,0.06,0.4417,0.7483,0.0040019999999999995
3,0.07,0.07,0.4483,0.3417,0.004900000000000001
3,0.055,0.0267,0.2875,0.985,0.0014685000000000002
2,0.03,0.0399,0.8353,0.406,0.001197
2,0.0399,0.0399,0.5158,0.0732,0.0015920099999999998
2,0.0399,0.0316,0.3511,0.4368,0.00126084
0,0.0533,0.0567,0.7767,0.6767,0.00302211
0,0.0533,0.0317,0.6933,0.4542,0.00168961
2,0.0567,0.0533,0.6683,0.175,0.00302211
2,0.07,0.0583,0.5767,0.1108,0.004081
2,0.0567,0.0567,0.97,0.365,0.00321489
5,0.04,0.1683,0.2633,0.4208,0.006732
5,0.0383,0.1317,0.5642,0.5158,0.005044110000000001
3,0.08,0.0667,0.1933,0.7533,0.005336
2,0.0599,0.0549,0.4276,0.0291,0.00328851
2,0.0467,0.05,0.5417,0.25,0.002335
0,0.035,0.0583,0.1292,0.9242,0.0020405
0,0.0567,0.035,0.2267,0.5242,0.0019845
1,0.055,0.0817,0.2308,0.6425,0.0044935
5,0.1033,0.035,0.9467,0.8308,0.0036155000000000007
1,0.0367,0.0733,0.7317,0.4833,0.0026901100000000003
1,0.0683,0.0467,0.4275,0.53,0.00318961
1,0.0383,0.035,0.5025,0.9808,0.0013405000000000001
1,0.05,0.0317,0.9717,0.5008,0.001585
1,0.0367,0.0733,0.4417,0.1667,0.0026901100000000003
4,0.03,0.035,0.5017,0.7208,0.0010500000000000002
